nombre,genero,artista,idioma,anio,rating,verificacion
Revenge,Rock argentino,London After Midnight,Español,1992,10.0,verificado
Claire's Horrors,Rock argentino,London After Midnight,Español,1990,10.0,verificado
Crankcase Blues,Rock argentino,Mudhoney,Español,1995,10.0,verificado
Theatre of Pain (demo),Rock argentino,Blind Guardian,Español,1992,10.0,verificado
Sex Drive,Rock argentino,W.A.S.P.,Español,1997,10.0,verificado
Shoot From the Hip,Rock argentino,W.A.S.P.,Español,1997,10.0,verificado
Nada es fácil sin tu amor,Rock argentino,Rata Blanca,Español,1991,10.0,verificado
Widowmaker,Rock argentino,W.A.S.P.,Español,1997,10.0,verificado
Highway Star,Rock argentino,Deep Purple,Español,1993,10.0,verificado
Little by Little,Rock argentino,Alice Cooper,Español,1991,10.0,verificado
Thunder & Lightning,Rock argentino,Gamma,Español,1992,10.0,verificado
Dirty Dreams,Rock argentino,Alice Cooper,Español,1991,10.0,verificado
Smoke on the Water,Rock argentino,Deep Purple,Español,1993,10.0,verificado
Backstreet Crawler,Rock argentino,Lynyrd Skynyrd,Español,1991,10.0,verificado
An Englishman on Holiday,Rock argentino,Thunder,Español,1990,10.0,verificado
Here for You,Rock argentino,FireHouse,Español,1996,10.0,verificado
Favor for a Favor,Rock argentino,Nas,Español,1999,10.0,verificado
Ain’t No Way,Rock argentino,DMX,Español,1998,10.0,verificado
My Niggas (skit),Rock argentino,DMX,Español,1998,10.0,verificado
Dogs for Life,Rock argentino,DMX,Español,1998,10.0,verificado
Heat,Rock argentino,DMX,Español,1998,10.0,verificado
Do the Funky Chicken,Rock argentino,Rufus Thomas,Español,1990,10.0,verificado
The Prayer (Priyè-a),Rock argentino,Jephté Guillaume,Español,1998,10.0,verificado
Lover,Rock argentino,Whigfield,Español,1997,10.0,verificado
Your Loving Arms,Rock argentino,Billie Ray Martin,Español,1995,10.0,verificado
Enter the Scene (radio edit),Rock argentino,DJ Supreme,Español,1997,10.0,verificado
Rave to the Joy,Rock argentino,Opus Magnum,Español,1992,10.0,verificado
Rave Alarm,Rock argentino,Praga Khan,Español,1991,10.0,verificado
Quantensprung 1,Rock argentino,S.O.L.,Español,1999,10.0,verificado
Kumbala,Rock argentino,Maldita Vecindad y Los Hijos del Quinto Patio,Español,1991,10.0,verificado
Triste canción de amor,Rock argentino,La Renga,Español,1994,10.0,verificado
Mozo,Rock argentino,Organización X,Español,1997,10.0,verificado
Sultans of Swing,Rock,Dire Straits,Inglés,1995,10.0,verificado
Long Road,Grunge,Pearl Jam,Inglés,1995,10.0,verificado
Ace of Spades,Grunge,Drain STH,Inglés,1998,10.0,verificado
The Money Will Roll Right In,Grunge,Mudhoney,Inglés,1992,10.0,verificado
Sonic Reducer,Grunge,Pearl Jam,Inglés,1992,10.0,verificado
Intro,Grunge,Pearl Jam,Inglés,1992,10.0,verificado
Orange Ball‐Peen Hammer,Grunge,Mudhoney,Inglés,1995,10.0,verificado
Imbuya,Grunge,Butthole Surfers,Inglés,1998,10.0,verificado
Let Me Sleep,Grunge,Pearl Jam,Inglés,1991,10.0,verificado
Jeremy,Grunge,Pearl Jam,Inglés,1992,10.0,verificado
I Hate Myself and Want to Die,Grunge,Nirvana,Inglés,1994,10.0,verificado
F.D.K. (Fearless Doctor Killers),Grunge,Mudhoney,Inglés,1995,10.0,verificado
"Judgment, Rage, Retribution and Thyme",Grunge,Mudhoney,Inglés,1995,10.0,verificado
Execution Style,Grunge,Mudhoney,Inglés,1995,10.0,verificado
Today Is a Good Day,Grunge,Mudhoney,Inglés,1995,10.0,verificado
Make It Now Again,Grunge,Mudhoney,Inglés,1993,10.0,verificado
Opinion,Grunge,Nirvana,Inglés,1994,10.0,verificado
I've Seen You Before,Grunge,Screaming Trees,Inglés,1990,10.0,verificado
You Stupid Asshole,Grunge,Mudhoney,Inglés,1991,10.0,verificado
Buy this Tape,Grunge,The Erm,Inglés,1999,10.0,verificado
Olympic Platinum,Grunge,Pearl Jam,Inglés,1996,10.0,verificado
Pain in My Heart,Grunge,Babes in Toyland,Inglés,1990,10.0,verificado
Bitch,Grunge,Goo Goo Dolls,Inglés,1993,10.0,verificado
Into Yer Shtik,Grunge,Mudhoney,Inglés,1995,10.0,verificado
In My Finest Suit,Grunge,Mudhoney,Inglés,1995,10.0,verificado
woC eht rehtorB yM,Grunge,Mudhoney,Inglés,1995,10.0,verificado
Alone,Grunge,Pearl Jam,Inglés,1993,10.0,verificado
Who You Are,Grunge,Pearl Jam,Inglés,1996,10.0,verificado
"Black, Red, Yellow",Grunge,Pearl Jam,Inglés,1996,10.0,verificado
Ramblings Continued,Grunge,Pearl Jam,Inglés,1992,10.0,verificado
What Moves the Heart?,Grunge,Mudhoney,Inglés,1995,10.0,verificado
Dissolve,Grunge,Mudhoney,Inglés,1995,10.0,verificado
1995,Grunge,Mudhoney,Inglés,1995,10.0,verificado
You Talk Sunshine I Breathe Fire (mono),Hard rock,The Amboy Dukes,Inglés,1993,10.0,verificado
Blood on the Land,Hard rock,Kingdom Come,Inglés,1991,10.0,verificado
Hands of Time,Hard rock,Kingdom Come,Inglés,1991,10.0,verificado
Borrowed Time,Hard rock,GUN,Inglés,1992,10.0,verificado
Freedom,Hard rock,GUN,Inglés,1992,10.0,verificado
Shoot Shoot,Hard rock,UFO,Inglés,1992,10.0,verificado
Stay,Hard rock,Kingdom Come,Inglés,1991,10.0,verificado
Hit & Run,Hard rock,Vain,Inglés,1993,10.0,verificado
Hollow & Spin,Hard rock,Vain,Inglés,1995,10.0,verificado
Long Time Ago,Hard rock,Vain,Inglés,1993,10.0,verificado
Powder Blue,Hard rock,Vain,Inglés,1995,10.0,verificado
Breakdown,Hard rock,Vain,Inglés,1993,10.0,verificado
Facts of Life,Hard rock,Billy Squier,Inglés,1991,10.0,verificado
Generator,Hard rock,Mother’s Finest,Inglés,1992,10.0,verificado
Whole Lotta Rosie,Hard rock,Stephen Pearcy,Inglés,1997,10.0,verificado
Stand By,Hard rock,doubleDrive,Inglés,1999,10.0,verificado
Mirror Ball,Hard rock,Brother Cane,Inglés,1998,10.0,verificado
The Truth,Hard rock,Brother Cane,Inglés,1998,10.0,verificado
Lead My Follow,Hard rock,Brother Cane,Inglés,1998,10.0,verificado
Babylon,Hard rock,Frank Marino,Inglés,1990,10.0,verificado
Toussaint L’Overture,Hard rock,Santana,Inglés,1995,10.0,verificado
Solitaire,Hard rock,Deep Purple,Inglés,1993,10.0,verificado
Back Street Symphony,Hard rock,Thunder,Inglés,1990,10.0,verificado
God Gave Rock and Roll to You II,Hard rock,KISS,Inglés,1991,10.0,verificado
Mistreated,Hard rock,Deep Purple,Inglés,1996,10.0,verificado
You Fool No One,Hard rock,Deep Purple,Inglés,1996,10.0,verificado
Smoke on the Water / Georgia on My Mind,Hard rock,Deep Purple,Inglés,1995,10.0,verificado
79th and Sunset,Hard rock,Van Halen,Inglés,1996,10.0,verificado
On Fire,Hard rock,Van Halen,Inglés,1996,10.0,verificado
Gettin’ in Tune,Hard rock,The Who,Inglés,1996,10.0,verificado
Highway to Hell,Hard rock,Tiny Tim,Inglés,1995,10.0,verificado
Tonight (demo),Hard rock,Def Leppard,Inglés,1993,10.0,verificado
Miles From Boredom,Hard rock,Sammy Hagar,Inglés,1996,10.0,verificado
Power Underneath Despair,Hard rock,Blue Öyster Cult,Inglés,1997,10.0,verificado
Goin’ Blind,Hard rock,Dinosaur Jr.,Inglés,1994,10.0,verificado
Journey to the Center of Your Mind,Hard rock,The Amboy Dukes,Inglés,1993,10.0,verificado
L.P.F.,Hard rock,Mother’s Finest,Inglés,1992,10.0,verificado
Until My Dying Day,Hard rock,Thunder,Inglés,1990,10.0,verificado
Terminus Eldorado,Hard rock,Ted Nugent,Inglés,1993,10.0,verificado
Welcome to the Real World,Hard rock,GUN,Inglés,1992,10.0,verificado
Shirt,Hard rock,Mother’s Finest,Inglés,1992,10.0,verificado
Cry Baby,Hard rock,Mother’s Finest,Inglés,1992,10.0,verificado
Stop,Hard rock,Mother’s Finest,Inglés,1992,10.0,verificado
Girl’s Going Out of Her Head,Hard rock,Thunder,Inglés,1990,10.0,verificado
Let It Roll,Hard rock,UFO,Inglés,1996,10.0,verificado
Whisper,Hard rock,Vain,Inglés,1993,10.0,verificado
Family,Hard rock,Vain,Inglés,1993,10.0,verificado
Holdin' On,Hard rock,Vain,Inglés,1995,10.0,verificado
Layin' Low,Hard rock,Vain,Inglés,1995,10.0,verificado
The Wall,Hard rock,Mother’s Finest,Inglés,1992,10.0,verificado
Move (Get Outta My Way),Hard rock,Mother’s Finest,Inglés,1992,10.0,verificado
Warp to World 6-9,Hip hop,Benefit,Inglés,1999,10.0,verificado
Knock‐N‐Boots,Hip hop,Wreckx‐n‐Effect,Inglés,1992,10.0,verificado
808 Man,Hip hop,KMD,Inglés,1991,10.0,verificado
Fantastic 4,Hip hop,DJ Clue?,Inglés,1998,10.0,verificado
"End of Time / Do It, See It, Be It",Hip hop,Q‐Tip,Inglés,1999,10.0,verificado
Line 4 Line,Hip hop,Cella Dwellas,Inglés,1996,10.0,verificado
Super D.J. (Rock the House Party),Hip hop,Delinquent Habits,Inglés,1998,10.0,verificado
No Sunshine,Hip hop,Frost,Inglés,1992,10.0,verificado
Diesel,Hip hop,Wu‐Tang Clan,Inglés,1997,10.0,verificado
1 Adam 12,Hip hop,Delinquent Habits,Inglés,1998,10.0,verificado
Orphan of the Industry,Hip hop,Delinquent Habits,Inglés,1998,10.0,verificado
Diabolique,Hip hop,Godfather Don,Inglés,1998,10.0,verificado
Let Me Roll,Hip hop,Scarface,Inglés,1993,10.0,verificado
Mahogany,Hip hop,Eric B. & Rakim,Inglés,1990,10.0,verificado
Thankx for Sleepwalking,Hip hop,Naughty by Nature,Inglés,1991,10.0,verificado
Cops (skit),Rap,Tash,Inglés,1999,10.0,verificado
Behind Enemy Lines,Rap,dead prez,Inglés,1999,10.0,verificado
Police State,Rap,dead prez,Inglés,1999,10.0,verificado
Be Healthy,Rap,dead prez,Inglés,1999,10.0,verificado
It’s Bigger Than Hip‐Hop,Rap,dead prez,Inglés,1999,10.0,verificado
The Pistol,Rap,dead prez,Inglés,1999,10.0,verificado
Assassination,Rap,dead prez,Inglés,1999,10.0,verificado
Discipline,Rap,dead prez,Inglés,1999,10.0,verificado
Psychology,Rap,dead prez,Inglés,1999,10.0,verificado
Wolves,Rap,dead prez,Inglés,1999,10.0,verificado
We Want Freedom,Rap,dead prez,Inglés,1999,10.0,verificado
I’m a African,Rap,dead prez,Inglés,1999,10.0,verificado
You’ll Find a Way,Rap,dead prez,Inglés,1999,10.0,verificado
Happiness,Rap,dead prez,Inglés,1999,10.0,verificado
Cafe de Clouet,Funk,Galactic,Inglés,1998,10.0,verificado
"Change My Ways, Part 1",Funk,Galactic,Inglés,1998,10.0,verificado
Denny's Village Rundown,Funk,Galactic,Inglés,1998,10.0,verificado
Love on the Run,Funk,Galactic,Inglés,1998,10.0,verificado
Cuba Libre,Dance,Gigi D’Agostino,Inglés,1999,10.0,verificado
Love U More,Dance,Sunscreem,Inglés,1993,10.0,verificado
Let It All Out,House,Olav Basoski,Inglés,1996,10.0,verificado
Din Da Da,House,George Kranz,Inglés,1993,10.0,verificado
Dem Young Sconies,House,Moodymann,Inglés,1997,10.0,verificado
Are You Still Mad,House,Alanis Morissette,Inglés,1998,10.0,verificado
One 4 da Head,Techno,Buzz Fiend,Inglés,1998,10.0,verificado
Thunderdog,Techno,System 7,Inglés,1991,10.0,verificado
Listen,Techno,System 7,Inglés,1991,10.0,verificado
Kong,Techno,3 Phase,Inglés,1998,10.0,verificado
Future Dub,Techno,Mouse on Mars,Inglés,1994,10.0,verificado
Frosch,Techno,Mouse on Mars,Inglés,1994,10.0,verificado
Nimbus,Techno,808 State,Inglés,1993,10.0,verificado
Freedom Fighters,Techno,System 7,Inglés,1991,10.0,verificado
Crackdown,Techno,Psyche,Inglés,1996,10.0,verificado
Andromeda,Techno,Psyche,Inglés,1996,10.0,verificado
Wow! Mr. Yogi!,Techno,The Overlords,Inglés,1994,10.0,verificado
Extasia,Techno,Extasia,Inglés,1994,10.0,verificado
Mind Design,Techno,The Connection Machine,Inglés,1994,10.0,verificado
Repeating Decimal,Techno,Urban Tribe,Inglés,1994,10.0,verificado
Dragon Bass,Techno,Techmaster P.E.B.,Inglés,1993,10.0,verificado
1988.7.16. Tokio,Techno,Assign,Inglés,1995,10.0,verificado
Studio 54,Techno,Frankie Bones,Inglés,1997,10.0,verificado
Sopping the Biscuit,Techno,Moodring,Inglés,1994,10.0,verificado
Circus Bells,Techno,Robert Armani,Inglés,1998,10.0,verificado
Take Your Chance,Techno,Fun Factory,Inglés,1995,10.0,verificado
A Touch of Heaven,Techno,Florence,Inglés,1992,10.0,verificado
1 + 1,Techno,Animus Amour,Inglés,1999,10.0,verificado
Knowledge,Techno,Clark,Inglés,1995,10.0,verificado
Clip,Techno,Clark,Inglés,1995,10.0,verificado
Avion,Techno,Damon Wild,Inglés,1996,10.0,verificado
Jak to Basics,Techno,Clark,Inglés,1995,10.0,verificado
Remake Uno (Eich. Me. Son. Sche),Techno,Paperclip People,Inglés,1994,10.0,verificado
Bassination,Techno,Bass Apocalypse,Inglés,1997,10.0,verificado
Synthetic Chord Battle,Techno,Quadrant,Inglés,1993,10.0,verificado
Rekall,Techno,Plastikman,Inglés,1998,10.0,verificado
Infinition,Techno,Quadrant,Inglés,1993,10.0,verificado
D2,Techno,Heiko Laux,Inglés,1999,10.0,verificado
"What's the Time, Mr. Templar",Techno,Jesper Dahlbäck,Inglés,1999,10.0,verificado
Piston in My Pocket,Techno,Jerry Martin,Inglés,1997,10.0,verificado
Blow,Techno,Keoki,Inglés,1997,10.0,verificado
Crossover,Techno,Tim Swan,Inglés,1995,10.0,verificado
Destruction Derby,Techno,Tim Swan,Inglés,1995,10.0,verificado
The Riddle (instrumental),Techno,Gigi D’Agostino,Inglés,1999,10.0,verificado
Jaw to the Floor,Techno,Balloonheads,Inglés,1998,10.0,verificado
Chagrin,Techno,Mouse on Mars,Inglés,1994,10.0,verificado
Elli im Wunderland,Techno,Mouse on Mars,Inglés,1994,10.0,verificado
This Is How My Drummer Drums,Techno,DJ Icey,Inglés,1997,10.0,verificado
Insomnia,Techno,The Rentals,Inglés,1999,10.0,verificado
Phuture 2000 (radio edit),Techno,Carl Cox,Inglés,1999,10.0,verificado
BIP BIP,Techno,DJ Cartoons,Inglés,1992,10.0,verificado
T2K,Techno,Imagitec Design Inc.,Inglés,1995,10.0,verificado
Life,Techno,Animus Amour,Inglés,1999,10.0,verificado
Reflections,Techno,Common Factor,Inglés,1998,10.0,verificado
It's a Shame,Techno,BFC,Inglés,1996,10.0,verificado
Galaxy,Techno,BFC,Inglés,1996,10.0,verificado
Raindrops,Techno,Mode Selector,Inglés,1994,10.0,verificado
Clinically Inclined,Techno,Future/Past,Inglés,1992,10.0,verificado
Nitwit,Techno,Shop,Inglés,1992,10.0,verificado
Altitude,Techno,System 7,Inglés,1991,10.0,verificado
Vesuvius,Techno,Deviant Electronica,Inglés,1999,10.0,verificado
Ghost,Techno,Animus Amour,Inglés,1999,10.0,verificado
Think,Techno,Information Society,Inglés,1990,10.0,verificado
Good Girls,Techno,Designer Music,Inglés,1995,10.0,verificado
Dial,Techno,Clark,Inglés,1995,10.0,verificado
Lofthouse,Techno,Clark,Inglés,1995,10.0,verificado
Knaqua,Techno,Enhanced,Inglés,1994,10.0,verificado
Groove Me,Techno,Fun Factory,Inglés,1995,10.0,verificado
Prove Your Love / Freestylin’,Techno,Fun Factory,Inglés,1995,10.0,verificado
It's Gonna be a Party,Techno,The Erm,Inglés,1999,10.0,verificado
Shake That Ass Bitch,Techno,Splack Pack,Inglés,1994,10.0,verificado
No UFOs,Techno,Model 500,Inglés,1998,10.0,verificado
Track 2,Techno,Percy X,Inglés,1999,10.0,verificado
Rock the Funky Beat,Techno,Natural Born Chillers,Inglés,1999,10.0,verificado
FLY’N TO YOUR SOUL,Techno,motsu,Inglés,1998,10.0,verificado
Beat Brings Bass,Techno,Bass Apocalypse,Inglés,1997,10.0,verificado
Techno Bass Trans,Techno,Bass Apocalypse,Inglés,1997,10.0,verificado
Metropolis,Techno,Bass Apocalypse,Inglés,1997,10.0,verificado
Skizofrenik,Techno,Plastikman,Inglés,1998,10.0,verificado
Remake Duo (Eich. Me. Son. Sche),Techno,Paperclip People,Inglés,1994,10.0,verificado
Greased Monkey,Techno,Jerry Martin,Inglés,1997,10.0,verificado
Techno,Techno,Jerry Martin,Inglés,1997,10.0,verificado
Space,Techno,Keoki,Inglés,1997,10.0,verificado
New Record,Techno,Tim Swan,Inglés,1995,10.0,verificado
Just Let It Go,Techno,Petra & Co,Inglés,1994,10.0,verificado
Shut Down,Techno,LFO,Inglés,1996,10.0,verificado
Free Your Mind,Techno,Piece,Inglés,1992,10.0,verificado
Steppenwolf,Techno,New Signal,Inglés,1994,10.0,verificado
N.Y.C. Me Hi,Techno,Hani,Inglés,1994,10.0,verificado
And On!,Techno,Animus Amour,Inglés,1999,10.0,verificado
4 My Peepz (Stabbed),Techno,Paperclip People,Inglés,1998,10.0,verificado
Evolution,Techno,BFC,Inglés,1996,10.0,verificado
Over and Out,Techno,System 7,Inglés,1991,10.0,verificado
Do You Like Technobass?,Techno,Techmaster P.E.B.,Inglés,1993,10.0,verificado
Rushed,Techno,69,Inglés,1993,10.0,verificado
Paradise,Techno,The Gypsy Queens,Inglés,1996,10.0,verificado
Go,Techno,D’still’d,Inglés,1996,10.0,verificado
Electricity,Techno,Flexitone,Inglés,1995,10.0,verificado
Uah,Techno,Mouse on Mars,Inglés,1994,10.0,verificado
Digital Assault,Techno,Bass Apocalypse,Inglés,1997,10.0,verificado
Smiles,Techno,Atomic Babies,Inglés,1998,10.0,verificado
Katang / [silence] / [untitled],Techno,Mouse on Mars,Inglés,1994,10.0,verificado
Anjua (Sneaky 3),Techno,K.A.B.,Inglés,1999,10.0,verificado
Sweat,Techno,Black Odyssey,Inglés,1999,10.0,verificado
Substance Abuse,Techno,F.U.S.E.,Inglés,1991,10.0,verificado
Sixteen Bit Suicide,Techno,Cranium HF,Inglés,1996,10.0,verificado
Main Menu,Techno,Tim Swan,Inglés,1995,10.0,verificado
[untitled],Techno,Tim Swan,Inglés,1995,10.0,verificado
Habibi,Techno,System 7,Inglés,1991,10.0,verificado
Marbles,Techno,Plastikman,Inglés,1994,10.0,verificado
Ethnik,Techno,Plastikman,Inglés,1994,10.0,verificado
Metropolis,Techno,The Blunted Boy Wonder,Inglés,1998,10.0,verificado
The Ecstacy,Techno,Æther,Inglés,1996,10.0,verificado
Die Seele von Brian Wilson,Techno,Mouse on Mars,Inglés,1994,10.0,verificado
Dog,Techno,System 7,Inglés,1991,10.0,verificado
Subconscious,Techno,Rabbit in the Moon,Inglés,1998,10.0,verificado
Nude Photo,Techno,Rhythim Is Rhythim,Inglés,1998,10.0,verificado
How the West Was Won,Techno,Psyche,Inglés,1993,10.0,verificado
Maa,Techno,Pan Sonic,Inglés,1999,10.0,verificado
Low Down Good Girl,Techno,DJ Icey,Inglés,1996,10.0,verificado
Vocal Tune,Techno,Peshay,Inglés,1996,10.0,verificado
The Pulse of Evolution,Techno,Flexitone,Inglés,1994,10.0,verificado
Remake,Techno,Paperclip People,Inglés,1994,10.0,verificado
My Machines,Techno,69,Inglés,1992,10.0,verificado
Tranq Me,Techno,Hani,Inglés,1992,10.0,verificado
Shapes,Techno,Animus Amour,Inglés,1999,10.0,verificado
Male Phonk,Techno,Patrick Lindsey,Inglés,1996,10.0,verificado
Blackjack,Techno,DJ Icey,Inglés,1997,10.0,verificado
Electro Morning,Techno,DJ Icey,Inglés,1997,10.0,verificado
Mute Hate,Techno,Animus Amour,Inglés,1999,10.0,verificado
Dum Spiro Spero,Techno,Animus Amour,Inglés,1999,10.0,verificado
Techno Experiment,Techno,The Erm,Inglés,1999,10.0,verificado
Everybody Listen,Techno,The Gypsy Queens,Inglés,1996,10.0,verificado
Ocean Between Us,Techno,Wamdue Kids,Inglés,1997,10.0,verificado
Intro / Ladies & Gentlemen,Techno,69,Inglés,1992,10.0,verificado
Christo,Techno,Clark,Inglés,1995,10.0,verificado
Speed Demon,Techno,Jerry Martin,Inglés,1997,10.0,verificado
75 in a 25,Techno,Anna Karney,Inglés,1997,10.0,verificado
Multiplexor,Techno,.xtrak,Inglés,1995,10.0,verificado
Backdoor,Techno,.xtrak,Inglés,1995,10.0,verificado
Pakard,Techno,Plastikman,Inglés,1998,10.0,verificado
For the Luv of Bass,Techno,Bass Apocalypse,Inglés,1997,10.0,verificado
Energy,Techno,Bass Apocalypse,Inglés,1997,10.0,verificado
Digital Bass,Techno,Bass Apocalypse,Inglés,1997,10.0,verificado
Frequency Modulation,Techno,Bass Apocalypse,Inglés,1997,10.0,verificado
Dream in Color,Techno,Bass Apocalypse,Inglés,1997,10.0,verificado
Organized Chaos,Techno,Bass Apocalypse,Inglés,1997,10.0,verificado
Drop the Needle,Techno,Bass Apocalypse,Inglés,1997,10.0,verificado
Hyperprism,Techno,Quadrant,Inglés,1994,10.0,verificado
Psyk,Techno,Plastikman,Inglés,1998,10.0,verificado
I Wanna B With U,Techno,Fun Factory,Inglés,1995,10.0,verificado
Llena mi vida,Reggae,Big Mountain,Inglés,1992,10.0,verificado
Ça me fait si mal,Reggae,Alpha Blondy,Inglés,1992,10.0,verificado
Five Days a Year,Reggae,Ziggy Marley and the Melody Makers,Inglés,1997,10.0,verificado
All I Need Is You,Reggae,Ziggy Marley and the Melody Makers,Inglés,1999,10.0,verificado
Many Waters,Reggae,Ziggy Marley and the Melody Makers,Inglés,1999,10.0,verificado
Now That We Found Love,Reggae,Third World,Inglés,1998,10.0,verificado
Masada,Reggae,Alpha Blondy,Inglés,1992,10.0,verificado
Higher Vibration,Reggae,Ziggy Marley and the Melody Makers,Inglés,1999,10.0,verificado
We Are One,Reggae,Ziggy Marley and the Melody Makers,Inglés,1999,10.0,verificado
Beautiful Day,Reggae,Ziggy Marley and the Melody Makers,Inglés,1999,10.0,verificado
Angel,Reggae,Israel Vibration,Inglés,1995,10.0,verificado
I Remember,Reggae,Ziggy Marley and the Melody Makers,Inglés,1997,10.0,verificado
Postman,Reggae,Ziggy Marley and the Melody Makers,Inglés,1997,10.0,verificado
Fallen Is Babylon,Reggae,Ziggy Marley and the Melody Makers,Inglés,1997,10.0,verificado
Monster Hash,Reggae,The Toyes,Inglés,1996,10.0,verificado
Touch My Light,Reggae,Big Mountain,Inglés,1992,10.0,verificado
Day by Day,Reggae,Ziggy Marley and the Melody Makers,Inglés,1997,10.0,verificado
Notice,Reggae,Ziggy Marley and the Melody Makers,Inglés,1997,10.0,verificado
All Day All Night,Reggae,Ziggy Marley and the Melody Makers,Inglés,1999,10.0,verificado
Let It Go,Reggae,Ziggy Marley and the Melody Makers,Inglés,1999,10.0,verificado
Keep My Faith,Reggae,Ziggy Marley and the Melody Makers,Inglés,1999,10.0,verificado
Won’t Let You Down,Reggae,Ziggy Marley and the Melody Makers,Inglés,1999,10.0,verificado
Treat the Youths Right,Reggae,Jimmy Cliff,Inglés,1990,10.0,verificado
Les Chiens,Reggae,Alpha Blondy,Inglés,1992,10.0,verificado
People Get Ready,Reggae,Ziggy Marley and the Melody Makers,Inglés,1997,10.0,verificado
Diamond City,Reggae,Ziggy Marley and the Melody Makers,Inglés,1997,10.0,verificado
Jah Bless,Reggae,Ziggy Marley and the Melody Makers,Inglés,1997,10.0,verificado
Long Winter,Reggae,Ziggy Marley and the Melody Makers,Inglés,1997,10.0,verificado
Everyone Wants to Be,Reggae,Ziggy Marley and the Melody Makers,Inglés,1997,10.0,verificado
Brotherly Sisterly Love,Reggae,Ziggy Marley and the Melody Makers,Inglés,1997,10.0,verificado
13 Months of Sunshine,Reggae,Ziggy Marley and the Melody Makers,Inglés,1999,10.0,verificado
Gone Away,Reggae,Ziggy Marley and the Melody Makers,Inglés,1999,10.0,verificado
Fury and Pain,Punk,Gen Strike,Inglés,1999,10.0,verificado
Self Trust,Punk,Gen Strike,Inglés,1999,10.0,verificado
Crown,Punk,Gen Strike,Inglés,1999,10.0,verificado
The Hippie Song,Punk,Gen Strike,Inglés,1999,10.0,verificado
Friend,Punk,Gen Strike,Inglés,1999,10.0,verificado
Going Away,Punk,Gen Strike,Inglés,1999,10.0,verificado
Señales de humo,Pop,Juan Luis Guerra 4.40,Inglés,1992,10.0,verificado
Mal de amor,Pop,Juan Luis Guerra 4.40,Inglés,1992,10.0,verificado
Coronita de flores,Pop,Juan Luis Guerra 4.40,Inglés,1992,10.0,verificado
Eres mi canción,Pop,Rubén Blades,Inglés,1996,10.0,verificado
Yiri yiri bon,Pop,Ricardo Lemvo,Inglés,1997,10.0,verificado
Vendrás llorando,Pop,Olga Tañón,Inglés,1993,10.0,verificado
Los pasillos de tía Conga,Pop,Conjunto Céspedes,Inglés,1993,10.0,verificado
Cuando te beso,Pop,Juan Luis Guerra 4.40,Inglés,1992,10.0,verificado
Y todo acabó,Cumbia,Grupo Bryndis,Inglés,1991,10.0,verificado
Maldito arriero,Cumbia,Los Humildes de Rudy Flores,Inglés,1991,10.0,verificado
Una cumbia para Maria,Cumbia,Los Humildes de Rudy Flores,Inglés,1991,10.0,verificado
La rosita,Cumbia,Los Humildes de Rudy Flores,Inglés,1991,10.0,verificado
La pulguera,Cumbia,Fito Olivares,Inglés,1996,10.0,verificado
Necesito una amiga,Pop,NG La Banda,Inglés,1990,10.0,verificado
Not Before Time,Pop,Gallon Drunk,Inglés,1993,10.0,verificado
Push the Boat Out,Pop,Gallon Drunk,Inglés,1993,10.0,verificado
Unlucky Friend,Pop,Dig,Inglés,1993,10.0,verificado
Green Room,Pop,Dig,Inglés,1993,10.0,verificado
Fuck You,Pop,Dig,Inglés,1993,10.0,verificado
Kings,Pop,The Magnetic Fields,Inglés,1991,10.0,verificado
You Should Be Ashamed,Pop,Gallon Drunk,Inglés,1993,10.0,verificado
Bedlam,Pop,Gallon Drunk,Inglés,1993,10.0,verificado
Paying for Pleasure,Pop,Gallon Drunk,Inglés,1993,10.0,verificado
Give It All Away,Pop,World Party,Inglés,1993,10.0,verificado
I Get a Kick,Pop,Jungle Brothers,Inglés,1990,10.0,verificado
I’m Cracking Up I Need a Pill,Pop,Babylon Zoo,Inglés,1996,10.0,verificado
Getting Better,Pop,Shed Seven,Inglés,1999,10.0,verificado
Weathercade,Pop,The Creatures,Inglés,1997,10.0,verificado
Rockin’ Rockin’ Leprechauns,Pop,Jonathan Richman & The Modern Lovers,Inglés,1999,10.0,verificado
Conversation,Pop,Dig,Inglés,1993,10.0,verificado
Babies Falling,Pop,The Magnetic Fields,Inglés,1991,10.0,verificado
Tar‐Heel Boy,Pop,The Magnetic Fields,Inglés,1991,10.0,verificado
Hospital,Pop,Jonathan Richman & The Modern Lovers,Inglés,1999,10.0,verificado
"100,000 Fireflies",Pop,The Magnetic Fields,Inglés,1991,10.0,verificado
8 Fingers,Pop,A,Inglés,1996,10.0,verificado
Baton Rouge,Pop,Chuck Prophet,Inglés,1993,10.0,verificado
Balinese Dancer,Pop,Chuck Prophet,Inglés,1993,10.0,verificado
Shaddap You Face,Pop,EMF,Inglés,1992,10.0,verificado
Day #1,Pop,Transister,Inglés,1997,10.0,verificado
Burning Fever,Pop,Red Lorry Yellow Lorry,Inglés,1994,10.0,verificado
Which Side,Pop,Red Lorry Yellow Lorry,Inglés,1994,10.0,verificado
The Hurting Business,Pop,Chuck Prophet,Inglés,1999,10.0,verificado
The Hive,Pop,Cyclefly,Inglés,1998,10.0,verificado
Paranoid People,Pop,3 Colours Red,Inglés,1999,10.0,verificado
One Last Dance,Pop,Chuck Prophet,Inglés,1993,10.0,verificado
Clouds of Red and Grey,Pop,Magnetic North Pole,Inglés,1999,10.0,verificado
Murder Music,Pop,Renegade Soundwave,Inglés,1990,10.0,verificado
Poppy Day,Pop,Stereophonics,Inglés,1997,10.0,verificado
Strong,Pop,Velvet Chain,Inglés,1999,10.0,verificado
Tosspint,Pop,The Pogues,Inglés,1996,10.0,verificado
Whoever You Are,Pop,Prefab Sprout,Inglés,1997,10.0,verificado
"Bridgette, You Love Me",Pop,Swell,Inglés,1997,10.0,verificado
At Lennie's,Pop,Swell,Inglés,1997,10.0,verificado
Sunflower,Pop,Paul Weller,Inglés,1998,10.0,verificado
Up in Suzes' Room,Pop,Paul Weller,Inglés,1998,10.0,verificado
Heavy Soul,Pop,Paul Weller,Inglés,1998,10.0,verificado
Mermaids,Pop,Paul Weller,Inglés,1998,10.0,verificado
Friday Street,Pop,Paul Weller,Inglés,1998,10.0,verificado
Can You Heal Us (Holy Man),Pop,Paul Weller,Inglés,1998,10.0,verificado
Insane,Pop,Pick Up Sticks,Inglés,1992,10.0,verificado
The Facts About Jimmy,Pop,Shawn Colvin,Inglés,1997,10.0,verificado
You Look So Fine,Pop,Garbage,Inglés,1999,10.0,verificado
Some and I,Pop,His Name Is Alive,Inglés,1990,10.0,verificado
Midnight Trip,Pop,Fortran 5,Inglés,1990,10.0,verificado
Forty Second Song,Pop,R.E.M.,Inglés,1991,10.0,verificado
Revolution,Pop,R.E.M.,Inglés,1996,10.0,verificado
Find the River,Pop,R.E.M.,Inglés,1996,10.0,verificado
Binky the Doormat,Pop,R.E.M.,Inglés,1996,10.0,verificado
Undertow,Pop,R.E.M.,Inglés,1996,10.0,verificado
The One I Love,Pop,R.E.M.,Inglés,1996,10.0,verificado
The Bug,Pop,Soul Coughing,Inglés,1997,10.0,verificado
A Batman Overture,Pop,Elliot Goldenthal,Inglés,1997,10.0,verificado
Laughter in Their Eyes,Pop,The Stairs,Inglés,1992,10.0,verificado
When It All Goes Wrong,Pop,The Stairs,Inglés,1991,10.0,verificado
Outro,Pop,The Stairs,Inglés,1992,10.0,verificado
Unpainted Arizona,Pop,The Bluetones,Inglés,1998,10.0,verificado
Down at the Reservoir,Pop,The Bluetones,Inglés,1998,10.0,verificado
Heard You Were Dead,Pop,The Bluetones,Inglés,1998,10.0,verificado
Time O the Signs,Pop,Terrorvision,Inglés,1994,10.0,verificado
Polly on the Shore,Pop,Robyn Hitchcock,Inglés,1995,10.0,verificado
Mr. Rock ’n’ Roll,Pop,Robyn Hitchcock,Inglés,1995,10.0,verificado
The Dust,Pop,Robyn Hitchcock,Inglés,1995,10.0,verificado
Twin Cadillac Valentine,Pop,The Screaming Blue Messiahs,Inglés,1992,10.0,verificado
Holiday Head,Pop,The Screaming Blue Messiahs,Inglés,1992,10.0,verificado
I Wanna Be a Flintstone,Pop,The Screaming Blue Messiahs,Inglés,1992,10.0,verificado
Sweet Water Pools,Pop,The Screaming Blue Messiahs,Inglés,1992,10.0,verificado
The Return of Maggie Brown,Pop,Del Amitri,Inglés,1998,10.0,verificado
High Times,Pop,Del Amitri,Inglés,1997,10.0,verificado
She La,Pop,54-40,Inglés,1992,10.0,verificado
Alice What’s the Matter,Pop,Terrorvision,Inglés,1994,10.0,verificado
[silence],Pop,Swervedriver,Inglés,1995,10.0,verificado
Mindfields (Headrock dub),Pop,The Prodigy,Inglés,1997,10.0,verificado
Shimmer,Pop,Throwing Muses,Inglés,1995,10.0,verificado
Blue (Donna’s 4 track demo),Pop,Elastica,Inglés,1994,10.0,verificado
Yesterday Went Too Soon,Pop,Feeder,Inglés,1999,10.0,verificado
Voodoo Chile,Pop,Jesus Jones,Inglés,1992,10.0,verificado
Ice Hockey Hair (radio edit),Pop,Super Furry Animals,Inglés,1998,10.0,verificado
Feet Don’t Touch the Ground,Pop,Dig,Inglés,1993,10.0,verificado
The Lion Sleeps Tonight,Pop,R.E.M.,Inglés,1994,10.0,verificado
Vanity Fair,Pop,World Party,Inglés,1997,10.0,verificado
Chris Chambers,Pop,Stereophonics,Inglés,1997,10.0,verificado
The Key (radio edit),Pop,Senser,Inglés,1993,10.0,verificado
Comfort,Pop,The Farm,Inglés,1994,10.0,verificado
Insight,Pop,Further,Inglés,1995,10.0,verificado
Savannah,Pop,Chuck Prophet,Inglés,1993,10.0,verificado
Angel,Pop,Chuck Prophet,Inglés,1993,10.0,verificado
Warning,Pop,A,Inglés,1999,10.0,verificado
Dizzy Moon,Pop,Transister,Inglés,1997,10.0,verificado
Dignified & Old,Pop,Jonathan Richman & The Modern Lovers,Inglés,1993,10.0,verificado
Coney Island Cyclone (4-track demo),Pop,Mercury Rev,Inglés,1991,10.0,verificado
See the Fire,Pop,Red Lorry Yellow Lorry,Inglés,1994,10.0,verificado
Hold Yourself Down,Pop,Red Lorry Yellow Lorry,Inglés,1994,10.0,verificado
Hendrix Necro,Pop,Sonic Youth,Inglés,1992,10.0,verificado
Like You,Pop,Kristin Hersh,Inglés,1998,10.0,verificado
Tight Brain,Pop,Dig,Inglés,1993,10.0,verificado
You Love to Fail,Pop,The Magnetic Fields,Inglés,1991,10.0,verificado
Ocean Pie,Pop,Shed Seven,Inglés,1999,10.0,verificado
Clownmaster,Pop,Sugar,Inglés,1992,10.0,verificado
The Destroyed Room,Pop,Sonic Youth,Inglés,1992,10.0,verificado
I Could Have Lied,Pop,Red Hot Chili Peppers,Inglés,1994,10.0,verificado
Crawl Piss Freeze,Pop,Thin White Rope,Inglés,1997,10.0,verificado
Wasting Hard Time,Pop,Dust Junkys,Inglés,1998,10.0,verificado
Go Now,Pop,Tin Machine,Inglés,1992,10.0,verificado
The Last Dictator I,Pop,Crime & the City Solution,Inglés,1990,10.0,verificado
Song of the Sybil,Pop,Dead Can Dance,Inglés,1990,10.0,verificado
Gang of $,Pop,Shudder to Think,Inglés,1994,10.0,verificado
Oretown,Pop,The Pogues,Inglés,1996,10.0,verificado
How Come,Pop,The Pogues,Inglés,1995,10.0,verificado
The Sun and the Moon,Pop,The Pogues,Inglés,1996,10.0,verificado
Living in a World Without Her,Pop,The Pogues,Inglés,1996,10.0,verificado
Ten Shades of Grey,Pop,Terrorvision,Inglés,1994,10.0,verificado
Discotheque Wreck,Pop,Terrorvision,Inglés,1994,10.0,verificado
Stop the Bus,Pop,Terrorvision,Inglés,1994,10.0,verificado
Some People Say,Pop,Terrorvision,Inglés,1994,10.0,verificado
You & Me,Pop,Robyn Hitchcock,Inglés,1995,10.0,verificado
If I Could Look,Pop,Robyn Hitchcock,Inglés,1995,10.0,verificado
Into It,Pop,Robyn Hitchcock,Inglés,1995,10.0,verificado
Keeping Still,Pop,Robyn Hitchcock,Inglés,1995,10.0,verificado
Just One More,Pop,Gallon Drunk,Inglés,1993,10.0,verificado
Give It All Away (reprise) / Kuwait City (hidden track),Pop,World Party,Inglés,1993,10.0,verificado
When You Come Over,Pop,Swell,Inglés,1997,10.0,verificado
Don't Ask Me Why,Pop,Pick Up Sticks,Inglés,1992,10.0,verificado
Feel,Pop,Pick Up Sticks,Inglés,1992,10.0,verificado
Freakazoid,Pop,co.uk,Inglés,1999,10.0,verificado
Inside the Horn,Pop,54-40,Inglés,1992,10.0,verificado
Nice to Luv You,Pop,54-40,Inglés,1992,10.0,verificado
Orange Crush,Pop,R.E.M.,Inglés,1996,10.0,verificado
Country Feedback,Pop,R.E.M.,Inglés,1996,10.0,verificado
Losing My Religion,Pop,R.E.M.,Inglés,1996,10.0,verificado
The Wake‐Up Bomb,Pop,R.E.M.,Inglés,1996,10.0,verificado
Surfing the Ganges,Pop,R.E.M.,Inglés,1998,10.0,verificado
Colours,Pop,No‐Man,Inglés,1990,10.0,verificado
Squeeze Box,Pop,Sheryl Crow,Inglés,1997,10.0,verificado
Day of the Dead,Pop,The Church,Inglés,1994,10.0,verificado
A Foolish Arrangement,Pop,The Cure,Inglés,1992,10.0,verificado
Mr. Window Pane,Pop,The Stairs,Inglés,1992,10.0,verificado
Sometimes the World Escapes Me,Pop,The Stairs,Inglés,1992,10.0,verificado
Wrap Me Round Your Finger,Pop,The Stairs,Inglés,1992,10.0,verificado
Sweet Thing,Pop,The Stairs,Inglés,1992,10.0,verificado
Russian R’n’B (The World Shall Not Be Saved),Pop,The Stairs,Inglés,1992,10.0,verificado
Mundane Mundae,Pop,The Stairs,Inglés,1992,10.0,verificado
Take No Notice of the World Outside,Pop,The Stairs,Inglés,1992,10.0,verificado
Out of the Sinking,Pop,Paul Weller,Inglés,1998,10.0,verificado
Peacock Suit,Pop,Paul Weller,Inglés,1998,10.0,verificado
Lou,Pop,Adam and the Ants,Inglés,1990,10.0,verificado
In the Frame,Pop,Del Amitri,Inglés,1996,10.0,verificado
So Many Souls to Change,Pop,Del Amitri,Inglés,1998,10.0,verificado
Lucky Guy,Pop,Del Amitri,Inglés,1997,10.0,verificado
Make It Always Be Too Late,Pop,Del Amitri,Inglés,1997,10.0,verificado
Life Is Full,Pop,Del Amitri,Inglés,1997,10.0,verificado
Jerry's Electric Church,Pop,The Screaming Blue Messiahs,Inglés,1992,10.0,verificado
Protection,Pop,Massive Attack,Inglés,1995,10.0,verificado
All I Want,Pop,Toad the Wet Sprocket,Inglés,1992,10.0,verificado
You’ve Got to Believe in Something,Pop,Spin Doctors,Inglés,1996,10.0,verificado
Ride the Wave,Pop,Dig,Inglés,1993,10.0,verificado
She Still Loves Him,Pop,Jellyfish,Inglés,1990,10.0,verificado
Talk to Me,Grunge,Nirvana,Inglés,1994,10.0,verificado
"Knock, Knock",Heavy metal,UFO,Inglés,1995,10.0,verificado
Ready or Not,Heavy metal,Lionsheart,Inglés,1992,10.0,verificado
Let the Children Play,Heavy metal,Lionsheart,Inglés,1998,10.0,verificado
Good Enough,Heavy metal,Lionsheart,Inglés,1992,10.0,verificado
I'll Stand Up,Heavy metal,Lionsheart,Inglés,1994,10.0,verificado
Dark of the Night,Heavy metal,Lionsheart,Inglés,1998,10.0,verificado
Solid Ball of Rock,Heavy metal,Saxon,Inglés,1996,10.0,verificado
Blue Suede Shoes,Heavy metal,Helloween,Inglés,1991,10.0,verificado
Strange Death in Paradise,Heavy metal,Bruce Dickinson,Inglés,1996,10.0,verificado
Make Believe,Heavy metal,Lionsheart,Inglés,1998,10.0,verificado
Feel My Pain,Heavy metal,Paul Di’Anno’s Battlezone,Inglés,1998,10.0,verificado
S.O.S.,Heavy metal,Tokyo Blade,Inglés,1998,10.0,verificado
Gerald's Game,Heavy metal,Tokyo Blade,Inglés,1998,10.0,verificado
Deja Vu,Heavy metal,Lionsheart,Inglés,1994,10.0,verificado
Had Enough,Heavy metal,Lionsheart,Inglés,1992,10.0,verificado
Flashpoint Serenade,Heavy metal,Tokyo Blade,Inglés,1995,10.0,verificado
Changes (with audience),Heavy metal,Ozzy Osbourne,Inglés,1993,10.0,verificado
Perry Mason (edit),Heavy metal,Ozzy Osbourne,Inglés,1995,10.0,verificado
Afraid to Shoot Strangers,Heavy metal,Iron Maiden,Inglés,1996,10.0,verificado
Shit and Lobster,Heavy metal,Helloween,Inglés,1991,10.0,verificado
Fever,Heavy metal,Tokyo Blade,Inglés,1997,10.0,verificado
The Trooper,Heavy metal,Iron Maiden,Inglés,1998,10.0,verificado
Venus,Heavy metal,UFO,Inglés,1995,10.0,verificado
Pain in My Heart,Heavy metal,Lionsheart,Inglés,1994,10.0,verificado
I'll Be There,Heavy metal,Lionsheart,Inglés,1994,10.0,verificado
Relentless,Heavy metal,Lionsheart,Inglés,1994,10.0,verificado
Love Remains,Heavy metal,Lionsheart,Inglés,1994,10.0,verificado
Gods of War,Heavy metal,Lionsheart,Inglés,1994,10.0,verificado
I Believe in Love,Heavy metal,Lionsheart,Inglés,1994,10.0,verificado
On a Roll,Heavy metal,Lionsheart,Inglés,1998,10.0,verificado
All I Need,Heavy metal,Lionsheart,Inglés,1992,10.0,verificado
Who's the Wise Man (Jacie's Song),Heavy metal,Lionsheart,Inglés,1994,10.0,verificado
Stronger Than Steel,Heavy metal,Lionsheart,Inglés,1994,10.0,verificado
Love Won't Bring Me Down,Heavy metal,Lionsheart,Inglés,1994,10.0,verificado
The Forgotten Ones,Heavy metal,Paul Di’Anno’s Battlezone,Inglés,1998,10.0,verificado
Push,Heavy metal,Paul Di’Anno’s Battlezone,Inglés,1998,10.0,verificado
"Fear, Part 1",Heavy metal,Paul Di’Anno’s Battlezone,Inglés,1998,10.0,verificado
Smack,Heavy metal,Paul Di’Anno’s Battlezone,Inglés,1998,10.0,verificado
Snake Eyes,Heavy metal,Paul Di’Anno’s Battlezone,Inglés,1998,10.0,verificado
Dreaming of Summer,Heavy metal,UFO,Inglés,1995,10.0,verificado
Can’t Stop Rockin’,Heavy metal,Saxon,Inglés,1996,10.0,verificado
Lights in the Sky,Heavy metal,Saxon,Inglés,1996,10.0,verificado
Dogs of War,Heavy metal,Saxon,Inglés,1996,10.0,verificado
All Work No Play,Heavy metal,Tokyo Blade,Inglés,1998,10.0,verificado
Wing and a Prayer,Heavy metal,Tokyo Blade,Inglés,1995,10.0,verificado
Head Full of Bad Wiring,Heavy metal,Tokyo Blade,Inglés,1995,10.0,verificado
Burning Down Paradise,Heavy metal,Tokyo Blade,Inglés,1995,10.0,verificado
Dead End Kid,Heavy metal,Tokyo Blade,Inglés,1995,10.0,verificado
The Ultimate High,Heavy metal,Tokyo Blade,Inglés,1998,10.0,verificado
SNAFU,Heavy metal,Tokyo Blade,Inglés,1998,10.0,verificado
Having a Bad Day,Heavy metal,Tokyo Blade,Inglés,1998,10.0,verificado
Beyond the Realms of Death,Heavy metal,Judas Priest,Inglés,1998,10.0,verificado
Attack Attack,Heavy metal,Tokyo Blade,Inglés,1997,10.0,verificado
The Black,Heavy metal,Paul Di’Anno’s Battlezone,Inglés,1998,10.0,verificado
Requiem,Heavy metal,Saxon,Inglés,1996,10.0,verificado
Iron Wheels,Heavy metal,Saxon,Inglés,1996,10.0,verificado
Denim and Leather,Heavy metal,Saxon,Inglés,1996,10.0,verificado
Crusader,Heavy metal,Saxon,Inglés,1996,10.0,verificado
Forever Free,Heavy metal,Saxon,Inglés,1996,10.0,verificado
Stopped by a Bullet (of Love),Heavy metal,UFO,Inglés,1995,10.0,verificado
Stealer,Heavy metal,Lionsheart,Inglés,1992,10.0,verificado
Something for Nothing,Heavy metal,Lionsheart,Inglés,1994,10.0,verificado
Have Mercy,Heavy metal,Lionsheart,Inglés,1992,10.0,verificado
Flights of Angels,Heavy metal,Lionsheart,Inglés,1998,10.0,verificado
Go Down,Heavy metal,Lionsheart,Inglés,1998,10.0,verificado
World of Pain,Heavy metal,Lionsheart,Inglés,1992,10.0,verificado
Skin Walker,Heavy metal,W.A.S.P.,Inglés,1995,10.0,verificado
It's Only Money,Heavy metal,Tokyo Blade,Inglés,1998,10.0,verificado
Only the Strong,Heavy metal,Tokyo Blade,Inglés,1995,10.0,verificado
Can't Believe,Heavy metal,Lionsheart,Inglés,1992,10.0,verificado
(Take a Little) Piece of My Heart,Heavy metal,Lionsheart,Inglés,1994,10.0,verificado
Blue Sky,Heavy metal,Lionsheart,Inglés,1998,10.0,verificado
The Small Hours,Heavy metal,Holocaust,Inglés,1992,10.0,verificado
Papering the Cracks,Heavy metal,Tokyo Blade,Inglés,1995,10.0,verificado
The Eagle Has Landed,Heavy metal,Saxon,Inglés,1996,10.0,verificado
Changes,Heavy metal,Ozzy Osbourne,Inglés,1993,10.0,verificado
No More Tears,Heavy metal,Ozzy Osbourne,Inglés,1993,10.0,verificado
Racing With the Devil on a Spanish Highway (Revisited),Heavy metal,Riot V,Inglés,1990,10.0,verificado
Concrete Schoolyard (instrumental),Hip hop,Jurassic 5,Inglés,1998,10.0,verificado
Talkin All That Jazz,Hip hop,Stetsasonic,Inglés,1998,10.0,verificado
Lock Jaw,Funk,Lee Sykes,Inglés,1999,10.0,verificado
Pad Out,Funk,The Unknown,Inglés,1999,10.0,verificado
This Is It,Funk,Betty Davis,Inglés,1995,10.0,verificado
Who's in Town,Funk,Nature Boys,Inglés,1995,10.0,verificado
Can You Get It (Suzie Ceasar),Funk,Mandrill,Inglés,1995,10.0,verificado
Brasilia,Funk,John Klemmer,Inglés,1991,10.0,verificado
Love to Hate,Funk,Freddie North,Inglés,1996,10.0,verificado
Feel The Shock,Funk,Black Fur,Inglés,1999,10.0,verificado
Future 2,Funk,The Personations,Inglés,1999,10.0,verificado
Funky Chicken,Funk,The Dynamic Concepts,Inglés,1999,10.0,verificado
Raggedy Bag,Funk,Reggie Saddler,Inglés,1999,10.0,verificado
"Funky Stuff, More Funky Stuff",Funk,Kool & the Gang,Inglés,1993,10.0,verificado
Shake,Funk,General Caine,Inglés,1993,10.0,verificado
The Hand of Time,Funk,The Perfect Circle,Inglés,1995,10.0,verificado
Mach 1,Funk,Ray Davies & His Funky Trumpet,Inglés,1995,10.0,verificado
Play That Funky Music,Funk,Wild Cherry,Inglés,1996,10.0,verificado
Troglodyte (Cave Man),Funk,The Jimmy Castor Bunch,Inglés,1996,10.0,verificado
Daddy Don’t Know About Sugar Bear,Funk,Marva Whitney,Inglés,1996,10.0,verificado
Can’t Stop Now,Funk,Mr. Magic,Inglés,1999,10.0,verificado
What Goes Around Comes Around,Funk,Arthur Monday,Inglés,1999,10.0,verificado
Al's Place,Funk,Enrique Olivarez,Inglés,1999,10.0,verificado
Boogie With Your Baby,Funk,Willie J. & Co.,Inglés,1999,10.0,verificado
Losing You,Funk,Courtial,Inglés,1999,10.0,verificado
Let a Man Come in and Do the Popcorn,Funk,James Brown,Inglés,1995,10.0,verificado
The Boss,Funk,James Brown,Inglés,1993,10.0,verificado
Baby Let Me Take You,Funk,Detroit Emeralds,Inglés,1993,10.0,verificado
"Sunshine, Part 1",Funk,Scacy & The Sounds Of Sunshine,Inglés,1999,10.0,verificado
Society,Funk,Society,Inglés,1998,10.0,verificado
Back Yard,Funk,Prince Valiant & The Knights,Inglés,1999,10.0,verificado
You Got It All,Funk,The Blenders Ltd.,Inglés,1998,10.0,verificado
Sideway Shuffle,Funk,Linda Lewis,Inglés,1995,10.0,verificado
Jump to the Beat,Funk,Stacy Lattisaw,Inglés,1996,10.0,verificado
"Quack, Quack, Quack",Funk,Paul Jackson,Inglés,1999,10.0,verificado
Road Close (dance dub),Funk,Tony Allen,Inglés,1998,10.0,verificado
I'll Be There,Funk,Franciene Thomas,Inglés,1999,10.0,verificado
"O Me-O, My-O",Funk,Lee Dorsey,Inglés,1994,10.0,verificado
Little Royal Freeze,Funk,Little Royal,Inglés,1996,10.0,verificado
Humpty Dump,Funk,The Vibrettes,Inglés,1998,10.0,verificado
Dujii,Funk,Kool & the Gang,Inglés,1992,10.0,verificado
I’d Do It All Over You,Funk,Doris Duke,Inglés,1996,10.0,verificado
Coool-Aid Express Card,Funk,The Nation Funktasia,Inglés,1992,10.0,verificado
Popcorn,Techno,Caustic Window,Inglés,1992,10.0,verificado
.000890569,Techno,AFX,Inglés,1993,10.0,verificado
.0180871R,Techno,AFX,Inglés,1993,10.0,verificado
Groovy Bitch,Techno,Miss Djax,Inglés,1995,10.0,verificado
Mothership,Techno,Ed Rush & Nico,Inglés,1996,10.0,verificado
Song of Life,Techno,Leftfield,Inglés,1999,10.0,verificado
London Acid City,Techno,Lochi,Inglés,1999,10.0,verificado
Bit Player,Techno,Percy X,Inglés,1997,10.0,verificado
Spice,Techno,Eon,Inglés,1995,10.0,verificado
Lost / Kracht,Techno,Autechre,Inglés,1996,10.0,verificado
SAW:II CD2.6 / Sexy Bit Courtesy of NinjaTune,Techno,Aphex Twin,Inglés,1996,10.0,verificado
"Miasmatron, Part 1",Techno,Dynamo City,Inglés,1996,10.0,verificado
Renegade 303,Techno,Star Power,Inglés,1994,10.0,verificado
The Jokers,Techno,The Jokers,Inglés,1990,10.0,verificado
Lightspeed,Techno,D.O.M.,Inglés,1994,10.0,verificado
[untitled],Techno,Surgeon,Inglés,1998,10.0,verificado
Move,Techno,Mike Dearborn,Inglés,1995,10.0,verificado
Dreamer Dream,Techno,Code Red,Inglés,1992,10.0,verificado
"It's Grim Up North, Part 2",Techno,The KLF,Inglés,1991,10.0,verificado
Let Me Show You,Techno,K‐Klass,Inglés,1993,10.0,verificado
Timetravel,Techno,Timeshard,Inglés,1991,10.0,verificado
Virtual Sex,Techno,Timeshard,Inglés,1991,10.0,verificado
Lamborghini,Techno,Shut Up and Dance,Inglés,1999,10.0,verificado
Neurotic Behavior,Techno,Psyche,Inglés,1993,10.0,verificado
Chicken Noodle Soup,Techno,BFC,Inglés,1993,10.0,verificado
Into Battle,Techno,Equinox,Inglés,1998,10.0,verificado
Curtains,Techno,Equinox,Inglés,1998,10.0,verificado
2112,Techno,Nitevision,Inglés,1998,10.0,verificado
Motion,Techno,Subtractive Synthesis,Inglés,1998,10.0,verificado
Fluorescence,Techno,Damon Wild,Inglés,1998,10.0,verificado
Vegetation,Techno,D.O.M.,Inglés,1995,10.0,verificado
Chime,Techno,Orbital,Inglés,1999,10.0,verificado
Unknown Source,Techno,Spiral Tribe,Inglés,1993,10.0,verificado
MI5,Techno,Spiral Tribe,Inglés,1993,10.0,verificado
Energy Flash,Techno,Joey Beltram,Inglés,1990,10.0,verificado
Sonar System,Techno,Meng Syndicate,Inglés,1991,10.0,verificado
Waterfall (radio edit),Techno,Atlantic Ocean,Inglés,1994,10.0,verificado
Con Spirito,Techno,CJ Bolland,Inglés,1995,10.0,verificado
Once More,Techno,The Orb,Inglés,1999,10.0,verificado
.1993841,Techno,AFX,Inglés,1993,10.0,verificado
Argon,Techno,Surgeon,Inglés,1995,10.0,verificado
Input the X Factor,Techno,Cyborg X,Inglés,1998,10.0,verificado
Play Game Boy,Techno,Doctor Spin,Inglés,1992,10.0,verificado
Nautilus,Techno,Jake Slazenger,Inglés,1996,10.0,verificado
Nothing Can Save Us London,Techno,Star Power,Inglés,1994,10.0,verificado
[untitled],Techno,User,Inglés,1999,10.0,verificado
Atol,Techno,Surgeon,Inglés,1995,10.0,verificado
Opaque,Techno,Damon Wild,Inglés,1998,10.0,verificado
Lemon Soul,Techno,Rebel Yelle,Inglés,1996,10.0,verificado
Dimensionr,Techno,Timeshard,Inglés,1991,10.0,verificado
Atlantis,Techno,Timeshard,Inglés,1991,10.0,verificado
Acid Drops,Techno,D.O.M.,Inglés,1994,10.0,verificado
Mettalica,Techno,D.O.M.,Inglés,1994,10.0,verificado
Stella,Techno,Jam & Spoon,Inglés,1999,10.0,verificado
4 Lands,Techno,Spiral Tribe,Inglés,1993,10.0,verificado
Positive Education (By All Means Revamp),Techno,Slam,Inglés,1995,10.0,verificado
Hyperreal (orbit),Techno,The Shamen,Inglés,1990,10.0,verificado
Slice,Techno,Inigo Kennedy,Inglés,1997,10.0,verificado
Sleep,Techno,BFC,Inglés,1993,10.0,verificado
For What You Dream Of (Full On Rennaisance edit),Techno,Bedrock,Inglés,1996,10.0,verificado
(CAT 00897-A2),Techno,AFX,Inglés,1993,10.0,verificado
Überreichweite,Techno,Der Dritte Raum,Inglés,1996,10.0,verificado
Zoom,Techno,Damon Wild,Inglés,1998,10.0,verificado
Ital’s Anthem,Techno,Ital Rockers,Inglés,1990,10.0,verificado
Remember (edit),Techno,BT,Inglés,1999,10.0,verificado
Sub House,Techno,Sub System,Inglés,1991,10.0,verificado
Police,Techno,Subtractive Synthesis,Inglés,1998,10.0,verificado
Persona,Techno,Damon Wild,Inglés,1998,10.0,verificado
Evolution,Techno,Candy Flip,Inglés,1990,10.0,verificado
Shape Shift,Techno,Dynamo City,Inglés,1995,10.0,verificado
404,Techno,D.O.M.,Inglés,1995,10.0,verificado
Dynamo City,Techno,Dynamo City,Inglés,1996,10.0,verificado
Rought Justice,Techno,D.O.M.,Inglés,1996,10.0,verificado
Urban & Free,Techno,Dynamo City,Inglés,1995,10.0,verificado
Acid Rave (All the Girls Love an),Techno,MDK,Inglés,1998,10.0,verificado
Ambient State,Techno,Ready Made,Inglés,1996,10.0,verificado
Moebius,Techno,Timeshard,Inglés,1991,10.0,verificado
Voodoo Chronometer,Techno,Timeshard,Inglés,1991,10.0,verificado
Oracle,Techno,Timeshard,Inglés,1991,10.0,verificado
Majick Lessons X°,Techno,Timeshard,Inglés,1991,10.0,verificado
Paroles,Techno,Mike Ink,Inglés,1996,10.0,verificado
Oracle,Techno,Spiral Tribe,Inglés,1993,10.0,verificado
Digital Swamp,Techno,Spiral Tribe,Inglés,1993,10.0,verificado
Orlando Dawn,Techno,Liquid,Inglés,1999,10.0,verificado
Somethin’ Stupid,Reggae,Ali Campbell,Inglés,1995,10.0,verificado
Skinhead Love Affair,Ska,Bad Manners,Inglés,1994,10.0,verificado
Guajira Bacan,Pop,Azuquita y su Melao,Inglés,1999,10.0,verificado
200 años,Pop,"Agri, Binelli, Fedel y Ferrer",Inglés,1999,10.0,verificado
La parranda se canta,Pop,The Latin Brothers,Inglés,1990,10.0,verificado
Cada vez que me recuerdes,Pop,Adriana Varela,Inglés,1999,10.0,verificado
No me llores más,Pop,Sierra Maestra,Inglés,1994,10.0,verificado
El vendedor de agua,Pop,La Familia Valera Miranda,Inglés,1998,10.0,verificado
El pescador,Cumbia,Totó la Momposina y sus Tambores,Inglés,1993,10.0,verificado
Believe,Pop,Dig,Español,1993,10.0,verificado
House on Fire,Pop,Arkarna,Español,1997,10.0,verificado
True to Myself,Pop,Eric Benét,Español,1996,10.0,verificado
D.J.s,Pop,Sublime,Español,1991,10.0,verificado
Moonhead,Pop,Thin White Rope,Español,1994,10.0,verificado
Angelus,Hard rock,Dover,Español,1995,10.0,verificado
Distortion She,Hard rock,Dover,Español,1995,10.0,verificado
Aquella ves que me cojí un pellisco en un huevo con la cremallera,Hard rock,Mojinos Escozíos,Español,1998,10.0,verificado
La Turmis,Hard rock,Dover,Español,1995,10.0,verificado
She Will,Hard rock,Dover,Español,1995,10.0,verificado
Por fabó que la nesesito...,Hard rock,Mojinos Escozíos,Español,1998,10.0,verificado
Push,Hard rock,Dover,Español,1997,10.0,verificado
La monja mellada,Hard rock,Dover,Español,1997,10.0,verificado
Winter Song,Hard rock,Dover,Español,1997,10.0,verificado
Anacrusa,Hard rock,Dover,Español,1995,10.0,verificado
In Hole,Hard rock,Dover,Español,1995,10.0,verificado
Green,Hard rock,Dover,Español,1995,10.0,verificado
Her Bed Star,Hard rock,Dover,Español,1995,10.0,verificado
Sacrifai,Hard rock,Mojinos Escozíos,Español,1998,10.0,verificado
"Demasiao perro pa trabajá, demasiao carvo pal rocanró",Hard rock,Mojinos Escozíos,Español,1998,10.0,verificado
Quillo déjame la muñeca toa la noche,Hard rock,Mojinos Escozíos,Español,1998,10.0,verificado
El flojo,Hard rock,Mojinos Escozíos,Español,1998,10.0,verificado
Rain of the Times,Hard rock,Dover,Español,1997,10.0,verificado
Come With Me,Hard rock,Dover,Español,1995,10.0,verificado
Stamber,Hard rock,Dover,Español,1995,10.0,verificado
Grey,Hard rock,Dover,Español,1995,10.0,verificado
La muñeca,Hard rock,Mojinos Escozíos,Español,1998,10.0,verificado
El peluquero,Hard rock,Mojinos Escozíos,Español,1998,10.0,verificado
La muela,Hard rock,Mojinos Escozíos,Español,1998,10.0,verificado
Spectrum,Hard rock,Dover,Español,1997,10.0,verificado
Nightmare,Hard rock,Dover,Español,1997,10.0,verificado
Sick Girl,Hard rock,Dover,Español,1997,10.0,verificado
La bulería del yanqui,Hard rock,Mojinos Escozíos,Español,1998,10.0,verificado
Follo me on the eskay (Mi sofá),Hard rock,Mojinos Escozíos,Español,1998,10.0,verificado
La camella,Hard rock,Mojinos Escozíos,Español,1998,10.0,verificado
El perro loco,Hard rock,Dover,Español,1995,10.0,verificado
Three Cowboys,Hard rock,Dover,Español,1995,10.0,verificado
Jane Below,Hard rock,Dover,Español,1995,10.0,verificado
The Morning After,Hard rock,Dover,Español,1995,10.0,verificado
Pangea,Hard rock,Dover,Español,1997,10.0,verificado
Tear It Off,Rap,Method Man & Redman,Español,1999,10.0,verificado
Der Spiegel,Dance,Overdrive,Español,1999,10.0,verificado
Qué bello,Dance,Sonora Tropicana,Español,1992,10.0,verificado
Tonight,Dance,Kriss,Español,1999,10.0,verificado
Oh Yeah Baby,Dance,JB Sound,Español,1999,10.0,verificado
Sunchyme,Dance,Diario,Español,1997,10.0,verificado
Take My Heart,Dance,Consilio,Español,1999,10.0,verificado
It's My Life,Dance,Beat & Peter,Español,1999,10.0,verificado
Ritmo Tribal,Dance,2 Unlimited,Español,1996,10.0,verificado
Groove X,Techno,Mark Ambrose,Español,1998,10.0,verificado
Cyclone,Techno,Jeff Mills,Español,1998,10.0,verificado
A buen ritmo,Ska,Skalariak,Español,1999,10.0,verificado
Debajo de tu piel,Pop,Caifanes,Español,1992,10.0,verificado
Les Hambourgeois Walkways,Heavy metal,Helloween,Español,1992,10.0,verificado
You Run With the Pack,Heavy metal,Helloween,Español,1992,10.0,verificado
Escapism (Gettin’ Free),Rap,Digable Planets,Español,1993,10.0,verificado
Swoon Units,Rap,Digable Planets,Español,1993,10.0,verificado
Where I’m From,Rap,Digable Planets,Español,1993,10.0,verificado
Last of the Spiddyocks,Rap,Digable Planets,Español,1993,10.0,verificado
Jimmi Diggin’ Cats,Rap,Digable Planets,Español,1993,10.0,verificado
Examination of What,Rap,Digable Planets,Español,1993,10.0,verificado
It’s Good to Be Here,Rap,Digable Planets,Español,1993,10.0,verificado
Pacifics,Rap,Digable Planets,Español,1993,10.0,verificado
Appointment at the Fat Clinic,Rap,Digable Planets,Español,1993,10.0,verificado
What Cool Breezes Do,Rap,Digable Planets,Español,1993,10.0,verificado
La Femme Fétal,Rap,Digable Planets,Español,1993,10.0,verificado
El colesterol,Cumbia,Fito Olivares,Español,1994,10.0,verificado
Your Best Nightmare,Rock argentino,London After Midnight,Español,1990,9.9,verificado
The End,Rock argentino,Grand Funk Railroad,Español,1999,9.9,verificado
Hooray,Rock argentino,Grand Funk Railroad,Español,1999,9.9,verificado
Separate Ways (Worlds Apart),Rock argentino,Journey,Español,1998,9.9,verificado
Last Thing I Ever Do,Rock argentino,38 Special,Español,1991,9.9,verificado
Treasure,Rock argentino,38 Special,Español,1991,9.9,verificado
Signs of Love,Rock argentino,38 Special,Español,1991,9.9,verificado
I’ll Fight for You,Rock argentino,Foreigner,Español,1991,9.9,verificado
Burning Bridges,Rock argentino,38 Special,Español,1991,9.9,verificado
"You Be the Dam, I’ll Be the Water",Rock argentino,38 Special,Español,1991,9.9,verificado
Bone Against Steel,Rock argentino,38 Special,Español,1991,9.9,verificado
Don’t Wanna Get It Dirty,Rock argentino,38 Special,Español,1991,9.9,verificado
We Ain’t Much Different,Rock argentino,Lynyrd Skynyrd,Español,1997,9.9,verificado
Brokenhearted,Rock argentino,Bad Company,Español,1992,9.9,verificado
Safe in My Heart,Rock argentino,Foreigner,Español,1991,9.9,verificado
36‒22‒36,Rock argentino,ZZ Top,Español,1999,9.9,verificado
Country Song,Rock argentino,Pink Floyd,Español,1997,9.9,verificado
Gimme Gimme,Rock argentino,Bad Company,Español,1995,9.9,verificado
Pretty Woman,Rock argentino,Bad Company,Español,1995,9.9,verificado
Lazy,Rock argentino,Deep Purple,Español,1993,9.9,verificado
Back in N.Y.C.,Rock argentino,Genesis,Español,1991,9.9,verificado
Black Night,Rock argentino,Deep Purple,Español,1993,9.9,verificado
Hold Your Head Up,Rock argentino,Argent,Español,1998,9.9,verificado
Notturno: Belle rose porporine,Rock argentino,Ataraxia,Español,1996,9.9,verificado
24 Hours a Day,Rock argentino,The Bottle Rockets,Español,1997,9.9,verificado
Have I Stayed Too Long?,Rock argentino,Sonny & Cher,Español,1991,9.9,verificado
The Mule,Rock argentino,Deep Purple,Español,1993,9.9,verificado
Talked Myself Right Into It,Rock argentino,Lynyrd Skynyrd,Español,1997,9.9,verificado
Clearwater Highway,Rock argentino,Bad Company,Español,1995,9.9,verificado
Viva Las Vegas,Rock argentino,ZZ Top,Español,1992,9.9,verificado
Concrete and Steel,Rock argentino,ZZ Top,Español,1990,9.9,verificado
Girl in a T‐Shirt,Rock argentino,ZZ Top,Español,1994,9.9,verificado
My Head’s in Mississippi,Rock argentino,ZZ Top,Español,1990,9.9,verificado
Unknown Song,Rock argentino,Pink Floyd,Español,1997,9.9,verificado
Doubleback,Rock argentino,ZZ Top,Español,1990,9.9,verificado
Fearless Boogie,Rock argentino,ZZ Top,Español,1999,9.9,verificado
Tu luz,Rock argentino,Azul Violeta,Español,1996,9.9,verificado
Different Drummer,Rock argentino,Black 47,Español,1994,9.9,verificado
Frozen Wave,Rock argentino,The Pastels,Español,1997,9.9,verificado
Unfair Kind of Fame,Rock argentino,The Pastels,Español,1997,9.9,verificado
Mountain of Love,Rock argentino,Foreigner,Español,1991,9.9,verificado
No Hiding Place,Rock argentino,Foreigner,Español,1991,9.9,verificado
Unusual Heat,Rock argentino,Foreigner,Español,1991,9.9,verificado
Flesh Wound,Rock argentino,Foreigner,Español,1991,9.9,verificado
Blue Sands,Rock argentino,Keith Relf,Español,1998,9.9,verificado
The Idiot Bastard Son,Rock argentino,The Mothers of Invention,Español,1995,9.9,verificado
Drum Solo,Rock argentino,Guns N’ Roses,Español,1992,9.9,verificado
Wild Horses,Rock argentino,Guns N’ Roses,Español,1992,9.9,verificado
Yesterdays,Rock argentino,Guns N’ Roses,Español,1992,9.9,verificado
Civil War,Rock argentino,Guns N’ Roses,Español,1992,9.9,verificado
Hope Once Again,Rock argentino,Kansas,Español,1995,9.9,verificado
When I Look Into Your Eyes,Rock argentino,FireHouse,Español,1992,9.9,verificado
Hold the Dream,Rock argentino,FireHouse,Español,1992,9.9,verificado
It’s Alright,Rock argentino,Guns N’ Roses,Español,1992,9.9,verificado
Dünne Luft,Rock argentino,City,Español,1990,9.9,verificado
Dead Again,Rock argentino,Buckcherry,Español,1999,9.9,verificado
Related,Rock argentino,Buckcherry,Español,1999,9.9,verificado
Child in Time,Rock argentino,Deep Purple,Español,1993,9.9,verificado
Only Heaven Knows,Rock argentino,Foreigner,Español,1991,9.9,verificado
Moment of Truth,Rock argentino,Foreigner,Español,1991,9.9,verificado
Ready for the Rain,Rock argentino,Foreigner,Español,1991,9.9,verificado
Fire,Rock argentino,Alice Cooper,Español,1991,9.9,verificado
I Got My Mojo Working,Rock argentino,The Shadows of Knight,Español,1998,9.9,verificado
Shapes in My Mind,Rock argentino,Keith Relf,Español,1998,9.9,verificado
Heaven,Rock argentino,Bryan Adams,Español,1993,9.9,verificado
Deuces Are Wild,Rock argentino,Aerosmith,Español,1993,9.9,verificado
Smokestack Lightning,Rock argentino,Lynyrd Skynyrd,Español,1991,9.9,verificado
When the Night Comes Down,Rock argentino,Foreigner,Español,1991,9.9,verificado
River,Rock argentino,Heart,Español,1995,9.9,verificado
Call Me Lightning,Rock argentino,Joan Jett,Español,1992,9.9,verificado
Mr. Brownstone,Rock argentino,Guns N’ Roses,Español,1992,9.9,verificado
Don’t Cry,Rock argentino,Guns N’ Roses,Español,1992,9.9,verificado
Welcome to the Jungle,Rock argentino,Guns N’ Roses,Español,1992,9.9,verificado
Tilt,Rock argentino,Fu Manchu,Español,1995,9.9,verificado
Doctor Doctor,Rock argentino,UFO,Español,1996,9.9,verificado
Gun Love,Rock argentino,ZZ Top,Español,1992,9.9,verificado
Give It Up,Rock argentino,ZZ Top,Español,1990,9.9,verificado
Lovething,Rock argentino,ZZ Top,Español,1990,9.9,verificado
Legs,Rock argentino,ZZ Top,Español,1992,9.9,verificado
Bang Bang,Rock argentino,ZZ Top,Español,1996,9.9,verificado
Burger Man,Rock argentino,ZZ Top,Español,1990,9.9,verificado
Line of Fire,Rock argentino,Journey,Español,1998,9.9,verificado
Still They Ride,Rock argentino,Journey,Español,1998,9.9,verificado
"Lovin’, Touchin’, Squeezin’",Rock argentino,Journey,Español,1998,9.9,verificado
Any Way You Want It,Rock argentino,Journey,Español,1998,9.9,verificado
Wheel in the Sky,Rock argentino,Journey,Español,1998,9.9,verificado
Send Her My Love,Rock argentino,Journey,Español,1998,9.9,verificado
After the Fall,Rock argentino,Journey,Español,1998,9.9,verificado
Bitterblue,Rock argentino,Bonnie Tyler,Español,1991,9.9,verificado
Escape,Rock argentino,Journey,Español,1998,9.9,verificado
Stay Awhile,Rock argentino,Journey,Español,1998,9.9,verificado
Yendo de la cama al living,Rock argentino,Charly García,Español,1995,9.9,verificado
Who’s Crying Now,Rock argentino,Journey,Español,1998,9.9,verificado
Stone in Love,Rock argentino,Journey,Español,1998,9.9,verificado
Wild Child,Rock argentino,Heart,Español,1990,9.9,verificado
I Love You,Rock argentino,Heart,Español,1990,9.9,verificado
She’s Just Killing Me,Rock argentino,ZZ Top,Español,1996,9.9,verificado
Decision or Collision,Rock argentino,ZZ Top,Español,1990,9.9,verificado
Pincushion,Rock argentino,ZZ Top,Español,1993,9.9,verificado
Rhythmeen,Rock argentino,ZZ Top,Español,1996,9.9,verificado
Breakaway,Rock argentino,ZZ Top,Español,1994,9.9,verificado
Amor amarillo,Rock argentino,Gustavo Cerati,Español,1993,9.9,verificado
Salvation,Rock argentino,The Cranberries,Español,1995,9.9,verificado
El twist del pibe,Rock argentino,La Renga,Español,1998,9.9,verificado
Alias Jon Smoke,Rock argentino,Oxmo Puccino,Español,1998,9.9,verificado
Qui peut le nier !,Rock argentino,Oxmo Puccino,Español,1998,9.9,verificado
Peur noire,Rock argentino,Oxmo Puccino,Español,1998,9.9,verificado
Da Answer,Rock argentino,Masta Ace Incorporated,Español,1995,9.9,verificado
Mourir 1000 fois,Rock argentino,Oxmo Puccino,Español,1998,9.9,verificado
Sortilège,Rock argentino,Oxmo Puccino,Español,1998,9.9,verificado
Mensongeur,Rock argentino,Oxmo Puccino,Español,1998,9.9,verificado
Black Cyrano de Bergerac (interlude),Rock argentino,Oxmo Puccino,Español,1998,9.9,verificado
Freestyle?,Rock argentino,Masta Ace Incorporated,Español,1995,9.9,verificado
4 da Mind,Rock argentino,Masta Ace Incorporated,Español,1995,9.9,verificado
24 heures à vivre,Rock argentino,Oxmo Puccino,Español,1998,9.9,verificado
Sacré Samedi soir,Rock argentino,Oxmo Puccino,Español,1998,9.9,verificado
Black Mafioso (interlude),Rock argentino,Oxmo Puccino,Español,1998,9.9,verificado
The Phat Kat Ride,Rock argentino,Masta Ace Incorporated,Español,1995,9.9,verificado
La Lettre (Tant de choses à dire),Rock argentino,Oxmo Puccino,Español,1998,9.9,verificado
Sally (That Girl),Rock argentino,Gucci Crew II,Español,1997,9.9,verificado
Love You Down,Rock argentino,INOJ,Español,1997,9.9,verificado
Nuda Veritas,Rock,The Dreamside,Inglés,1996,9.9,verificado
Glaciers Down / Keep Them Still,Rock,Strange Boutique,Inglés,1993,9.9,verificado
Of a Heaven (What Remains),Rock,Judith,Inglés,1999,9.9,verificado
King of Loneliness,Rock,Human Drama,Inglés,1999,9.9,verificado
Prophecy,Rock,The Shroud,Inglés,1998,9.9,verificado
Killing Pixies,Rock,Caelum Bliss,Inglés,1995,9.9,verificado
Noxious,Rock,Corpus Delicti,Inglés,1994,9.9,verificado
Everlasting Love,Rock,Club 8,Inglés,1998,9.9,verificado
Pixy-Led,Rock,The Shroud,Inglés,1998,9.9,verificado
In God We Trust,Rock,Alien Sex Fiend,Inglés,1996,9.9,verificado
Unsettling,Rock,Strange Boutique,Inglés,1993,9.9,verificado
In a Heaven,Rock,Strange Boutique,Inglés,1993,9.9,verificado
Charm,Rock,Strange Boutique,Inglés,1993,9.9,verificado
Hills Like White Elephants,Rock,Strange Boutique,Inglés,1993,9.9,verificado
Bleed For You,Rock,Paris Burning,Inglés,1999,9.9,verificado
Summer Breeze (rejected radio release),Rock,Type O Negative,Inglés,1995,9.9,verificado
A Simple Glance,Rock,Human Drama,Inglés,1999,9.9,verificado
Goodbye,Rock,Human Drama,Inglés,1999,9.9,verificado
Heaven,Rock,Die Laughing,Inglés,1995,9.9,verificado
Grip of the Disease,Rock,The Mission,Inglés,1994,9.9,verificado
Ecstasy & Vendetta,Rock,Sex Gang Children,Inglés,1992,9.9,verificado
The Loving Face,Rock,Christian Death,Inglés,1991,9.9,verificado
Eye of the Watcher,Rock,Nosferatu,Inglés,1996,9.9,verificado
I Only Have Eyes,Rock,Gitane DeMone,Inglés,1995,9.9,verificado
Possession,Rock,Gitane DeMone,Inglés,1995,9.9,verificado
Attack,Rock,Alien Sex Fiend,Inglés,1996,9.9,verificado
Behind the Wheel,Rock,Suspiria,Inglés,1995,9.9,verificado
A Ballad for Morgaine,Rock,Strange Boutique,Inglés,1993,9.9,verificado
Solar Friend,Rock,Strange Boutique,Inglés,1993,9.9,verificado
Sea Beneath,Rock,Paris Burning,Inglés,1999,9.9,verificado
Cinnamon Girl (radio edit),Rock,Type O Negative,Inglés,1997,9.9,verificado
Facade (Closet of Faces),Rock,Mephisto Walz,Inglés,1994,9.9,verificado
To Love Her,Rock,Human Drama,Inglés,1999,9.9,verificado
Cup,Rock,The Shroud,Inglés,1998,9.9,verificado
What's the Verdict,Rock,Christian Death,Inglés,1991,9.9,verificado
Thrill Killer,Rock,Nosferatu,Inglés,1994,9.9,verificado
Sleepwalk,Rock,Gitane DeMone,Inglés,1995,9.9,verificado
Cool Domina,Rock,Gitane DeMone,Inglés,1995,9.9,verificado
Lament,Rock,Gitane DeMone,Inglés,1995,9.9,verificado
In Nomine Satanas,Rock,Paradise Lost,Inglés,1994,9.9,verificado
E.S.T.,Rock,Alien Sex Fiend,Inglés,1996,9.9,verificado
A Precession of the Equinoxes,Rock,Mephisto Walz,Inglés,1995,9.9,verificado
The Hunter's Trail,Rock,Mephisto Walz,Inglés,1995,9.9,verificado
Godless Years,Rock,Atrocity,Inglés,1992,9.9,verificado
Voices,Rock,Human Drama,Inglés,1992,9.9,verificado
"Three Robes, One Bowl",Rock,Head of David,Inglés,1991,9.9,verificado
Spider and the Fly,Rock,London After Midnight,Inglés,1991,9.9,verificado
Sweetandlovingthing,Rock,Head of David,Inglés,1991,9.9,verificado
Paradise (Will Shine Like the Moon Tonight),Rock,The Mission,Inglés,1990,9.9,verificado
Evident Dreams,Rock,Persephone’s Dream,Inglés,1999,9.9,verificado
Color Me Red,Rock,Human Drama,Inglés,1992,9.9,verificado
Girderland,Rock,Head of David,Inglés,1991,9.9,verificado
No Voodoo Dollies,Rock,Gene Loves Jezebel,Inglés,1990,9.9,verificado
Why Can't I?,Rock,Gene Loves Jezebel,Inglés,1990,9.9,verificado
Syzygy,Rock,Gene Loves Jezebel,Inglés,1990,9.9,verificado
Tangled Up in You,Rock,Gene Loves Jezebel,Inglés,1990,9.9,verificado
Walk Away,Rock,Gene Loves Jezebel,Inglés,1990,9.9,verificado
We Fall Like Love,Rock,Christian Death,Inglés,1991,9.9,verificado
Watch Without Pain,Rock,Rubicon,Inglés,1992,9.9,verificado
Hello Mary Lou (Goodbye Heart),Rock,Queen,Inglés,1992,9.9,verificado
Wolf,Rock,Head of David,Inglés,1991,9.9,verificado
Water of Love,Rock,Dire Straits,Inglés,1995,9.9,verificado
Down to the Waterline,Rock,Dire Straits,Inglés,1995,9.9,verificado
Six Blade Knife,Rock,Dire Straits,Inglés,1995,9.9,verificado
Lions,Rock,Dire Straits,Inglés,1995,9.9,verificado
My Parties,Rock,Dire Straits,Inglés,1991,9.9,verificado
Prisoners of Rock ’n’ Roll,Rock,Neil Young,Inglés,1997,9.9,verificado
Wearing the Inside Out,Rock,Pink Floyd,Inglés,1994,9.9,verificado
Mystic Rhythms,Rock,Rush,Inglés,1990,9.9,verificado
Heavy Fuel,Rock,Dire Straits,Inglés,1991,9.9,verificado
Pass It Around,Rock,Grand Funk Railroad,Inglés,1999,9.9,verificado
All I Do,Rock,Grand Funk Railroad,Inglés,1999,9.9,verificado
Face Up,Rock,Rush,Inglés,1991,9.9,verificado
Neurotica,Rock,Rush,Inglés,1991,9.9,verificado
Heresy,Rock,Rush,Inglés,1991,9.9,verificado
Bravado,Rock,Rush,Inglés,1991,9.9,verificado
When Your Lonely Heart Breaks,Rock,Neil Young,Inglés,1997,9.9,verificado
Carve Away the Stone,Rock,Rush,Inglés,1996,9.9,verificado
Time and Motion,Rock,Rush,Inglés,1996,9.9,verificado
Got This Thing on the Move (mono),Rock,Terry Knight & The Pack,Inglés,1999,9.9,verificado
Can’t Be Too Long (Faucet),Rock,Terry Knight & The Pack,Inglés,1999,9.9,verificado
Getting Into the Sun,Rock,Terry Knight & The Pack,Inglés,1999,9.9,verificado
Pay Attention to Me,Rock,Grand Funk Railroad,Inglés,1999,9.9,verificado
Between Sun & Moon,Rock,Rush,Inglés,1993,9.9,verificado
Double Agent,Rock,Rush,Inglés,1993,9.9,verificado
When You Dance I Can Really Love,Rock,Neil Young,Inglés,1997,9.9,verificado
Let's Move to Cleveland,Rock,Frank Zappa,Inglés,1995,9.9,verificado
Limbo,Rock,Rush,Inglés,1996,9.9,verificado
Test for Echo,Rock,Rush,Inglés,1996,9.9,verificado
Virtuality,Rock,Rush,Inglés,1996,9.9,verificado
Driven,Rock,Rush,Inglés,1996,9.9,verificado
Resist,Rock,Rush,Inglés,1996,9.9,verificado
Cut to the Chase,Rock,Rush,Inglés,1993,9.9,verificado
Alien Shore,Rock,Rush,Inglés,1993,9.9,verificado
Ghost of a Chance,Rock,Rush,Inglés,1991,9.9,verificado
Dreamline,Rock,Rush,Inglés,1991,9.9,verificado
The Color of Right,Rock,Rush,Inglés,1996,9.9,verificado
Dog Years,Rock,Rush,Inglés,1996,9.9,verificado
In the Long Run,Rock,Grand Funk Railroad,Inglés,1999,9.9,verificado
Hot-Plate Heaven at the Green Hotel,Rock,Frank Zappa,Inglés,1995,9.9,verificado
Cold Fire,Rock,Rush,Inglés,1993,9.9,verificado
You Bet Your Life,Rock,Rush,Inglés,1991,9.9,verificado
The Speed of Love,Rock,Rush,Inglés,1993,9.9,verificado
Everyday Glory,Rock,Rush,Inglés,1993,9.9,verificado
The Big Wheel,Rock,Rush,Inglés,1991,9.9,verificado
What’s the Matter Baby?,Rock,Dire Straits,Inglés,1995,9.9,verificado
Changing Highways,Rock,Neil Young,Inglés,1996,9.9,verificado
Totem,Rock,Rush,Inglés,1996,9.9,verificado
If You Needed Somebody,Rock,Bad Company,Inglés,1990,9.9,verificado
Wild West End,Rock,Dire Straits,Inglés,1995,9.9,verificado
Pavilion,Rock,Eric Johnson,Inglés,1996,9.9,verificado
Wild Hearted Son,Rock,The Cult,Inglés,1991,9.9,verificado
Coming Down (edit),Rock,The Cult,Inglés,1994,9.9,verificado
Here He Comes (Lover Man),Rock,Jimi Hendrix,Inglés,1997,9.9,verificado
Tunnel of Love,Rock,Dire Straits,Inglés,1995,9.9,verificado
Jealous,Rock,Gene Loves Jezebel,Inglés,1990,9.9,verificado
Everything's Brown,Rock,Jack Off Jill,Inglés,1997,9.9,verificado
Stone Free,Rock,Jimi Hendrix,Inglés,1999,9.9,verificado
Psychocult,Rock,The Merry Thoughts,Inglés,1996,9.9,verificado
American Made,Rock,Jack Off Jill,Inglés,1997,9.9,verificado
Girl Scout,Rock,Jack Off Jill,Inglés,1997,9.9,verificado
Poor Impulse Control,Rock,Jack Off Jill,Inglés,1997,9.9,verificado
Sanibel,Rock,"Crosby, Stills, Nash & Young",Inglés,1999,9.9,verificado
Goodbye Cruel World,Rock,Roger Waters,Inglés,1990,9.9,verificado
South Saturn Delta,Rock,Jimi Hendrix,Inglés,1997,9.9,verificado
Farmer John,Rock,Neil Young,Inglés,1991,9.9,verificado
She Loves to Talk,Rock,38 Special,Inglés,1997,9.9,verificado
In the Flesh?,Rock,Scorpions,Inglés,1990,9.9,verificado
Young Lust,Rock,Bryan Adams,Inglés,1990,9.9,verificado
Waiting for the Worms,Rock,Roger Waters,Inglés,1990,9.9,verificado
The Tide Is Turning,Rock,Roger Waters,Inglés,1990,9.9,verificado
Stop,Rock,Roger Waters,Inglés,1990,9.9,verificado
Power Failure,Rock,Procol Harum,Inglés,1996,9.9,verificado
Grapes of Wrath,Rock,The Mission,Inglés,1990,9.9,verificado
Sea of Love,Rock,The Mission,Inglés,1990,9.9,verificado
RDNZL,Rock,Frank Zappa,Inglés,1991,9.9,verificado
Lollirot,Rock,Jack Off Jill,Inglés,1997,9.9,verificado
Working With Meat,Rock,Jack Off Jill,Inglés,1997,9.9,verificado
Money,Rock,The Doors,Inglés,1997,9.9,verificado
Life in Prison (rehearsal take 11),Rock,The Byrds,Inglés,1997,9.9,verificado
Like a Hurricane,Rock,Neil Young,Inglés,1991,9.9,verificado
Vera,Rock,Roger Waters,Inglés,1990,9.9,verificado
"Another Brick in the Wall, Part 3",Rock,Roger Waters,Inglés,1990,9.9,verificado
In the Flesh,Rock,Roger Waters,Inglés,1990,9.9,verificado
Focus (instrumental),Rock,Focus,Inglés,1993,9.9,verificado
Focus IV,Rock,Focus,Inglés,1993,9.9,verificado
Heart of Soul,Rock,The Cult,Inglés,1992,9.9,verificado
Shatter the Silence,Rock,38 Special,Inglés,1997,9.9,verificado
Shelter Me,Rock,38 Special,Inglés,1997,9.9,verificado
Scary Monsters (and Super Creeps),Rock,David Bowie,Inglés,1994,9.9,verificado
"Hey Hey, My My (Into the Black)",Rock,Neil Young,Inglés,1991,9.9,verificado
Blowin’ in the Wind,Rock,Neil Young,Inglés,1991,9.9,verificado
Welfare Mothers,Rock,Neil Young,Inglés,1991,9.9,verificado
Rockin’ in the Free World,Rock,Neil Young,Inglés,1991,9.9,verificado
Music Arcade,Rock,Neil Young,Inglés,1996,9.9,verificado
The Witch,Rock,The Cult,Inglés,1993,9.9,verificado
Panic in Detroit (For William John Anderson),Rock,Christian Death Featuring Rozz Williams,Inglés,1994,9.9,verificado
Super Sadist,Rock,Jack Off Jill,Inglés,1997,9.9,verificado
Power of Soul,Rock,Jimi Hendrix,Inglés,1999,9.9,verificado
Voodoo Child (slight return),Rock,Jimi Hendrix,Inglés,1999,9.9,verificado
Empty Spaces,Rock,Bryan Adams,Inglés,1990,9.9,verificado
Nobody Home,Rock,Roger Waters,Inglés,1990,9.9,verificado
Is There Anybody Out There?,Rock,The Rundfunk Orchestra & Choir,Inglés,1990,9.9,verificado
The Thin Ice,Rock,Ute Lemper,Inglés,1990,9.9,verificado
Run Like Hell,Rock,Roger Waters,Inglés,1990,9.9,verificado
The Power and the Glory,Rock,Gentle Giant,Inglés,1996,9.9,verificado
Angels Fuck,Rock,Jack Off Jill,Inglés,1997,9.9,verificado
Revolution,Rock,The Cult,Inglés,1993,9.9,verificado
You’re Still on My Mind (rehearsal take 43),Rock,The Byrds,Inglés,1997,9.9,verificado
The Trial,Rock,The Rundfunk Orchestra & Choir,Inglés,1990,9.9,verificado
Bring the Boys Back Home,Rock,The Rundfunk Orchestra & Choir,Inglés,1990,9.9,verificado
This Town,Rock,Neil Young,Inglés,1996,9.9,verificado
No One Can,Rock,Marillion,Inglés,1991,9.9,verificado
Boredom,Rock,Procol Harum,Inglés,1996,9.9,verificado
Key West Intermezzo,Rock,John Mellencamp,Inglés,1999,9.9,verificado
Covet,Rock,Jack Off Jill,Inglés,1997,9.9,verificado
Devil With the Black Dress On,Rock,Jack Off Jill,Inglés,1997,9.9,verificado
Izabella,Rock,Jimi Hendrix,Inglés,1999,9.9,verificado
Wild Thing,Rock,Jimi Hendrix,Inglés,1999,9.9,verificado
Kingdom Crawl,Rock,Head of David,Inglés,1991,9.9,verificado
"Another Brick in the Wall, Part 1",Rock,Roger Waters,Inglés,1990,9.9,verificado
Find My Way Back,Rock,38 Special,Inglés,1997,9.9,verificado
Dry Land,Rock,Marillion,Inglés,1991,9.9,verificado
Sweet Angel (Angel),Rock,Jimi Hendrix,Inglés,1997,9.9,verificado
Lovely to See You,Rock,The Moody Blues,Inglés,1996,9.9,verificado
Poke Chop Sandwich,Rock,ZZ Top,Inglés,1999,9.9,verificado
Made Into a Movie,Rock,ZZ Top,Inglés,1999,9.9,verificado
Desolation Blues,Rock,Gorky’s Zygotic Mynci,Inglés,1999,9.9,verificado
Hope,Rock,The Robert Fripp String Quintet,Inglés,1993,9.9,verificado
Evening Star,Rock,Gene Loves Jezebel,Inglés,1990,9.9,verificado
We Four Girls,Pop,B*Witched,Inglés,1998,9.9,verificado
Presente,Hip hop,Control Machete,Inglés,1999,9.9,verificado
Pesada,Hip hop,Control Machete,Inglés,1999,9.9,verificado
Studio Time,Hip hop,Three 6 Mafia,Inglés,1997,9.9,verificado
Watcha Do,Hip hop,Three 6 Mafia,Inglés,1997,9.9,verificado
I Ain’t Cha Friend,Hip hop,Three 6 Mafia,Inglés,1997,9.9,verificado
Land of the Lost,Hip hop,Three 6 Mafia,Inglés,1997,9.9,verificado
Gunclaps,Hip hop,Three 6 Mafia,Inglés,1997,9.9,verificado
N.T.,Hip hop,Q‐Tip,Inglés,1999,9.9,verificado
Things U Do,Hip hop,Q‐Tip,Inglés,1999,9.9,verificado
Bite Our Style (interlude),Hip hop,Missy Elliott,Inglés,1997,9.9,verificado
Why You Hurt Me,Hip hop,Missy Elliott,Inglés,1997,9.9,verificado
Annallillia?,Hip hop,Aceyalone,Inglés,1995,9.9,verificado
Keep It True,Hip hop,Aceyalone,Inglés,1995,9.9,verificado
Tear da Club Up ’97,Hip hop,Three 6 Mafia,Inglés,1997,9.9,verificado
3–6 in the Morning,Hip hop,Three 6 Mafia,Inglés,1997,9.9,verificado
Black Nostaljack aka Come On,Hip hop,Camp Lo,Inglés,1997,9.9,verificado
Higher,Hip hop,Q‐Tip,Inglés,1999,9.9,verificado
Wait Up,Hip hop,Q‐Tip,Inglés,1999,9.9,verificado
Do It,Hip hop,Q‐Tip,Inglés,1999,9.9,verificado
All In,Hip hop,Q‐Tip,Inglés,1999,9.9,verificado
Moving With U,Hip hop,Q‐Tip,Inglés,1999,9.9,verificado
They Don’t Wanna Fuck Wit Me,Hip hop,Missy Elliott,Inglés,1997,9.9,verificado
Don’t Be Commin’ (in My Face),Hip hop,Missy Elliott,Inglés,1997,9.9,verificado
I’m Talkin’,Hip hop,Missy Elliott,Inglés,1997,9.9,verificado
Greatest Show on Earth,Hip hop,Aceyalone,Inglés,1995,9.9,verificado
Deep and Wide,Hip hop,Aceyalone,Inglés,1995,9.9,verificado
Arythamaticulas,Hip hop,Aceyalone,Inglés,1995,9.9,verificado
B-Boy Kingdom,Hip hop,Aceyalone,Inglés,1995,9.9,verificado
Who Got Dem 9’s,Hip hop,Three 6 Mafia,Inglés,1997,9.9,verificado
In the Ghetto,Hip hop,Eric B. & Rakim,Inglés,1990,9.9,verificado
Rockin’ It aka Spanish Harlem,Hip hop,Camp Lo,Inglés,1997,9.9,verificado
Ya Don’t Stop,Hip hop,Souls of Mischief,Inglés,1995,9.9,verificado
Gettaway,Hip hop,Missy Elliott,Inglés,1997,9.9,verificado
Missy’s Finale,Hip hop,Missy Elliott,Inglés,1997,9.9,verificado
Mr. Outsider,Hip hop,Aceyalone,Inglés,1995,9.9,verificado
I Think,Hip hop,Aceyalone,Inglés,1995,9.9,verificado
Makeba,Hip hop,Aceyalone,Inglés,1995,9.9,verificado
Headaches and Woes,Hip hop,Aceyalone,Inglés,1995,9.9,verificado
Knownots,Hip hop,Aceyalone,Inglés,1995,9.9,verificado
Weed Is Got Me High,Hip hop,Three 6 Mafia,Inglés,1997,9.9,verificado
B‐Side to Hollywood,Hip hop,Camp Lo,Inglés,1997,9.9,verificado
Nicky Barnes aka It’s Alright,Hip hop,Camp Lo,Inglés,1997,9.9,verificado
Izzy Izzy Ahh,Hip hop,Missy Elliott,Inglés,1997,9.9,verificado
Mic Check,Hip hop,Aceyalone,Inglés,1995,9.9,verificado
Call It Cali,Hip hop,Aceyalone,Inglés,1995,9.9,verificado
No Tears,Rap,Scarface,Inglés,1994,9.9,verificado
One Time,Rap,Scarface,Inglés,1994,9.9,verificado
The Diary,Rap,Scarface,Inglés,1994,9.9,verificado
Goin’ Down,Rap,Scarface,Inglés,1994,9.9,verificado
G’s,Rap,Scarface,Inglés,1994,9.9,verificado
Intro,Rap,Scarface,Inglés,1994,9.9,verificado
Mind Playin’ Tricks 94,Rap,Scarface,Inglés,1994,9.9,verificado
The White Sheet,Rap,Scarface,Inglés,1994,9.9,verificado
Jesse James,Rap,Scarface,Inglés,1994,9.9,verificado
Outro,Rap,Scarface,Inglés,1994,9.9,verificado
Butt Booty Naked,Rap,AMG,Inglés,1995,9.9,verificado
Be Mai Bitch,Rap,AMG,Inglés,1995,9.9,verificado
A Playerz Analysis,Rap,AMG,Inglés,1995,9.9,verificado
Leather and Wood,Rap,AMG,Inglés,1995,9.9,verificado
No Bitch,Rap,Mr. Doctor,Inglés,1995,9.9,verificado
Bloccstyle,Rap,Mr. Doctor,Inglés,1995,9.9,verificado
Largest Way 2 Represent,Rap,Mr. Doctor,Inglés,1995,9.9,verificado
Ballin' Outta Control,Rap,AMG,Inglés,1995,9.9,verificado
It's All Da Way On,Rap,Mr. Doctor,Inglés,1995,9.9,verificado
Outro,Rap,X‐Raided,Inglés,1999,9.9,verificado
Calculate da Rezultz,Rap,Young Droop,Inglés,1999,9.9,verificado
M.V.P.,Rap,Young Droop,Inglés,1999,9.9,verificado
Meow,Rap,Young Droop,Inglés,1999,9.9,verificado
Inconspicuous,Rap,Young Droop,Inglés,1999,9.9,verificado
Home,Rap,Michael Franti & Spearhead,Inglés,1994,9.9,verificado
Ma Homiez,Rap,Scarface,Inglés,1998,9.9,verificado
Mama's Pride & Joy,Rap,X‐Raided,Inglés,1999,9.9,verificado
Cemetery Fulla G's,Rap,X‐Raided,Inglés,1999,9.9,verificado
Mortal Combat,Rap,X‐Raided,Inglés,1999,9.9,verificado
"Dead on Arrival, Pt. 1",Rap,X‐Raided,Inglés,1999,9.9,verificado
The Unlocking,Rap,The Roots,Inglés,1994,9.9,verificado
Baby Is It Maybe,Rap,AMG,Inglés,1995,9.9,verificado
304 Thang,Rap,AMG,Inglés,1995,9.9,verificado
Da Real Deal,Rap,Mr. Doctor,Inglés,1995,9.9,verificado
Madman Intro,Rap,X‐Raided,Inglés,1999,9.9,verificado
Positive,Rap,Michael Franti & Spearhead,Inglés,1994,9.9,verificado
Rollin' Wit GBC,Rap,Mr. Doctor,Inglés,1995,9.9,verificado
She Fucc Everybody,Rap,Mr. Doctor,Inglés,1995,9.9,verificado
Setripn',Rap,Mr. Doctor,Inglés,1995,9.9,verificado
Treat 'Em Like Hoez,Rap,Mr. Doctor,Inglés,1995,9.9,verificado
Evidence of a Murda,Rap,Young Droop,Inglés,1999,9.9,verificado
Intro,Rap,Young Droop,Inglés,1999,9.9,verificado
Unrestrained Actionz,Rap,Young Droop,Inglés,1999,9.9,verificado
Killa Instinctz,Rap,Young Droop,Inglés,1999,9.9,verificado
Recognize a Playa,Rap,Young Droop,Inglés,1999,9.9,verificado
Marked 4 Death,Rap,Young Droop,Inglés,1999,9.9,verificado
Red Beans & Rice,Rap,Michael Franti & Spearhead,Inglés,1994,9.9,verificado
Dream Team,Rap,Michael Franti & Spearhead,Inglés,1994,9.9,verificado
Piece O' Peace,Rap,Michael Franti & Spearhead,Inglés,1994,9.9,verificado
2 Real,Rap,Scarface,Inglés,1998,9.9,verificado
Overnight,Rap,Scarface,Inglés,1998,9.9,verificado
Don’t Testify,Rap,Scarface,Inglés,1998,9.9,verificado
Rules 4 Real Niggaz,Rap,Scarface,Inglés,1998,9.9,verificado
Krunch Time,Rap,Scarface,Inglés,1998,9.9,verificado
Misty Blue Tribute,Rap,Mr. Doctor,Inglés,1995,9.9,verificado
Plot Murder,Rap,Mr. Doctor,Inglés,1995,9.9,verificado
5000 C'z,Rap,Mr. Doctor,Inglés,1995,9.9,verificado
The Fly Way,Rap,AMG,Inglés,1995,9.9,verificado
Pimp of the Century,Rap,AMG,Inglés,1995,9.9,verificado
Around the World,Rap,AMG,Inglés,1995,9.9,verificado
Unknown Assailantz,Rap,Young Droop,Inglés,1999,9.9,verificado
Playalude (skit),Rap,Young Droop,Inglés,1999,9.9,verificado
Mr. Hata Playa,Rap,Young Droop,Inglés,1999,9.9,verificado
Lust Ta Pull da Trigga,Rap,Young Droop,Inglés,1999,9.9,verificado
Outro,Rap,Young Droop,Inglés,1999,9.9,verificado
Fucc Yo Side,Rap,Mr. Doctor,Inglés,1995,9.9,verificado
Macaframa,Rap,X‐Raided,Inglés,1999,9.9,verificado
On the Rise,Rap,X‐Raided,Inglés,1999,9.9,verificado
People in tha Middle,Rap,Michael Franti & Spearhead,Inglés,1994,9.9,verificado
Love Is da Shit,Rap,Michael Franti & Spearhead,Inglés,1994,9.9,verificado
Of Course You Can,Rap,Michael Franti & Spearhead,Inglés,1994,9.9,verificado
Do What You Do,Rap,Scarface,Inglés,1998,9.9,verificado
"Win, Lose or Draw",Rap,Scarface,Inglés,1998,9.9,verificado
What's Goin' On,Rap,Scarface,Inglés,1998,9.9,verificado
Hustler,Rap,Scarface,Inglés,1998,9.9,verificado
Sucka for Love,Rap,AMG,Inglés,1995,9.9,verificado
Killa Cap Pilla,Rap,Mr. Doctor,Inglés,1995,9.9,verificado
Fill 'Em Up,Rap,Mr. Doctor,Inglés,1995,9.9,verificado
Small Time,Rap,Scarface,Inglés,1998,9.9,verificado
"Southside: Houston, Texas",Rap,Scarface,Inglés,1998,9.9,verificado
Unsolved Mysteriez,Rap,Young Droop,Inglés,1999,9.9,verificado
Hoe Gamez,Rap,Young Droop,Inglés,1999,9.9,verificado
Mizery Luvz Company,Rap,Young Droop,Inglés,1999,9.9,verificado
Kriminal Livin',Rap,Young Droop,Inglés,1999,9.9,verificado
"100,000 Miles",Rap,Michael Franti & Spearhead,Inglés,1994,9.9,verificado
Treat Her Like a Lady,Soul,Cornelius Brothers & Sister Rose,Inglés,1991,9.9,verificado
It's an Uphill Climb (To the Bottom),Soul,Walter Jackson,Inglés,1996,9.9,verificado
Unspeakable Joy,House,Kim English,Inglés,1999,9.9,verificado
Chi’s Revenge,Techno,Angel Alanis,Inglés,1997,9.9,verificado
Blood in a Babylon,Reggae,Culture,Inglés,1993,9.9,verificado
Trying Hard to See,Reggae,The Viceroys,Inglés,1995,9.9,verificado
So Many Problems,Reggae,The Viceroys,Inglés,1995,9.9,verificado
Ya Ho,Reggae,The Viceroys,Inglés,1995,9.9,verificado
Rasta Footprints,Reggae,The Viceroys,Inglés,1995,9.9,verificado
Philistines,Reggae,Gregory Isaacs,Inglés,1990,9.9,verificado
Dear Dad,Reggae,Ky‐Mani Marley,Inglés,1999,9.9,verificado
The Great Psalms,Reggae,U‐Roy,Inglés,1990,9.9,verificado
Get Them Soft,Reggae,Culture,Inglés,1996,9.9,verificado
Tribal War,Reggae,Culture,Inglés,1996,9.9,verificado
Down in Babylon,Reggae,Culture,Inglés,1996,9.9,verificado
Mr. Sluggard,Reggae,Culture,Inglés,1996,9.9,verificado
Satan Company,Reggae,Culture,Inglés,1996,9.9,verificado
Turn Yer Face,Reggae,Rocker-T,Inglés,1999,9.9,verificado
Armagideon Time,Reggae,Willi Williams,Inglés,1992,9.9,verificado
Move Out a Babylon,Reggae,Johnny Clarke,Inglés,1993,9.9,verificado
Soul Teacher,Reggae,Big Mountain,Inglés,1995,9.9,verificado
Endangered Species,Reggae,Steel Pulse,Inglés,1994,9.9,verificado
Brother's Keeper,Reggae,Israel Vibration,Inglés,1995,9.9,verificado
Duppy Conqueror,Reggae,Bob Marley & The Wailers,Inglés,1999,9.9,verificado
Borderline,Reggae,Israel Vibration,Inglés,1995,9.9,verificado
On the Rock,Reggae,Israel Vibration,Inglés,1995,9.9,verificado
Riverside,Reggae,Culture,Inglés,1997,9.9,verificado
Struggling Youth,Reggae,Israel Vibration,Inglés,1995,9.9,verificado
Never Can Say Goodbye,Reggae,Dennis Brown,Inglés,1996,9.9,verificado
Survival,Reggae,Marcia Griffiths,Inglés,1992,9.9,verificado
Armageddon,Reggae,Culture,Inglés,1991,9.9,verificado
Things in Life,Reggae,Dennis Brown,Inglés,1996,9.9,verificado
Legalization,Reggae,Culture,Inglés,1999,9.9,verificado
Return,Reggae,Cocoa Tea,Inglés,1992,9.9,verificado
One Million Matches,Reggae,Rocker-T,Inglés,1999,9.9,verificado
Singer Man,Reggae,UB40,Inglés,1991,9.9,verificado
Sitting & Watching,Reggae,Dennis Brown,Inglés,1993,9.9,verificado
Where the Tree Falls,Reggae,Culture,Inglés,1999,9.9,verificado
Milk and Honey,Reggae,Dennis Brown,Inglés,1996,9.9,verificado
Chicken Titty,Reggae,Culture,Inglés,1999,9.9,verificado
Good Times,Reggae,Culture,Inglés,1999,9.9,verificado
Peace Truce,Reggae,Aswad,Inglés,1999,9.9,verificado
Reggae Physician,Reggae,Burning Spear,Inglés,1997,9.9,verificado
Take It Easy,Reggae,Aswad,Inglés,1999,9.9,verificado
Thank You Lord,Reggae,Aswad,Inglés,1999,9.9,verificado
Rudeboy Shufflin,Reggae,Israel Vibration,Inglés,1997,9.9,verificado
Talkin' Blues,Reggae,Bob Marley & The Wailers,Inglés,1991,9.9,verificado
Apartheid,Reggae,Macka B,Inglés,1996,9.9,verificado
Selector,Reggae,Culture,Inglés,1991,9.9,verificado
Houphouet Yako,Reggae,Alpha Blondy,Inglés,1992,9.9,verificado
Jah Pickney-R.A.R.,Reggae,Steel Pulse,Inglés,1997,9.9,verificado
I'm a Rastaman,Reggae,Jacob Miller,Inglés,1999,9.9,verificado
Everybody's Talking at Me,Reggae,Dennis Brown,Inglés,1999,9.9,verificado
Jah Soljah,Reggae,Rocker-T,Inglés,1999,9.9,verificado
Don't Give In,Reggae,Steel Pulse,Inglés,1997,9.9,verificado
Babylon Gone Down,Reggae,Yabby U,Inglés,1992,9.9,verificado
You Carry the Swing,Reggae,J.C. Lodge,Inglés,1995,9.9,verificado
Look Who’s Dancin’,Reggae,Ziggy Marley and the Melody Makers,Inglés,1997,9.9,verificado
Brothers & Sisters,Reggae,Ziggy Marley and the Melody Makers,Inglés,1997,9.9,verificado
Feel Irie,Reggae,Lucky Dube,Inglés,1995,9.9,verificado
My Philosophy,Reggae,Jimmy Cliff,Inglés,1992,9.9,verificado
Control Tower,Reggae,U‐Roy,Inglés,1995,9.9,verificado
Wages of Love,Reggae,The Wailers,Inglés,1991,9.9,verificado
Who the Cap Fit,Reggae,Bob Marley & The Wailers,Inglés,1995,9.9,verificado
John Henry,Reggae,Lesley Riddle,Inglés,1997,9.9,verificado
Rendez-vous,Reggae,Alpha Blondy,Inglés,1992,9.9,verificado
My Love,Reggae,Aswad,Inglés,1999,9.9,verificado
K.K.K.,Reggae,Steel Pulse,Inglés,1992,9.9,verificado
Come in Peace,Reggae,Burning Spear,Inglés,1997,9.9,verificado
Greedy Dog,Reggae,Israel Vibration,Inglés,1997,9.9,verificado
Money in My Pocket,Reggae,Dennis Brown,Inglés,1993,9.9,verificado
Better Days,Reggae,Steel Pulse,Inglés,1994,9.9,verificado
The Treasure of Love,Reggae,John Holt,Inglés,1996,9.9,verificado
Drug Squad,Reggae,Steel Pulse,Inglés,1997,9.9,verificado
Rebel for Real,Reggae,Israel Vibration,Inglés,1995,9.9,verificado
Everybody Bawling,Reggae,U‐Roy,Inglés,1990,9.9,verificado
One Stone,Reggae,Culture,Inglés,1996,9.9,verificado
Rastaman a Come,Reggae,Culture,Inglés,1996,9.9,verificado
Freedom Street,Reggae,Aswad,Inglés,1999,9.9,verificado
There Is No End,Reggae,Israel Vibration,Inglés,1997,9.9,verificado
Babylon Can't Study,Reggae,Culture,Inglés,1991,9.9,verificado
Dreamland,Reggae,Marcia Griffiths,Inglés,1992,9.9,verificado
Sound Check,Reggae,Steel Pulse,Inglés,1997,9.9,verificado
No Wanted Man,Reggae,Cocoa Tea,Inglés,1992,9.9,verificado
Mass Charley Ground,Reggae,Wailing Souls,Inglés,1996,9.9,verificado
Tom Sprang,Reggae,Wailing Souls,Inglés,1996,9.9,verificado
Don't Get Lost,Reggae,Wailing Souls,Inglés,1996,9.9,verificado
Baby Come Rock,Reggae,Wailing Souls,Inglés,1996,9.9,verificado
Infidels,Reggae,Wailing Souls,Inglés,1996,9.9,verificado
Oh What a Lie,Reggae,Wailing Souls,Inglés,1996,9.9,verificado
God Is One,Reggae,Alpha Blondy,Inglés,1992,9.9,verificado
Strange Things,Reggae,John Holt,Inglés,1992,9.9,verificado
One More,Reggae,Rocker-T,Inglés,1999,9.9,verificado
Shake Up,Reggae,The Viceroys,Inglés,1995,9.9,verificado
My Island,Reggae,Burning Spear,Inglés,1997,9.9,verificado
Your Love,Reggae,Dennis Brown,Inglés,1996,9.9,verificado
Easy,Reggae,Dennis Brown,Inglés,1996,9.9,verificado
"Revolution, Part 3",Reggae,Dennis Brown,Inglés,1996,9.9,verificado
Why U Wanna,Reggae,Dennis Brown,Inglés,1996,9.9,verificado
Cape Coast to Ja,Reggae,Culture,Inglés,1999,9.9,verificado
The Boss,Reggae,Culture,Inglés,1999,9.9,verificado
Back Together,Reggae,Cocoa Tea,Inglés,1992,9.9,verificado
Heavy Duty,Reggae,U‐Roy,Inglés,1992,9.9,verificado
I Shall Not Be Moved,Reggae,U‐Roy,Inglés,1992,9.9,verificado
Bend Down Low,Reggae,Bob Marley & The Wailers,Inglés,1991,9.9,verificado
Kinky Reggae,Reggae,Bob Marley & The Wailers,Inglés,1991,9.9,verificado
Roll On Rolling Stone,Reggae,Jimmy Cliff,Inglés,1992,9.9,verificado
Many Rivers to Cross,Reggae,Jimmy Cliff,Inglés,1996,9.9,verificado
Shout for Freedom,Reggae,Jimmy Cliff,Inglés,1992,9.9,verificado
Peace,Reggae,Jimmy Cliff,Inglés,1992,9.9,verificado
Raggae Down Babylon,Reggae,Jimmy Cliff,Inglés,1995,9.9,verificado
True Story,Reggae,Jimmy Cliff,Inglés,1992,9.9,verificado
Baby Let Me Feel It,Reggae,Jimmy Cliff,Inglés,1992,9.9,verificado
Each One Teach One,Reggae,Jacob Miller,Inglés,1992,9.9,verificado
Where The Children Play,Reggae,Horace Andy,Inglés,1997,9.9,verificado
All Night Till Daylight,Reggae,Jacob Miller,Inglés,1991,9.9,verificado
Years After,Reggae,Augustus Pablo,Inglés,1990,9.9,verificado
Be Honest,Reggae,Culture,Inglés,1991,9.9,verificado
Hard Road,Reggae,Israel Vibration,Inglés,1998,9.9,verificado
Pop Off,Reggae,Israel Vibration,Inglés,1998,9.9,verificado
Systematical Fraud,Reggae,Israel Vibration,Inglés,1998,9.9,verificado
Surfin (Dub),Reggae,Israel Vibration,Inglés,1998,9.9,verificado
Stinky Mouth,Reggae,Israel Vibration,Inglés,1998,9.9,verificado
Touch of Fire,Reggae,The Upsetters,Inglés,1999,9.9,verificado
Top of the Line,Reggae,J.C. Lodge,Inglés,1995,9.9,verificado
Praise Him,Reggae,Burning Spear,Inglés,1991,9.9,verificado
Thank You,Reggae,Burning Spear,Inglés,1991,9.9,verificado
When Jah Call,Reggae,Burning Spear,Inglés,1991,9.9,verificado
War a Africa,Reggae,Jimmy Cliff,Inglés,1992,9.9,verificado
Stepping Out of Limbo,Reggae,Jimmy Cliff,Inglés,1992,9.9,verificado
Ob‐La‐Di Ob‐La‐Da,Reggae,Jimmy Cliff,Inglés,1999,9.9,verificado
What Goes Around Comes Around,Reggae,Bob Marley & The Wailers,Inglés,1996,9.9,verificado
Come on Home,Reggae,Joe Higgs,Inglés,1995,9.9,verificado
Roots Radical,Reggae,Jimmy Cliff,Inglés,1990,9.9,verificado
Crazy Baldheads,Reggae,Bob Marley & The Wailers,Inglés,1995,9.9,verificado
Sun Is Shining,Reggae,Bob Marley & The Wailers,Inglés,1995,9.9,verificado
Prodigal Son,Reggae,Steel Pulse,Inglés,1997,9.9,verificado
Life,Reggae,Culture,Inglés,1991,9.9,verificado
No War,Reggae,Culture,Inglés,1991,9.9,verificado
This Song,Reggae,Augustus Pablo,Inglés,1990,9.9,verificado
Mr. Music,Reggae,Culture,Inglés,1991,9.9,verificado
Blood a Go Run,Reggae,Culture,Inglés,1996,9.9,verificado
Mr. Consular Man,Reggae,Israel Vibration,Inglés,1995,9.9,verificado
Sugar Me,Reggae,Israel Vibration,Inglés,1995,9.9,verificado
Sciences Sans Conscience,Reggae,Alpha Blondy,Inglés,1992,9.9,verificado
Loving You,Reggae,Burning Spear,Inglés,1997,9.9,verificado
Papa Bakoye,Reggae,Alpha Blondy,Inglés,1992,9.9,verificado
Wisdom,Reggae,Dennis Brown,Inglés,1996,9.9,verificado
Share the Riches,Reggae,Culture,Inglés,1999,9.9,verificado
"Love, Love, Love",Reggae,Dennis Brown,Inglés,1996,9.9,verificado
Need a Little Loving,Reggae,Dennis Brown,Inglés,1996,9.9,verificado
Yéyé,Reggae,Alpha Blondy,Inglés,1992,9.9,verificado
Clean It Up,Reggae,Burning Spear,Inglés,1997,9.9,verificado
Unseen Guest,Reggae,Steel Pulse,Inglés,1997,9.9,verificado
Roots Revival,Reggae,Aswad,Inglés,1999,9.9,verificado
Natty Sing Hit Songs,Reggae,Roman Stewart,Inglés,1993,9.9,verificado
Caution,Reggae,Aswad,Inglés,1999,9.9,verificado
Whirlwind Romance,Reggae,Steel Pulse,Inglés,1994,9.9,verificado
Bootstraps,Reggae,Steel Pulse,Inglés,1994,9.9,verificado
X Ressurection,Reggae,Steel Pulse,Inglés,1994,9.9,verificado
No Justice No Peace,Reggae,Steel Pulse,Inglés,1994,9.9,verificado
Find Something to Do,Reggae,Israel Vibration,Inglés,1995,9.9,verificado
Love Is All You Need,Reggae,Israel Vibration,Inglés,1995,9.9,verificado
Just Another Girl,Reggae,Ken Boothe,Inglés,1996,9.9,verificado
Baby,Reggae,The Heptones,Inglés,1996,9.9,verificado
My Number One,Reggae,Gregory Isaacs,Inglés,1992,9.9,verificado
Nobody Home,Reggae,The Toyes,Inglés,1996,9.9,verificado
Tumbling Tears,Reggae,Gregory Isaacs,Inglés,1992,9.9,verificado
Each Day,Reggae,Gregory Isaacs,Inglés,1992,9.9,verificado
Sensible Proposition,Reggae,Rocker-T,Inglés,1999,9.9,verificado
Love and Unity,Reggae,The Viceroys,Inglés,1995,9.9,verificado
Guarantee My Love,Reggae,The Viceroys,Inglés,1995,9.9,verificado
Jollification,Reggae,The Viceroys,Inglés,1995,9.9,verificado
Don't Cry,Reggae,The Viceroys,Inglés,1995,9.9,verificado
Pose Up,Reggae,Cocoa Tea,Inglés,1992,9.9,verificado
Reggae Inna Summertime (Spanglish),Reggae,Big Mountain,Inglés,1992,9.9,verificado
Emotional Slaughter,Reggae,Black Uhuru,Inglés,1991,9.9,verificado
Biko's Kindred Lament,Reggae,Steel Pulse,Inglés,1997,9.9,verificado
Ghetto of Kingston Town,Reggae,Wailing Souls,Inglés,1996,9.9,verificado
Modern Slavery,Reggae,Wailing Souls,Inglés,1996,9.9,verificado
The Train Is Coming,Reggae,Ken Boothe,Inglés,1993,9.9,verificado
"Shadrach, Meshach, and Abednego",Reggae,The Viceroys,Inglés,1995,9.9,verificado
Love Jah,Reggae,The Viceroys,Inglés,1995,9.9,verificado
Last Night,Reggae,The Viceroys,Inglés,1995,9.9,verificado
Slogan on the Wall,Reggae,The Viceroys,Inglés,1995,9.9,verificado
Mosiah Rockers,Reggae,Culture,Inglés,1994,9.9,verificado
Bust Outta Hell,Reggae,Cocoa Tea,Inglés,1992,9.9,verificado
Gone Bad,Reggae,The Mighty Diamonds,Inglés,1994,9.9,verificado
Tired Fi Lick Weed Inna Bush,Reggae,Jacob Miller,Inglés,1999,9.9,verificado
Concrete Jungle,Reggae,The Wailers,Inglés,1991,9.9,verificado
Stop That Train,Reggae,The Wailers,Inglés,1991,9.9,verificado
"Get Up, Stand Up",Reggae,Bob Marley & The Wailers,Inglés,1991,9.9,verificado
Slave Driver,Reggae,Bob Marley & The Wailers,Inglés,1991,9.9,verificado
Lonesome Feeling,Reggae,Marcia Griffiths,Inglés,1992,9.9,verificado
Rock Away,Reggae,U‐Roy,Inglés,1995,9.9,verificado
Different Colours / One People,Reggae,Lucky Dube,Inglés,1993,9.9,verificado
Leave My Business,Reggae,Peter Tosh,Inglés,1997,9.9,verificado
Keep On Moving,Reggae,Bob Marley & The Wailers,Inglés,1995,9.9,verificado
The Savior,Punk,The Crucifucks,Inglés,1992,9.9,verificado
Alone,Punk,blink‐182,Inglés,1993,9.9,verificado
Freak Scene,Punk,blink‐182,Inglés,1993,9.9,verificado
Time,Punk,blink‐182,Inglés,1993,9.9,verificado
Invasion of the Saucerman,Punk,The Lillingtons,Inglés,1999,9.9,verificado
Death Trip,Punk,Iggy and The Stooges,Inglés,1995,9.9,verificado
Born Deprived,Punk,Wasted Youth,Inglés,1990,9.9,verificado
1 Down 3 to Go,Punk,The Meatmen,Inglés,1990,9.9,verificado
Middle Aged Youth,Punk,The Meatmen,Inglés,1990,9.9,verificado
TSOL Are Sissies,Punk,The Meatmen,Inglés,1990,9.9,verificado
Laws Against Laughing,Punk,The Crucifucks,Inglés,1992,9.9,verificado
Cough/Cool,Punk,Misfits,Inglés,1995,9.9,verificado
Mephisto Waltz,Punk,Misfits,Inglés,1995,9.9,verificado
I Want You Around,Punk,Ramones,Inglés,1990,9.9,verificado
Zoo‐Music‐Girl,Punk,The Birthday Party,Inglés,1999,9.9,verificado
Crash Landed,Punk,Palpatine,Inglés,1998,9.9,verificado
Trenches,Punk,Palpatine,Inglés,1998,9.9,verificado
End This,Punk,Palpatine,Inglés,1998,9.9,verificado
1000 Times,Punk,Palpatine,Inglés,1998,9.9,verificado
Pointless,Punk,Palpatine,Inglés,1998,9.9,verificado
I Got a Right,Punk,The Stooges,Inglés,1995,9.9,verificado
Resurrection,Punk,The Crucifucks,Inglés,1992,9.9,verificado
Annual Report,Punk,The Crucifucks,Inglés,1992,9.9,verificado
Red Skies,Punk,blink‐182,Inglés,1993,9.9,verificado
Reebok Commercial,Punk,blink‐182,Inglés,1993,9.9,verificado
Don’t Push Me Around,Punk,The Zeros,Inglés,1993,9.9,verificado
I Came From the Future,Punk,The Lillingtons,Inglés,1999,9.9,verificado
Not Right,Punk,Iggy and The Stooges,Inglés,1994,9.9,verificado
Dropdead,Punk,Palpatine,Inglés,1998,9.9,verificado
Left Behind,Punk,Palpatine,Inglés,1998,9.9,verificado
Not Ready to Go Yet,Punk,Palpatine,Inglés,1998,9.9,verificado
Raw Power,Punk,Iggy and The Stooges,Inglés,1994,9.9,verificado
Funhouse,Punk,The Birthday Party,Inglés,1999,9.9,verificado
Some Kinda Hate,Punk,Misfits,Inglés,1996,9.9,verificado
The Mountain Song,Punk,The Crucifucks,Inglés,1992,9.9,verificado
Before They Make Me Run,Punk,Steve Earle,Inglés,1997,9.9,verificado
Problem Child,Punk,Wasted Youth,Inglés,1990,9.9,verificado
We Were on Heroin,Punk,Wasted Youth,Inglés,1990,9.9,verificado
You're a Jerk,Punk,Wasted Youth,Inglés,1990,9.9,verificado
Lights Out,Punk,Angry Samoans,Inglés,1993,9.9,verificado
Marlboro Man,Punk,blink‐182,Inglés,1993,9.9,verificado
9 Seconds Remaining,Punk,Agnostic Front,Inglés,1999,9.9,verificado
Shake Appeal,Punk,Iggy and The Stooges,Inglés,1995,9.9,verificado
Robots in My Dreams,Punk,The Lillingtons,Inglés,1999,9.9,verificado
Hard to Beat,Punk,Iggy and The Stooges,Inglés,1995,9.9,verificado
Disease,Punk,Palpatine,Inglés,1998,9.9,verificado
Second Thoughts,Punk,Palpatine,Inglés,1998,9.9,verificado
Terminal,Punk,Palpatine,Inglés,1998,9.9,verificado
Nil by Mouth,Punk,Palpatine,Inglés,1998,9.9,verificado
Horror Hotel,Punk,Misfits,Inglés,1995,9.9,verificado
F*** You I'm Drunk,Punk,Bondo,Inglés,1997,9.9,verificado
Teenagers From Mars,Punk,Misfits,Inglés,1996,9.9,verificado
Last Caress,Punk,Misfits,Inglés,1995,9.9,verificado
Circus Act,Punk,Bracket,Inglés,1995,9.9,verificado
Gimme Danger,Punk,Iggy and The Stooges,Inglés,1995,9.9,verificado
I Need Somebody,Punk,Iggy and The Stooges,Inglés,1994,9.9,verificado
Point of View,Punk,blink‐182,Inglés,1993,9.9,verificado
Teenage Nark,Punk,Wasted Youth,Inglés,1990,9.9,verificado
Take You,Punk,Rancid,Inglés,1992,9.9,verificado
Revenge,Punk,Palpatine,Inglés,1998,9.9,verificado
So Long Sucka,Punk,Palpatine,Inglés,1998,9.9,verificado
Return of the Fly,Punk,Misfits,Inglés,1995,9.9,verificado
Saturday Night,Punk,Misfits,Inglés,1999,9.9,verificado
Halloween,Punk,Misfits,Inglés,1994,9.9,verificado
Radio 55,Punk,Teengenerate,Inglés,1994,9.9,verificado
Tu reputación,Pop,Ricardo Arjona,Inglés,1999,9.9,verificado
No me puedes pedir,Pop,Olga Tañón,Inglés,1993,9.9,verificado
Uno se cura,Pop,Raulín Rosendo,Inglés,1998,9.9,verificado
De domingo a domingo,Pop,Julio Iglesias,Inglés,1992,9.9,verificado
Somos,Pop,Julio Iglesias,Inglés,1992,9.9,verificado
Me ama mô,Pop,Julio Iglesias,Inglés,1992,9.9,verificado
Uno,Pop,Julio Iglesias,Inglés,1992,9.9,verificado
Sólo le pido a Dios,Pop,Ana Belén,Inglés,1994,9.9,verificado
Volver,Pop,Tito Gómez,Inglés,1997,9.9,verificado
Libertango,Pop,Sexteto Mayor,Inglés,1994,9.9,verificado
Rompiendo fuente,Pop,Juan Luis Guerra 4.40,Inglés,1992,9.9,verificado
Llévame contigo,Pop,Olga Tañón,Inglés,1997,9.9,verificado
Por amor al arte,Pop,Olga Tañón,Inglés,1997,9.9,verificado
Aún pienso en ti,Pop,Olga Tañón,Inglés,1994,9.9,verificado
Yo no te pido,Pop,Gilberto Santa Rosa,Inglés,1996,9.9,verificado
Mambo macoco,Pop,Tito Puente,Inglés,1992,9.9,verificado
Ojos de perro azul,Pop,Rubén Blades,Inglés,1990,9.9,verificado
Nuestro amor,Pop,Tito Puente,Inglés,1996,9.9,verificado
"Mi error, mi fantasía",Pop,Edith Márquez,Inglés,1998,9.9,verificado
Amor narcótico,Pop,Chichi Peralta,Inglés,1997,9.9,verificado
Desde la Calle 33,Pop,Ricardo Arjona,Inglés,1999,9.9,verificado
Son con son,Pop,Tito Puente,Inglés,1996,9.9,verificado
A caña y a café,Pop,Julio Iglesias,Inglés,1992,9.9,verificado
Cachamba,Pop,Kinito Méndez,Inglés,1995,9.9,verificado
La guerra de los callados,Pop,Joe Arroyo y La Verdad,Inglés,1991,9.9,verificado
Que bailen los niños,Pop,Olga Tañón,Inglés,1997,9.9,verificado
Cuando no puedo verlo,Pop,Olga Tañón,Inglés,1997,9.9,verificado
Siempre en mi corazón,Pop,Olga Tañón,Inglés,1997,9.9,verificado
El yoyo,Pop,Tito Puente,Inglés,1997,9.9,verificado
A San Lázaro (Babalú),Pop,Yolanda Rayo,Inglés,1996,9.9,verificado
Esos amores,Pop,Julio Iglesias,Inglés,1992,9.9,verificado
Y aunque te haga calor,Pop,Julio Iglesias,Inglés,1992,9.9,verificado
Pobre changuita,Pop,Lila Downs,Inglés,1999,9.9,verificado
Areíto,Pop,Juan Luis Guerra 4.40,Inglés,1992,9.9,verificado
Que bueno baila usted,Pop,Oscar D’León,Inglés,1991,9.9,verificado
Pero siempre regresas,Pop,Olga Tañón,Inglés,1993,9.9,verificado
Bandolera,Pop,Johnny Ray,Inglés,1996,9.9,verificado
El niño,Pop,Olga Tañón,Inglés,1998,9.9,verificado
La sandunga,Pop,Lila Downs,Inglés,1999,9.9,verificado
Gavilán o paloma,Pop,José José,Inglés,1990,9.9,verificado
Lia,Pop,Julio Iglesias,Inglés,1992,9.9,verificado
Pa' Mayté,Pop,Carlos Vives,Inglés,1995,9.9,verificado
Si saliera petróleo,Pop,Juan Luis Guerra 4.40,Inglés,1992,9.9,verificado
Coche viejo,Pop,Os Paralamas do Sucesso,Inglés,1995,9.9,verificado
Masquerade,Rock,Die Laughing,Inglés,1995,9.9,verificado
Instant Karma,Rock,The Mission,Inglés,1995,9.9,verificado
Standing,Rock,Vendemmian,Inglés,1996,9.9,verificado
Sacrosanct,Rock,Play Dead,Inglés,1993,9.9,verificado
Body of the Fish,Rock,The Horatii,Inglés,1995,9.9,verificado
Bloodstains,Rock,Play Dead,Inglés,1992,9.9,verificado
Hypocrisy,Rock,Die Laughing,Inglés,1995,9.9,verificado
Killing Time,Rock,Rubicon,Inglés,1992,9.9,verificado
Bethesda,Rock,Bleach,Inglés,1991,9.9,verificado
Americanos,Rock,Theatre of Hate,Inglés,1998,9.9,verificado
The Black Madonna,Rock,Theatre of Hate,Inglés,1998,9.9,verificado
Ovature,Rock,Theatre of Hate,Inglés,1998,9.9,verificado
Reward,Rock,Play Dead,Inglés,1993,9.9,verificado
Loves Death Scene,Rock,Vendemmian,Inglés,1995,9.9,verificado
Nero,Rock,Theatre of Hate,Inglés,1998,9.9,verificado
Solution,Rock,Theatre of Hate,Inglés,1998,9.9,verificado
Eastworld,Rock,Theatre of Hate,Inglés,1998,9.9,verificado
That's My Girl,Rock,The Horatii,Inglés,1995,9.9,verificado
Before My Eyes,Rock,Rubicon,Inglés,1992,9.9,verificado
Unspoken,Rock,Rubicon,Inglés,1992,9.9,verificado
Rivers,Rock,Rubicon,Inglés,1992,9.9,verificado
Falling,Rock,Vendemmian,Inglés,1995,9.9,verificado
This Cold Life,Rock,Paradise Lost,Inglés,1998,9.9,verificado
Last Exit for the Lost,Rock,Fields of the Nephilim,Inglés,1991,9.9,verificado
Intro (Dead but Dreaming) / For Her Light / At the Gates of Silent Memory / (Paradise Regained),Rock,Fields of the Nephilim,Inglés,1991,9.9,verificado
Sway,Rock,The Mission,Inglés,1995,9.9,verificado
Sour Puss,Rock,The Mission,Inglés,1994,9.9,verificado
Metal Guru,Rock,The Metal Gurus,Inglés,1990,9.9,verificado
Blue World,Rock,The Moody Blues,Inglés,1991,9.9,verificado
Dreamland,Rock,The Snake Corps,Inglés,1995,9.9,verificado
Come the Glorious Day,Rock,The Snake Corps,Inglés,1995,9.9,verificado
Hollow,Rock,Children on Stun,Inglés,1998,9.9,verificado
Garçon #2,Rock,Аквариум,Inglés,1995,9.9,verificado
Such a Rush,Rock,Coldplay,Inglés,1998,9.9,verificado
Redwood Blues,Rock,Spiritual Beggars,Inglés,1998,9.9,verificado
Kan-non Power,Rock,The Robert Fripp String Quintet,Inglés,1993,9.9,verificado
Bicycling to Afghanistan,Rock,The Robert Fripp String Quintet,Inglés,1993,9.9,verificado
Be My Friend,Rock,Free,Inglés,1991,9.9,verificado
Can I?,Rock,Yes,Inglés,1999,9.9,verificado
Miss You,Rock,Manfred Mann’s Earth Band,Inglés,1996,9.9,verificado
The Price I Pay,Rock,Manfred Mann’s Earth Band,Inglés,1996,9.9,verificado
"Wherever Love Drops, Part Two",Rock,Manfred Mann’s Earth Band,Inglés,1996,9.9,verificado
Nature of the Beast,Rock,Manfred Mann’s Earth Band,Inglés,1996,9.9,verificado
Play With Fire,Rock,Manfred Mann’s Earth Band,Inglés,1996,9.9,verificado
Woman to Hare,Rock,Inkubus Sukkubus,Inglés,1997,9.9,verificado
Kiss of Hades,Rock,Inkubus Sukkubus,Inglés,1999,9.9,verificado
Two Shadows,Rock,Gene Loves Jezebel,Inglés,1990,9.9,verificado
Craft of the Wise,Rock,Inkubus Sukkubus,Inglés,1998,9.9,verificado
Finally,Rock,Yes,Inglés,1999,9.9,verificado
Come Together,Rock,Spiritualized,Inglés,1998,9.9,verificado
Stone Circles ’n’ You,Rock,Julian Cope,Inglés,1995,9.9,verificado
Encore… Stormy Monday Blues,Rock,Colosseum,Inglés,1992,9.9,verificado
Come Around,Rock,Thin White Rope,Inglés,1997,9.9,verificado
Think It Over,Rock,Uriah Heep,Inglés,1997,9.9,verificado
Sound Chaser,Rock,Yes,Inglés,1991,9.9,verificado
Let’s Get Lost,Rock,Ride,Inglés,1994,9.9,verificado
Don’t Let It Die,Rock,Ride,Inglés,1994,9.9,verificado
Only Now,Rock,Ride,Inglés,1994,9.9,verificado
Loving You Out Loud,Rock,Bad Company,Inglés,1995,9.9,verificado
World Around,Rock,Levitation,Inglés,1992,9.9,verificado
Anybody Seen My Girl?,Rock,Joe Cocker,Inglés,1996,9.9,verificado
Cannibal Surf Babe,Rock,Marillion,Inglés,1997,9.9,verificado
She Came In Thru The Bathroom Window,Rock,Joe Cocker,Inglés,1995,9.9,verificado
Belief,Rock,The Mission,Inglés,1994,9.9,verificado
Kingdom Come,Rock,The Mission,Inglés,1994,9.9,verificado
Travellin’ in the Dark (To E.M.P.),Rock,Mountain,Inglés,1991,9.9,verificado
Revelate,Rock,The Frames,Inglés,1996,9.9,verificado
Down the Dustpipe,Rock,Status Quo,Inglés,1990,9.9,verificado
Heaven Sends You,Rock,The Mission,Inglés,1990,9.9,verificado
Reverberation (Doubt),Rock,The Jesus and Mary Chain,Inglés,1990,9.9,verificado
Waves Wash Over Me,Rock,Spectrum,Inglés,1992,9.9,verificado
Homeworld (The Ladder),Rock,Yes,Inglés,1999,9.9,verificado
The Witch of Berkeley,Rock,Inkubus Sukkubus,Inglés,1997,9.9,verificado
Blockhead,Rock,The Robert Fripp String Quintet,Inglés,1993,9.9,verificado
Hell-Fire,Rock,Inkubus Sukkubus,Inglés,1997,9.9,verificado
It’ll End in Tears,Rock,Gene Loves Jezebel,Inglés,1990,9.9,verificado
Don’t You Worry,Rock,Gorky’s Zygotic Mynci,Inglés,1999,9.9,verificado
Shadowmaker,Rock,Nosferatu,Inglés,1994,9.9,verificado
Momma,Rock,Electric Light Orchestra,Inglés,1991,9.9,verificado
"Armstrong, Aldrin and Collins",Rock,The Byrds,Inglés,1997,9.9,verificado
Ave Dementia,Rock,The Marionettes,Inglés,1992,9.9,verificado
Arcs of Light and Dew,Rock,Levitation,Inglés,1992,9.9,verificado
Hangnail,Rock,Levitation,Inglés,1992,9.9,verificado
Pleasure and Pain,Rock,Manfred Mann’s Earth Band,Inglés,1996,9.9,verificado
Glamour and Suicide,Rock,Die Laughing,Inglés,1995,9.9,verificado
No Backstage Pass,Rock,Caravan,Inglés,1991,9.9,verificado
Swoon,Rock,The Mission,Inglés,1995,9.9,verificado
Hard as Love (instrumental),Rock,Marillion,Inglés,1998,9.9,verificado
Resurrection,Rock,Brian May,Inglés,1992,9.9,verificado
(Dead but Dreaming) / For Her Light,Rock,Fields of the Nephilim,Inglés,1990,9.9,verificado
Melissa,Rock,The Allman Brothers Band,Inglés,1991,9.9,verificado
Montreux’s Theme,Rock,Yes,Inglés,1991,9.9,verificado
Shelter From the Storm,Rock,The Mission,Inglés,1994,9.9,verificado
Hungry as the Hunter,Rock,The Mission,Inglés,1990,9.9,verificado
AWOL,Rock,Jethro Tull,Inglés,1999,9.9,verificado
Still Loving You Tonight,Rock,Jethro Tull,Inglés,1991,9.9,verificado
Lose Myself in You,Rock,The Mission,Inglés,1995,9.9,verificado
The Seeds of Change,Heavy metal,Marshall Law,Inglés,1997,9.9,verificado
Oh Yeah…,Hip hop,Roots Manuva,Inglés,1999,9.9,verificado
Let Me Down Easy,Soul,Bettye LaVette,Inglés,1995,9.9,verificado
Ain't Nobody's Business,Soul,Ike & Tina Turner,Inglés,1996,9.9,verificado
It Sho' Ain't Me,Soul,Ike & Tina Turner,Inglés,1993,9.9,verificado
I Can’t Work No Longer,Soul,Billy Butler & the Chanters,Inglés,1995,9.9,verificado
Mean Man,Soul,Betty Harris,Inglés,1998,9.9,verificado
This Heart of Mine,Soul,The Artistics,Inglés,1996,9.9,verificado
Please Operator,Soul,Tony & Tyrone,Inglés,1999,9.9,verificado
The Duck,Soul,Jackie Lee,Inglés,1997,9.9,verificado
There Ain’t Nothing (Like Your Loving),Soul,Paul Laurence,Inglés,1996,9.9,verificado
Four Play,Funk,Fred Wesley,Inglés,1993,9.9,verificado
Sing a Simple Song,Funk,The Meters,Inglés,1991,9.9,verificado
Funkin’ For Jamaica,Funk,Tom Browne,Inglés,1998,9.9,verificado
Testify (Narcotic dub),House,Jay Williams,Inglés,1997,9.9,verificado
Clear & Present,Techno,Carl Craig,Inglés,1995,9.9,verificado
You Can Cry on My Shoulder,Reggae,Ali Campbell,Inglés,1995,9.9,verificado
Happiness,Reggae,Ali Campbell,Inglés,1995,9.9,verificado
Big Love (Intro),Reggae,Ali Campbell,Inglés,1995,9.9,verificado
Big Love,Reggae,Ali Campbell,Inglés,1995,9.9,verificado
Pay the Rent,Reggae,Ali Campbell,Inglés,1995,9.9,verificado
Stop the Guns,Reggae,Ali Campbell,Inglés,1995,9.9,verificado
Talking Blackbird,Reggae,Ali Campbell,Inglés,1995,9.9,verificado
When You’re Gone,Pop,The Cranberries,Español,1996,9.9,verificado
Amor etílico,Hip hop,7 Notas 7 Colores,Español,1993,9.9,verificado
Difícil como un lunes por la mañana,Hip hop,7 Notas 7 Colores,Español,1993,9.9,verificado
Esquizoide,Hip hop,Jazz Two,Español,1998,9.9,verificado
Peces nadando,Hip hop,7 Notas 7 Colores,Español,1993,9.9,verificado
Perro mutante,Hip hop,7 Notas 7 Colores,Español,1993,9.9,verificado
La casa del piloto,Hip hop,7 Notas 7 Colores,Español,1993,9.9,verificado
Ven,Rap,El Club de los Poetas Violentos,Español,1997,9.9,verificado
Johnny B,Rap,Down Low,Español,1998,9.9,verificado
Solid as a Rock,Reggae,Bim Sherman,Español,1995,9.9,verificado
Don,Reggae,Tiken Jah Fakoly,Español,1996,9.9,verificado
Alma llanera,Pop,Julio Iglesias,Español,1999,9.9,verificado
Amor sin fronteras,Pop,Ana Belén,Español,1993,9.9,verificado
Earth Blues,Rock,Jimi Hendrix,Español,1999,9.9,verificado
Who Knows,Rock,Jimi Hendrix,Español,1999,9.9,verificado
Machine Gun,Rock,Jimi Hendrix,Español,1999,9.9,verificado
Burning Desire,Rock,Jimi Hendrix,Español,1999,9.9,verificado
Them Changes,Rock,Jimi Hendrix,Español,1999,9.9,verificado
Gina’s Song,Rock,Pat Benatar,Español,1997,9.9,verificado
Stepping Stone,Rock,Jimi Hendrix,Español,1999,9.9,verificado
"That, That Is: a. Togetherness / b. Crossfire / c. The Giving Things / d. That Is / e. All in All / f. How Did Heaven Begin / g. Agree to Agree",Rock,Yes,Español,1996,9.9,verificado
Bring Me to the Power,Rock,Yes,Español,1997,9.9,verificado
Sign Language,Rock,Yes,Español,1997,9.9,verificado
Hear My Train a Comin’,Rock,Jimi Hendrix,Español,1999,9.9,verificado
At This Time,Rock,Pat Benatar,Español,1997,9.9,verificado
Signs of Future,Rock,Cast,Español,1995,9.9,verificado
Nostrabamos,Rock,Cast,Español,1995,9.9,verificado
Mayday,Rock,Cast,Español,1995,9.9,verificado
Endless Signs,Rock,Cast,Español,1995,9.9,verificado
After the Flood,Rock,Talk Talk,Español,1991,9.9,verificado
Travelling Light,Rock,Tindersticks,Español,1995,9.9,verificado
Allow Me,Rock,Cast,Español,1995,9.9,verificado
Spirit of Man,Rock,Cast,Español,1995,9.9,verificado
Power Games,Rock,Cast,Español,1995,9.9,verificado
Hidden Poems,Rock,Cast,Español,1995,9.9,verificado
Only You,Rock,Pat Benatar,Español,1997,9.9,verificado
Sightseeing,Rock,Bob Seger & the Silver Bullet Band,Español,1991,9.9,verificado
She Can’t Do Anything Wrong,Rock,Bob Seger & the Silver Bullet Band,Español,1991,9.9,verificado
Blind Love,Rock,Bob Seger & the Silver Bullet Band,Español,1991,9.9,verificado
The Sound of Freedom,Rock,Swans,Español,1992,9.9,verificado
Which Way,Rock,Bob Seger & the Silver Bullet Band,Español,1991,9.9,verificado
The Long Way Home,Rock,Bob Seger & the Silver Bullet Band,Español,1991,9.9,verificado
Will You Remember Me,Rock,Jann Arden,Español,1993,9.9,verificado
I’m Not Your Lover,Rock,Jann Arden,Español,1993,9.9,verificado
The Mountain,Rock,Bob Seger & the Silver Bullet Band,Español,1991,9.9,verificado
Real at the Time,Rock,Bob Seger & the Silver Bullet Band,Español,1991,9.9,verificado
Loaded,Rock,ZZ Top,Español,1996,9.9,verificado
Cop Shoot Cop…,Rock,Spiritualized,Español,1997,9.9,verificado
If You Dare,Rock,AC/DC,Español,1990,9.9,verificado
Rock Your Heart Out,Rock,AC/DC,Español,1990,9.9,verificado
Got You by the Balls,Rock,AC/DC,Español,1990,9.9,verificado
Let’s Make It,Rock,AC/DC,Español,1990,9.9,verificado
Goodbye & Good Riddance to Bad Luck,Rock,AC/DC,Español,1990,9.9,verificado
Real Man,Rock,Bruce Springsteen,Español,1992,9.9,verificado
The Individual,Rock,Spiritualized,Español,1997,9.9,verificado
Sleepy Song,Rock,Tindersticks,Español,1995,9.9,verificado
Jimmy Gillum,Rock,38 Special,Español,1991,9.9,verificado
Give Me Back My Heart,Rock,Jann Arden,Español,1993,9.9,verificado
Over You,Rock,Jann Arden,Español,1993,9.9,verificado
Time for Mercy,Rock,Jann Arden,Español,1993,9.9,verificado
Take a Chance,Rock,Bob Seger & the Silver Bullet Band,Español,1991,9.9,verificado
Tear It Up,Rock,38 Special,Español,1991,9.9,verificado
Kitchen Window,Rock,Jann Arden,Español,1993,9.9,verificado
Kingdom of Desire,Rock,Toto,Español,1992,9.9,verificado
We Do Some Strange Things,Rock,Jann Arden,Español,1993,9.9,verificado
Auld Lang Syne,Rock,Jimi Hendrix,Español,1999,9.9,verificado
Always in My Heart,Rock,Bob Seger & the Silver Bullet Band,Español,1991,9.9,verificado
Faithfully,Rock,Journey,Español,1998,9.9,verificado
You Definitely Got Me,Rock,38 Special,Español,1991,9.9,verificado
Can’t Shake It,Rock,38 Special,Español,1991,9.9,verificado
Rebel to Rebel,Rock,38 Special,Español,1991,9.9,verificado
The Sound of Your Voice,Rock,38 Special,Español,1991,9.9,verificado
2 Hearts,Rock,Toto,Español,1992,9.9,verificado
Sometimes Love Just Ain’t Enough,Rock,Patty Smyth,Español,1992,9.9,verificado
What’s Up With That,Rock,ZZ Top,Español,1996,9.9,verificado
Rocky Mountain Way,Rock,Joe Walsh,Español,1994,9.9,verificado
Carry the Water,Rock,Bruce Hornsby & the Range,Español,1990,9.9,verificado
Ich geh’ auf Glas (die Andere),Rock,Rosenstolz,Español,1992,9.9,verificado
Toma la luna,Rock,Eros Ramazzotti,Español,1991,9.9,verificado
Demonizer 48/48,Rock,The Heads,Español,1996,9.9,verificado
Rio Grande,Rock,Eddy Mitchell,Español,1993,9.9,verificado
Another Day,Rock,Bruce Hornsby & the Range,Español,1990,9.9,verificado
Barren Ground,Rock,Bruce Hornsby & the Range,Español,1990,9.9,verificado
These Arms of Mine,Rock,Bruce Hornsby & the Range,Español,1990,9.9,verificado
Lost Soul,Rock,Bruce Hornsby & the Range,Español,1990,9.9,verificado
Unmasked,Rock,Robert Wyatt,Español,1992,9.9,verificado
Stranded on Easy Street,Rock,Bruce Hornsby & the Range,Español,1990,9.9,verificado
Standing Outside a Broken Phone Booth With Money in My Hand,Rock,Primitive Radio Gods,Español,1996,9.9,verificado
Be the One: a. The One / b. Humankind / c. Skates,Rock,Yes,Español,1996,9.9,verificado
Erwarten ’se nix,Rock,Rosenstolz,Español,1992,9.9,verificado
Soubrette werd’ ich nie,Rock,Rosenstolz,Español,1992,9.9,verificado
Secret,Rock,Heart,Español,1990,9.9,verificado
Háblame,Pop,Tania Libertad,Español,1991,9.9,verificado
Mírame a los ojos,Pop,Onda Vaselina,Español,1998,9.9,verificado
Soldado del amor,Pop,Mijares,Español,1990,9.9,verificado
Le Temps de l’amour,Pop,April March,Español,1995,9.9,verificado
Paradise,Pop,The Ronettes,Español,1991,9.9,verificado
When It Comes to You,Rock,Dire Straits,Brasilero,1991,9.9,verificado
The Bug,Rock,Dire Straits,Brasilero,1991,9.9,verificado
On Every Street,Rock,Dire Straits,Brasilero,1991,9.9,verificado
Sober,Rock,Drugstore,Brasilero,1998,9.9,verificado
29 Palms,Rock,Robert Plant,Brasilero,1993,9.9,verificado
Danger Bird,Rock,Neil Young,Brasilero,1997,9.9,verificado
Mr. Soul,Rock,Neil Young,Brasilero,1997,9.9,verificado
Memory Song (Hello Hello),Rock,Robert Plant,Brasilero,1993,9.9,verificado
Human Highway,Rock,Neil Young,Brasilero,1997,9.9,verificado
Great Spirit,Rock,Robert Plant,Brasilero,1993,9.9,verificado
Scattered (Let’s Think About Livin’),Rock,Neil Young,Brasilero,1997,9.9,verificado
If I Were a Carpenter,Rock,Robert Plant,Brasilero,1993,9.9,verificado
I Believe,Rock,Robert Plant,Brasilero,1993,9.9,verificado
Planet of New Orleans,Rock,Dire Straits,Brasilero,1991,9.9,verificado
Down to the Sea,Rock,Robert Plant,Brasilero,1993,9.9,verificado
Come Into My Life,Rock,Robert Plant,Brasilero,1993,9.9,verificado
Network News,Rock,Robert Plant,Brasilero,1993,9.9,verificado
Promised Land,Rock,Robert Plant,Brasilero,1993,9.9,verificado
The Painter and the King,Rock,Ezra Winston,Brasilero,1990,9.9,verificado
Open Your Eyes,Rock,Asia,Brasilero,1990,9.9,verificado
Um lugar do caralho,Rock,Júpiter Maçã,Brasilero,1997,9.9,verificado
Go,Rock,Asia,Brasilero,1990,9.9,verificado
Fool You Are,Rock,Lloyd Cole,Brasilero,1999,9.9,verificado
Lost Weekend,Rock,Lloyd Cole and the Commotions,Brasilero,1996,9.9,verificado
Night-Storm,Rock,Ezra Winston,Brasilero,1990,9.9,verificado
I Can’t Forget,Rock,Pixies,Brasilero,1991,9.9,verificado
Squeeze Box,Rock,The Who,Brasilero,1996,9.9,verificado
Goodbye Goodguy,Rock,Frente!,Brasilero,1996,9.9,verificado
Hush,Rock,Gotthard,Brasilero,1992,9.9,verificado
Train,Rock,Lori Carson,Brasilero,1996,9.9,verificado
Whoa'eeh,Rock,Jimi Hendrix,Brasilero,1996,9.9,verificado
Calling Elvis,Rock,Dire Straits,Brasilero,1991,9.9,verificado
I Wanna Go to the Sun,Rock,Peter Frampton,Brasilero,1992,9.9,verificado
The Greatest Gift,Rock,Robert Plant,Brasilero,1993,9.9,verificado
Lonely Nights,Rock,Scorpions,Brasilero,1993,9.9,verificado
How Long,Rock,Dire Straits,Brasilero,1991,9.9,verificado
Outbreak of Love,Rock,Midnight Oil,Brasilero,1993,9.9,verificado
Feeding Frenzy,Rock,Midnight Oil,Brasilero,1993,9.9,verificado
(intro) Continental Drift,Rock,The Rolling Stones,Brasilero,1991,9.9,verificado
Fade to Black,Rock,Dire Straits,Brasilero,1991,9.9,verificado
Drums of Heaven,Rock,Midnight Oil,Brasilero,1993,9.9,verificado
Earth and Sun and Moon,Rock,Midnight Oil,Brasilero,1993,9.9,verificado
Renaissance Man,Rock,Midnight Oil,Brasilero,1993,9.9,verificado
Truganini,Rock,Midnight Oil,Brasilero,1993,9.9,verificado
Sister Golden Hair,Rock,America,Brasilero,1996,9.9,verificado
Miss You,Rock,The Rolling Stones,Brasilero,1991,9.9,verificado
Rock and a Hard Place,Rock,The Rolling Stones,Brasilero,1991,9.9,verificado
Sex Drive,Rock,The Rolling Stones,Brasilero,1991,9.9,verificado
(I Can’t Get No) Satisfaction,Rock,The Rolling Stones,Brasilero,1991,9.9,verificado
Sympathy for the Devil,Rock,The Rolling Stones,Brasilero,1991,9.9,verificado
Ruby Tuesday,Rock,The Rolling Stones,Brasilero,1991,9.9,verificado
Can’t Be Seen,Rock,The Rolling Stones,Brasilero,1991,9.9,verificado
Factory Girl,Rock,The Rolling Stones,Brasilero,1991,9.9,verificado
Brown Sugar,Rock,The Rolling Stones,Brasilero,1991,9.9,verificado
Money Is My Bitch,Rock argentino,Nas,Español,1999,9.8,verificado
Ghetto Prisoners,Rock argentino,Nas,Español,1999,9.8,verificado
Big Things,Rock argentino,Nas,Español,1999,9.8,verificado
I Want to Talk to You,Rock argentino,Nas,Español,1999,9.8,verificado
Burna,Rock argentino,Beginner,Español,1996,9.8,verificado
Platinum Plus,Rock argentino,Ruff Ryders,Español,1999,9.8,verificado
Do That Shit,Rock argentino,Ruff Ryders,Español,1999,9.8,verificado
I’m a Ruff Ryder,Rock argentino,Parle,Español,1999,9.8,verificado
Takin’ Money (skit),Rock argentino,Ruff Ryders,Español,1999,9.8,verificado
The Hood,Rock argentino,Ruff Ryders,Español,1999,9.8,verificado
Kiss of Death,Rock argentino,Ruff Ryders,Español,1999,9.8,verificado
Buff Ryder (skit),Rock argentino,Ruff Ryders,Español,1999,9.8,verificado
Bugout,Rock argentino,Ruff Ryders,Español,1999,9.8,verificado
Dope Money,Rock argentino,Ruff Ryders,Español,1999,9.8,verificado
Some X Shit,Rock argentino,Ruff Ryders,Español,1999,9.8,verificado
Standing on the Top,Rock argentino,The Temptations,Español,1994,9.8,verificado
Steal Away,Rock argentino,Johnnie Taylor,Español,1991,9.8,verificado
I Got My Baby Back,Rock argentino,Lorraine Ellison,Español,1995,9.8,verificado
My Favorite Things,Rock argentino,Luther Vandross,Español,1995,9.8,verificado
In Your Wildest Dreams,Rock argentino,Tina Turner,Español,1997,9.8,verificado
Red Indian Girl,Pop,B*Witched,Inglés,1999,9.8,verificado
Lazy Summer Night,Pop,The Four Preps,Inglés,1996,9.8,verificado
"You Came, You Saw, You Conquered",Pop,The Ronettes,Inglés,1990,9.8,verificado
Rolls Royce,Pop,Pizzicato Five,Inglés,1999,9.8,verificado
Lies,Pop,Roxette,Inglés,1994,9.8,verificado
I Love the Sound of Crashing Guitars,Pop,Roxette,Inglés,1994,9.8,verificado
Do You Wanna Go the Whole Way?,Pop,Roxette,Inglés,1994,9.8,verificado
Place Your Love,Pop,Roxette,Inglés,1994,9.8,verificado
Ivory Tower,Pop,Gale Storm,Inglés,1995,9.8,verificado
The Great Invitation,Pop,Pizzicato Five,Inglés,1998,9.8,verificado
Aba Daba Honeymoon,Pop,Debbie Reynolds,Inglés,1991,9.8,verificado
I May Be Ugly,Pop,The Beautiful South,Inglés,1998,9.8,verificado
Pockets,Pop,The Beautiful South,Inglés,1998,9.8,verificado
The Slide,Pop,The Beautiful South,Inglés,1998,9.8,verificado
Get on the Line,Pop,The Archies,Inglés,1998,9.8,verificado
It Hurts,Pop,Wet Wet Wet,Inglés,1997,9.8,verificado
The Only Sounds,Pop,Wet Wet Wet,Inglés,1997,9.8,verificado
María la del barrio,Pop,Thalía,Inglés,1995,9.8,verificado
Beach Baby,Pop,First Class,Inglés,1998,9.8,verificado
I Wish I Was in Love,Pop,The Lightning Seeds,Inglés,1999,9.8,verificado
コンチェルト,Pop,Pizzicato Five,Inglés,1998,9.8,verificado
Morning Girl,Pop,The Neon Philharmonic,Inglés,1990,9.8,verificado
The More I See You,Pop,Chris Montez,Inglés,1999,9.8,verificado
Henry Hudson,Pop,Nico,Inglés,1996,9.8,verificado
What Will It Take,Pop,3T,Inglés,1995,9.8,verificado
Swing My Way,Pop,Stefanie Bennett,Inglés,1995,9.8,verificado
With These Hands,Pop,Eddie Fisher,Inglés,1991,9.8,verificado
Steam Heat,Pop,Patti Page,Inglés,1997,9.8,verificado
Mueve la cadera (Move Your Body),Pop,Reel 2 Real,Inglés,1996,9.8,verificado
Every Time You Sinned,Pop,Crispian St. Peters,Inglés,1996,9.8,verificado
Get a Job,Pop,The Mills Brothers,Inglés,1996,9.8,verificado
Calendar Girl,Pop,Neil Sedaka,Inglés,1994,9.8,verificado
I Wanna Go Home,Pop,Jimmy Clanton,Inglés,1993,9.8,verificado
When I’m Gone,Pop,The Fortunes,Inglés,1992,9.8,verificado
Te recordaré,Pop,Franco de Vita,Inglés,1999,9.8,verificado
DIS‐MOI QUELQUE CHOSE AVANT DE DORMIR,Pop,カヒミ・カリィ,Inglés,1995,9.8,verificado
Arizona,Pop,Mark Lindsay,Inglés,1990,9.8,verificado
Everything I Wanted Love to Be,Pop,Marc Almond,Inglés,1995,9.8,verificado
I'm a Drifter,Pop,Bobby Goldsboro,Inglés,1995,9.8,verificado
Whenever He Holds You,Pop,Bobby Goldsboro,Inglés,1995,9.8,verificado
Words,Pop,The Monkees,Inglés,1990,9.8,verificado
That’s What Love Can Do,Pop,Boy Krazy,Inglés,1993,9.8,verificado
Harbor Lights,Pop,The Platters,Inglés,1990,9.8,verificado
Sunny,Pop,Cher,Inglés,1996,9.8,verificado
Cherche encore,Pop,Céline Dion,Inglés,1995,9.8,verificado
Mi eterno amor secreto,Pop,Olga Tañón,Inglés,1999,9.8,verificado
I Love You More and More Every Day,Pop,Al Martino,Inglés,1990,9.8,verificado
You Needed Me,Pop,Boyzone,Inglés,1999,9.8,verificado
Crowdpleaser,Pop,The Lightning Seeds,Inglés,1999,9.8,verificado
La règle du jeu,Pop,Pizzicato Five,Inglés,1999,9.8,verificado
The Lure of the Sea,Pop,The Beautiful South,Inglés,1998,9.8,verificado
Losing Things,Pop,The Beautiful South,Inglés,1998,9.8,verificado
Nothing Much Happens,Pop,Ben Lee,Inglés,1998,9.8,verificado
I Wanna Be With You,Pop,Raspberries,Inglés,1991,9.8,verificado
Pussyfoot (reprise),Pop,The Lightning Seeds,Inglés,1999,9.8,verificado
Backstabber,Hip hop,Eminem,Inglés,1996,9.8,verificado
Never 2 Far,Hip hop,Eminem,Inglés,1996,9.8,verificado
Setup,Hip hop,Jurassic 5,Inglés,1997,9.8,verificado
Stickin’ to the “G” Code,Rap,Spice 1,Inglés,1994,9.8,verificado
Give the “G” a Gat,Rap,Spice 1,Inglés,1994,9.8,verificado
You Done Fucked Up,Rap,Spice 1,Inglés,1994,9.8,verificado
You Can Get the Gat for That,Rap,Spice 1,Inglés,1994,9.8,verificado
Three Strikes,Rap,Spice 1,Inglés,1994,9.8,verificado
Bustas Can’t See Me,Rap,Spice 1,Inglés,1994,9.8,verificado
Murder Ain’t Crazy,Rap,Spice 1,Inglés,1994,9.8,verificado
Tell Me What That Mail Like,Rap,Spice 1,Inglés,1994,9.8,verificado
Bangin' Theory,Rap,Hobo Junction,Inglés,1999,9.8,verificado
The Odyssey,Rap,United Crowns,Inglés,1999,9.8,verificado
Cali Livin',Rap,Homeless Nation,Inglés,1999,9.8,verificado
Alphabetic Hammer,Rap,Scaramanga,Inglés,1999,9.8,verificado
Rich Rollin’,Rap,WC,Inglés,1998,9.8,verificado
Better Days,Rap,WC,Inglés,1998,9.8,verificado
The Autobiography,Rap,WC,Inglés,1998,9.8,verificado
7 Eyes 7 Horns,Rap,Scaramanga,Inglés,1999,9.8,verificado
Where Y’all From,Rap,WC,Inglés,1998,9.8,verificado
Worldwide Gunnin’,Rap,WC,Inglés,1998,9.8,verificado
Yeh Yo,Rap,Mad Lion,Inglés,1999,9.8,verificado
Mind Sex,Rap,dead prez,Inglés,1999,9.8,verificado
Welcome to the Temple (interlude),Rap,KRS‐One,Inglés,1999,9.8,verificado
Platform Rapform,Rap,The Chemist,Inglés,1999,9.8,verificado
Temple of Hiphop Kulture (interlude),Rap,KRS‐One,Inglés,1999,9.8,verificado
Hate of Love,Rap,Tommy Gibbs,Inglés,1999,9.8,verificado
Intro,Rap,KRS‐One,Inglés,1999,9.8,verificado
Just Clownin’,Rap,WC,Inglés,1998,9.8,verificado
Hog,Rap,WC,Inglés,1998,9.8,verificado
It’s All Bad,Rap,WC,Inglés,1998,9.8,verificado
Like That,Rap,WC,Inglés,1998,9.8,verificado
Bank Lick,Rap,WC,Inglés,1998,9.8,verificado
Call It What You Want,Rap,WC,Inglés,1998,9.8,verificado
Can’t Hold Back,Rap,WC,Inglés,1998,9.8,verificado
The Outcome,Rap,WC,Inglés,1998,9.8,verificado
We Gon' Ride,Rap,Siahnide,Inglés,1999,9.8,verificado
I Born to Win,Rap,I-Born,Inglés,1999,9.8,verificado
The Refinitions,Rap,KRS‐One,Inglés,1999,9.8,verificado
Patiently,Rap,Thor-El,Inglés,1999,9.8,verificado
Cheddar,Rap,WC,Inglés,1998,9.8,verificado
The Shadiest One,Rap,WC,Inglés,1998,9.8,verificado
Keep Hustlin’,Rap,WC,Inglés,1998,9.8,verificado
Speak No Evil,Rap,Everlast,Inglés,1990,9.8,verificado
Syndicate Soldier,Rap,Everlast,Inglés,1990,9.8,verificado
'til the End,Rap,RBL Posse,Inglés,1997,9.8,verificado
A Lesson to Be Learned,Rap,RBL Posse,Inglés,1992,9.8,verificado
Remind Me,Rap,RBL Posse,Inglés,1992,9.8,verificado
Get Wit’ It,Rap,Vanilla Ice,Inglés,1991,9.8,verificado
The Unholy,Rap,Sicx,Inglés,1999,9.8,verificado
Razors & Alcohol,Rap,Sicx,Inglés,1999,9.8,verificado
Jesus Christ,Rap,Sicx,Inglés,1999,9.8,verificado
4 in the Temple,Rap,Witchdoctor,Inglés,1998,9.8,verificado
"4, 3, 2, 1",Rap,LL Cool J,Inglés,1997,9.8,verificado
Inside of a Gangsta,Rap,Ice‐T,Inglés,1996,9.8,verificado
Dear Homie,Rap,Ice‐T,Inglés,1996,9.8,verificado
Smooth Shit,Rap,Witchdoctor,Inglés,1998,9.8,verificado
Heaven Comin',Rap,Witchdoctor,Inglés,1998,9.8,verificado
Intro-Scratch,Rap,Hi‐C,Inglés,1991,9.8,verificado
2 Drunk to F__k,Rap,Hi‐C,Inglés,1991,9.8,verificado
2 Ada Time,Rap,Hi‐C,Inglés,1991,9.8,verificado
Request Line,Rap,Hi‐C,Inglés,1991,9.8,verificado
Use Me Up,Rap,UGK,Inglés,1992,9.8,verificado
Short Texas,Rap,UGK,Inglés,1992,9.8,verificado
Goodbye,Rap,Everlast,Inglés,1990,9.8,verificado
Straight Lacin',Rap,RBL Posse,Inglés,1997,9.8,verificado
The Induvidual,Rap,RBL Posse,Inglés,1997,9.8,verificado
1 Time 4 the Homies,Rap,RBL Posse,Inglés,1997,9.8,verificado
Gone Away,Rap,RBL Posse,Inglés,1997,9.8,verificado
Tremendous,Rap,Sicx,Inglés,1999,9.8,verificado
Basket Case,Rap,Sicx,Inglés,1999,9.8,verificado
More Game,Rap,RBL Posse,Inglés,1997,9.8,verificado
On One,Rap,Sicx,Inglés,1999,9.8,verificado
Killa Nigga Nite,Rap,Sicx,Inglés,1999,9.8,verificado
Save My Daddy,Rap,Sicx,Inglés,1999,9.8,verificado
The Rhythm,Rap,Everlast,Inglés,1990,9.8,verificado
Haters,Rap,Ice‐T,Inglés,1996,9.8,verificado
Cramp Your Style,Rap,Ice‐T,Inglés,1996,9.8,verificado
The 5th,Rap,Ice‐T,Inglés,1996,9.8,verificado
Syndicate 4 Ever,Rap,Ice‐T,Inglés,1996,9.8,verificado
It’s Goin’ Down,Rap,Ice‐T,Inglés,1996,9.8,verificado
Real (insert),Rap,Ice‐T,Inglés,1996,9.8,verificado
D.F.,Rap,Witchdoctor,Inglés,1998,9.8,verificado
7th Floor/The Serengetti,Rap,Witchdoctor,Inglés,1998,9.8,verificado
Dex Only 1,Rap,Witchdoctor,Inglés,1998,9.8,verificado
Hurtin',Rap,Witchdoctor,Inglés,1998,9.8,verificado
Intro,Rap,RBL Posse,Inglés,1992,9.8,verificado
Sorta Likea Psycho,Rap,RBL Posse,Inglés,1992,9.8,verificado
Too Greasy,Rap,Hi‐C,Inglés,1991,9.8,verificado
Bullshit,Rap,Hi‐C,Inglés,1991,9.8,verificado
Jack Move,Rap,Hi‐C,Inglés,1991,9.8,verificado
Punk Shit,Rap,Hi‐C,Inglés,1991,9.8,verificado
(We’ll Be) United,Soul,Peaches & Herb,Inglés,1996,9.8,verificado
Ode to Billie Joe,Soul,King Curtis,Inglés,1994,9.8,verificado
Nothing Succeeds Like Success,Soul,Bill Deal & the Rhondels,Inglés,1997,9.8,verificado
Don’t Fight It,Soul,Major Lance,Inglés,1995,9.8,verificado
Baby Make Your Own Sweet Music,Soul,Jay and the Techniques,Inglés,1995,9.8,verificado
Strawberry Shortcake,Soul,Jay and the Techniques,Inglés,1995,9.8,verificado
Tell Daddy,Soul,Ben E. King,Inglés,1996,9.8,verificado
Come On Home,Soul,Jackie Edwards,Inglés,1997,9.8,verificado
Which Way to My Baby,Soul,Dennis Edwards,Inglés,1996,9.8,verificado
If You Ask Me (Because I Love You),Soul,Jerry Williams,Inglés,1998,9.8,verificado
The Drifter,Soul,Ray Pollard,Inglés,1998,9.8,verificado
Little Piece of Leather,Soul,Donnie Elbert,Inglés,1997,9.8,verificado
My Heart’s Symphony,Soul,Gary Lewis & the Playboys,Inglés,1994,9.8,verificado
I Had a Talk With My Man,Soul,Mitty Collier,Inglés,1997,9.8,verificado
It's Time for Love,Soul,The Chi‐Lites,Inglés,1991,9.8,verificado
Why Did You Go?,Soul,The Bobbi-Pins,Inglés,1996,9.8,verificado
Monkey Time,Soul,Major Lance,Inglés,1998,9.8,verificado
Sad Hearts,Soul,Four Tops,Inglés,1992,9.8,verificado
Smile,Soul,Timi Yuro,Inglés,1992,9.8,verificado
She Really Loves You,Soul,Timi Yuro,Inglés,1992,9.8,verificado
Respectable,Soul,The Outsiders,Inglés,1996,9.8,verificado
God Bless,Soul,Arthur Conley,Inglés,1995,9.8,verificado
"4th of July, Asbury Park (Sandy)",Soul,Ben E. King,Inglés,1997,9.8,verificado
The Lurch,Soul,Ted Cassidy,Inglés,1996,9.8,verificado
He Ain't No Angel,Soul,The Ad Libs,Inglés,1998,9.8,verificado
My Old Car,Soul,Lee Dorsey,Inglés,1991,9.8,verificado
Just Don't Know,Soul,Eddie Hinton,Inglés,1993,9.8,verificado
Stay by My Side,Soul,Jo Ann Garrett,Inglés,1997,9.8,verificado
Beg Me,Soul,Chuck Jackson,Inglés,1990,9.8,verificado
Whole Lotta Woman,Soul,The Contours,Inglés,1999,9.8,verificado
Have Pity on Me,Soul,Billy Young,Inglés,1997,9.8,verificado
Gotta Leave Us Alone,Soul,The Outsiders,Inglés,1991,9.8,verificado
Don't Ever Wonder (Uncut),Soul,Maxwell,Inglés,1997,9.8,verificado
Don’t Play That Song,Soul,Dee Dee Sharp,Inglés,1993,9.8,verificado
I’ve Got Dreams to Remember,Soul,Otis Redding,Inglés,1992,9.8,verificado
Have a Good Time,Soul,Al Green,Inglés,1997,9.8,verificado
"Tears, Tears, Tears",Soul,Ben E. King,Inglés,1993,9.8,verificado
My Ship Is Comin’ In,Soul,Walter Jackson,Inglés,1999,9.8,verificado
The Beginning of Time,Soul,Ben E. King,Inglés,1996,9.8,verificado
Room in Your Heart,Soul,Gladys Knight & the Pips,Inglés,1995,9.8,verificado
What’s Wrong With Me Baby,Soul,The Invitations,Inglés,1998,9.8,verificado
Dream Girl,Soul,Herman Griffin,Inglés,1997,9.8,verificado
Pain in My Heart,Soul,Otis Redding,Inglés,1993,9.8,verificado
Chained and Bound,Soul,Otis Redding,Inglés,1993,9.8,verificado
Just One More Day,Soul,Otis Redding,Inglés,1993,9.8,verificado
A Hard Day’s Night,Soul,Otis Redding,Inglés,1993,9.8,verificado
True Love Travels on a Gravel Road,Soul,Percy Sledge,Inglés,1992,9.8,verificado
Out of Left Field,Soul,Percy Sledge,Inglés,1992,9.8,verificado
I’m Hanging Up My Heart for You,Soul,Percy Sledge,Inglés,1992,9.8,verificado
I’m Depending on You,Soul,Otis Redding,Inglés,1993,9.8,verificado
Any Ole Way,Soul,Otis Redding,Inglés,1993,9.8,verificado
Games People Play,Soul,Johnnie Taylor,Inglés,1991,9.8,verificado
Can’t You Find Another Way (of Doing It),Soul,Sam & Dave,Inglés,1995,9.8,verificado
It’s Your Thing,Soul,Johnnie Taylor,Inglés,1991,9.8,verificado
Security,Soul,Otis Redding,Inglés,1993,9.8,verificado
Your One and Only Man,Soul,Otis Redding,Inglés,1993,9.8,verificado
Small Portion of Your Love,Soul,Sam & Dave,Inglés,1995,9.8,verificado
You Don’t Know What You Mean to Me,Soul,Sam & Dave,Inglés,1995,9.8,verificado
Put a Little Lovin’ on Me,Soul,Percy Sledge,Inglés,1992,9.8,verificado
Sudden Stop,Soul,Percy Sledge,Inglés,1992,9.8,verificado
Brother Jake,Funk,The Neville Brothers,Inglés,1994,9.8,verificado
Yellow Moon,Funk,The Neville Brothers,Inglés,1994,9.8,verificado
Choking on a Piece of Meat,Funk,The Poets of Rhythm,Inglés,1993,9.8,verificado
Johnny G. Is Back,Funk,Johnny “Guitar” Watson,Inglés,1995,9.8,verificado
Amazing Grace,Funk,The Neville Brothers,Inglés,1994,9.8,verificado
Cross Firing,Funk,James Brown,Inglés,1993,9.8,verificado
I Can't Stand It,Funk,Tracey Lewis,Inglés,1993,9.8,verificado
"Oh, Maceo",Funk,Average White Band,Inglés,1999,9.8,verificado
Hey Jude,Funk,Tubby Hayes,Inglés,1999,9.8,verificado
Memphis (Disco Funk),Funk,Danny & The Fat Boys,Inglés,1997,9.8,verificado
Righteous (City Pain),Funk,DAG,Inglés,1994,9.8,verificado
Voodoo,Funk,The Neville Brothers,Inglés,1994,9.8,verificado
One Love / People Get Ready / Sermon,Funk,The Neville Brothers,Inglés,1994,9.8,verificado
Reach High,Funk,Commodores,Inglés,1995,9.8,verificado
Why You Wanna Try Me,Funk,Commodores,Inglés,1995,9.8,verificado
Sands of Time,Funk,The Neville Brothers,Inglés,1994,9.8,verificado
What You Doing,Funk,The Poets of Rhythm,Inglés,1993,9.8,verificado
Hangman Jury,Funk,Aerosmith,Inglés,1990,9.8,verificado
You’ve Got Me on the Critical List,Funk,Don Covay,Inglés,1995,9.8,verificado
"Change My Ways, Part 2",Funk,Galactic,Inglés,1998,9.8,verificado
Start From Scratch,Funk,Galactic,Inglés,1998,9.8,verificado
Sho’ Feels Good to Me,Funk,Con Funk Shun,Inglés,1993,9.8,verificado
Candy,Funk,DAG,Inglés,1994,9.8,verificado
Young Girls Are My Weakness,Funk,Commodores,Inglés,1995,9.8,verificado
Sex Machine (reprise),Funk,James Brown,Inglés,1992,9.8,verificado
Her African Eyes,Funk,The Neville Brothers,Inglés,1994,9.8,verificado
Heroes,Funk,Commodores,Inglés,1995,9.8,verificado
Reef-Ill,Funk,El Stew,Inglés,1999,9.8,verificado
Do Me Good,Funk,DAG,Inglés,1994,9.8,verificado
You Can Lick It (If You Try),Funk,DAG,Inglés,1994,9.8,verificado
The Payback,Funk,James Brown,Inglés,1991,9.8,verificado
The Dealer,Funk,The Neville Brothers,Inglés,1994,9.8,verificado
Congo Square,Funk,The Neville Brothers,Inglés,1994,9.8,verificado
Upper Class,Funk,The Poets of Rhythm,Inglés,1993,9.8,verificado
Home,Funk,DAG,Inglés,1994,9.8,verificado
Any Ole Love,Funk,Ultra Naté,Inglés,1998,9.8,verificado
Run Me Down,Funk,The Higsons,Inglés,1993,9.8,verificado
"Hotpie’s Popcorn, Pt. I",Funk,The Poets of Rhythm,Inglés,1995,9.8,verificado
Fire,Funk,Ohio Players,Inglés,1991,9.8,verificado
Shake Your Tambourine,Funk,The Neville Brothers,Inglés,1994,9.8,verificado
Junk Man,Funk,The Neville Brothers,Inglés,1994,9.8,verificado
Sister Rosa,Funk,The Neville Brothers,Inglés,1994,9.8,verificado
Love the One You’re With / You Can’t Always Get What You Want,Funk,The Neville Brothers,Inglés,1994,9.8,verificado
Even So,Funk,DAG,Inglés,1994,9.8,verificado
Plow,Funk,DAG,Inglés,1994,9.8,verificado
I Refuse to Lose,Funk,James Brown,Inglés,1992,9.8,verificado
Quiet Please,Funk,Galactic,Inglés,1998,9.8,verificado
Tighten Your Wig,Funk,Galactic,Inglés,1998,9.8,verificado
Meter Maid,Funk,Galactic,Inglés,1998,9.8,verificado
As,Funk,DAG,Inglés,1994,9.8,verificado
Everybody (We the People),Funk,Groove Collective,Inglés,1996,9.8,verificado
Daddy Loves Baby,Funk,Don Covay,Inglés,1995,9.8,verificado
Opus De Funk,Funk,Danny & The Fat Boys,Inglés,1997,9.8,verificado
Interview,Funk,Fred Wesley,Inglés,1993,9.8,verificado
Ghetto Horn,Funk,Tom Browne,Inglés,1994,9.8,verificado
Fencewalk,Funk,Mandrill,Inglés,1995,9.8,verificado
Chicken Strut,Funk,The Meters,Inglés,1991,9.8,verificado
Don't,House,Morel,Inglés,1994,9.8,verificado
Sunset Blvd.,House,Morel,Inglés,1994,9.8,verificado
Peterbilt Angel,House,Morel,Inglés,1994,9.8,verificado
Call Me Monday,House,Morel,Inglés,1994,9.8,verificado
Where Angels Die,House,Morel,Inglés,1994,9.8,verificado
(untitled),House,Morel,Inglés,1994,9.8,verificado
Brian,House,Morel,Inglés,1994,9.8,verificado
Cookie Jar,House,Morel,Inglés,1994,9.8,verificado
Boom Boom,House,Dezz,Inglés,1998,9.8,verificado
The Way,House,Funky Green Dogs,Inglés,1996,9.8,verificado
The Laziest Girl in Town,House,Morel,Inglés,1994,9.8,verificado
Blue Taxi,House,Morel,Inglés,1994,9.8,verificado
Robber's Prayer,House,Morel,Inglés,1994,9.8,verificado
A Letter to Zelda,House,Morel,Inglés,1994,9.8,verificado
The Stoning of Steven,House,Morel,Inglés,1994,9.8,verificado
Daddy's Car,House,Morel,Inglés,1994,9.8,verificado
Big Love (Dronez dub),House,Pete Heller,Inglés,1999,9.8,verificado
If U Can’t Dance,Pop,Spice Girls,Inglés,1996,9.8,verificado
Look at Me,Pop,Geri Halliwell,Inglés,1999,9.8,verificado
I Know Where It’s At,Pop,All Saints,Inglés,1998,9.8,verificado
What's Going On,Pop,Music Relief '94,Inglés,1994,9.8,verificado
Get the Message,Pop,Brian Hyland,Inglés,1990,9.8,verificado
Tell Me You’re Mine,Pop,The Gaylords,Inglés,1991,9.8,verificado
Dream Girl,Pop,Robert & Johnny,Inglés,1993,9.8,verificado
Hey DJ! (Play That Song),Pop,N-Tyce,Inglés,1997,9.8,verificado
One (Perfecto 7″ edit),Pop,Mica Paris,Inglés,1995,9.8,verificado
Don’t Make Me Wait,Pop,911,Inglés,1996,9.8,verificado
Thief in the Night,Pop,Bucks Fizz,Inglés,1996,9.8,verificado
You’re the One,Pop,Chris Montez,Inglés,1992,9.8,verificado
Monkey Fever,Pop,Chris Montez,Inglés,1992,9.8,verificado
Let’s Do the Limbo,Pop,Chris Montez,Inglés,1992,9.8,verificado
Tell Me (It’s Not Over),Pop,Chris Montez,Inglés,1992,9.8,verificado
Window Shopping for Blinds,Pop,The Beautiful South,Inglés,1998,9.8,verificado
Your Father and I,Pop,The Beautiful South,Inglés,1998,9.8,verificado
It Takes Two,Pop,Chris Montez,Inglés,1995,9.8,verificado
Love Me,Pop,Chris Montez,Inglés,1992,9.8,verificado
Heartaches by the Number,Pop,Connie Francis,Inglés,1993,9.8,verificado
What You See Is What You Get,Pop,The Beautiful South,Inglés,1990,9.8,verificado
Have Fun,Pop,The Beautiful South,Inglés,1996,9.8,verificado
The Sound of North America,Pop,The Beautiful South,Inglés,1996,9.8,verificado
So Good,Pop,Eternal,Inglés,1994,9.8,verificado
Friends Forever,Pop,Thunderbugs,Inglés,1999,9.8,verificado
Ship on a Stormy Sea,Pop,Jimmy Clanton,Inglés,1993,9.8,verificado
Suzanne in the Mirror,Pop,Billy Fury,Inglés,1991,9.8,verificado
Listen to Your Heart,Pop,Roxette,Inglés,1991,9.8,verificado
You Don’t Love Me (No No No) (original radio),Pop,Dawn Penn,Inglés,1994,9.8,verificado
Whatta Man,Pop,Salt‐N‐Pepa,Inglés,1993,9.8,verificado
Do You Love Me Boy?,Pop,Kerri Ann,Inglés,1998,9.8,verificado
Backstage,Pop,Gene Pitney,Inglés,1996,9.8,verificado
Total Eclipse of the Heart (Full On vocal radio edit),Pop,Nicki French,Inglés,1995,9.8,verificado
Lovin’ Things,Pop,Marmalade,Inglés,1993,9.8,verificado
Lady Marmalade,Pop,All Saints,Inglés,1997,9.8,verificado
Everybody Get Up (radio edit),Pop,Five,Inglés,1998,9.8,verificado
Without You,Pop,Johnny Tillotson,Inglés,1996,9.8,verificado
Everybody Gonfi Gon (New Atlantic edit),Pop,Two Cowboys,Inglés,1994,9.8,verificado
Des heures hindoues,Pop,Étienne Daho,Inglés,1998,9.8,verificado
Desperate Hours,Pop,Marc Almond,Inglés,1993,9.8,verificado
Real Evil,Pop,Marc Almond,Inglés,1995,9.8,verificado
Ooh… Aah Just a Little Bit,Pop,Gina G,Inglés,1996,9.8,verificado
Je sais pas,Pop,Céline Dion,Inglés,1995,9.8,verificado
If You Could See Me Now,Pop,Céline Dion,Inglés,1992,9.8,verificado
Beyond the Sea,Pop,Wet Wet Wet,Inglés,1997,9.8,verificado
"Ronnie, Call Me When You Get a Chance",Pop,Shelley Fabares,Inglés,1994,9.8,verificado
I Left a Note to Say Goodbye,Pop,Shelley Fabares,Inglés,1994,9.8,verificado
I Wish I Never Saw the Sunshine,Pop,The Ronettes,Inglés,1991,9.8,verificado
A Whiter Shade of Pale…,Pop,Annie Lennox,Inglés,1995,9.8,verificado
I Care (Soul II Soul) (radio edit),Pop,Soul II Soul,Inglés,1995,9.8,verificado
Insane,Pop,Texas,Inglés,1998,9.8,verificado
Silent Ruin,Pop,Olivia Newton‐John,Inglés,1994,9.8,verificado
Lonely Girl,Pop,Wet Wet Wet,Inglés,1997,9.8,verificado
Love Can Move You,Pop,Savage Garden,Inglés,1997,9.8,verificado
Cigarettes & Lies,Pop,The Lightning Seeds,Inglés,1999,9.8,verificado
Get It Right,Pop,The Lightning Seeds,Inglés,1999,9.8,verificado
Well Alright,Pop,Billy Fury,Inglés,1991,9.8,verificado
No! No! No!,Pop,Chris Montez,Inglés,1992,9.8,verificado
Tell Someone That You Love Them,Pop,"Dino, Desi & Billy",Inglés,1996,9.8,verificado
Hard to Get Over a Heartbreak,Pop,Raspberries,Inglés,1996,9.8,verificado
Theme From Ten,Pop,Wet Wet Wet,Inglés,1997,9.8,verificado
Power of a Woman,Pop,Eternal,Inglés,1995,9.8,verificado
All You Had to Do (Was Tell Me),Pop,Chris Montez,Inglés,1995,9.8,verificado
Lyanna,Pop,Billy Fury,Inglés,1991,9.8,verificado
Lazy Life,Pop,Billy Fury,Inglés,1991,9.8,verificado
In My Room,Pop,Billy Fury,Inglés,1991,9.8,verificado
Little Does She Know,Pop,Kursaal Flyers,Inglés,1998,9.8,verificado
Hey Child,Pop,East 17,Inglés,1997,9.8,verificado
Crazy for You,Pop,Let Loose,Inglés,1994,9.8,verificado
All of Your Toys,Pop,The Monkees,Inglés,1995,9.8,verificado
A Different Beat,Pop,Boyzone,Inglés,1996,9.8,verificado
Conquistador,Pop,Gene Pitney,Inglés,1996,9.8,verificado
"Baby, I Need Ypur Lovin'",Pop,Gene Pitney,Inglés,1996,9.8,verificado
Back on My Feat,Pop,Wet Wet Wet,Inglés,1997,9.8,verificado
Get Dancin’ (re-recording),Pop,Disco Tex and His Sex‐O‐Lettes,Inglés,1991,9.8,verificado
Don’t Let Love Pass Me By,Pop,Frankie Avalon,Inglés,1990,9.8,verificado
How Much Is That Doggie in the Window,Pop,Baby Jane and The Rockabyes,Inglés,1997,9.8,verificado
Mr. Sad,Pop,Marc Almond,Inglés,1993,9.8,verificado
Crazy Little Party Girl,Pop,Aaron Carter,Inglés,1997,9.8,verificado
This I Swear,Pop,Richard Darbyshire,Inglés,1993,9.8,verificado
Should’ve Never Let You Go,Pop,Neil Sedaka,Inglés,1994,9.8,verificado
I Like (What You’re Doing to Me),Pop,Young & Company,Inglés,1990,9.8,verificado
Idéal,Pop,Étienne Daho,Inglés,1998,9.8,verificado
Football Season's Over,Pop,Shelley Fabares,Inglés,1994,9.8,verificado
I'm Growing Up,Pop,Shelley Fabares,Inglés,1994,9.8,verificado
Show Some Emotion,Pop,Céline Dion,Inglés,1992,9.8,verificado
Vindaloo,Pop,Fat Les,Inglés,1998,9.8,verificado
No Way No Way,Pop,Vanilla,Inglés,1998,9.8,verificado
Gal Wine (Hip Hop),Pop,Chaka Demus & Pliers,Inglés,1994,9.8,verificado
Hoochie Booty (7″ edit),Pop,Ultimate Kaos,Inglés,1995,9.8,verificado
Stamp!,Pop,Jeremy Healy & Amos,Inglés,1996,9.8,verificado
I Ran,Pop,Chris Montez,Inglés,1992,9.8,verificado
Break From the Old Routine,Pop,Oui 3,Inglés,1993,9.8,verificado
Hurt So Good (radio edit),Pop,Jimmy Somerville,Inglés,1995,9.8,verificado
Chiquita Mia,Pop,Chris Montez,Inglés,1992,9.8,verificado
In an English Town,Pop,Chris Montez,Inglés,1992,9.8,verificado
I Feel Like Dancing,Pop,Chris Montez,Inglés,1992,9.8,verificado
Body Talking,Pop,Dr. Hook,Inglés,1993,9.8,verificado
Oo Chang-A-Lang,Pop,The Orchids,Inglés,1999,9.8,verificado
Uptight,Pop,Shara Nelson,Inglés,1994,9.8,verificado
It’s About Time You Were Mine,Pop,Thunderbugs,Inglés,1999,9.8,verificado
Any Morning Now,Pop,Billy Fury,Inglés,1991,9.8,verificado
Phone Box,Pop,Billy Fury,Inglés,1991,9.8,verificado
Your Words,Pop,Billy Fury,Inglés,1991,9.8,verificado
Hang On to Your Love,Pop,Jason Donovan,Inglés,1990,9.8,verificado
Everlasting Love,Pop,Worlds Apart,Inglés,1993,9.8,verificado
(You've Lost That) Lovin' Feelin',Pop,Gene Pitney,Inglés,1996,9.8,verificado
(In the) Cold Light of the Day,Pop,Gene Pitney,Inglés,1996,9.8,verificado
Pretty Annabelle,Pop,Gene Pitney,Inglés,1996,9.8,verificado
Mysterious Girl,Pop,Peter Andre,Inglés,1996,9.8,verificado
You Make Me Feel Like Dancing,Pop,The Groove Generation,Inglés,1998,9.8,verificado
Billy Boy,Pop,Shelley Fabares,Inglés,1994,9.8,verificado
There Is No Distance,Pop,Gene Pitney,Inglés,1990,9.8,verificado
Let the Heartaches Begin,Pop,Gene Pitney,Inglés,1990,9.8,verificado
Nervous Breakdown (radio edit),Pop,Carleen Anderson,Inglés,1994,9.8,verificado
Manhattan Spiritual,Pop,Reg Owen and His Orchestra,Inglés,1994,9.8,verificado
Lonely,Pop,Peter Andre,Inglés,1997,9.8,verificado
Les Papillons noirs,Pop,Michèle Arnaud,Inglés,1996,9.8,verificado
"Baby, Baby (I Still Love You)",Pop,The Cinderellas,Inglés,1994,9.8,verificado
If Only I Could Be With You,Pop,Wet Wet Wet,Inglés,1997,9.8,verificado
Tales of the Riverbank,Pop,The Lightning Seeds,Inglés,1999,9.8,verificado
Fool for Your Love,Pop,Wet Wet Wet,Inglés,1997,9.8,verificado
City Bright Stars,Pop,The Lightning Seeds,Inglés,1999,9.8,verificado
I Want the World,Pop,2wo Third3,Inglés,1994,9.8,verificado
Natural,Pop,Peter Andre,Inglés,1997,9.8,verificado
Gotta Get It Right,Pop,Lena Fiagbe,Inglés,1993,9.8,verificado
He’s Been Leading You On,Pop,Chris Montez,Inglés,1995,9.8,verificado
It’s Not Puppy Love,Pop,Chris Montez,Inglés,1995,9.8,verificado
Teenage Sensation (radio friendly),Pop,Credit to the Nation,Inglés,1994,9.8,verificado
I'm Gonna Love You Too,Pop,Billy Fury,Inglés,1991,9.8,verificado
Lady,Pop,Billy Fury,Inglés,1991,9.8,verificado
Things Are Changing,Pop,Billy Fury,Inglés,1991,9.8,verificado
Caught in the Middle (My Heart Beats Like a Drum),Pop,Juliet Roberts,Inglés,1994,9.8,verificado
The Table,Pop,The Beautiful South,Inglés,1998,9.8,verificado
Big Coin,Pop,The Beautiful South,Inglés,1998,9.8,verificado
Not Gonna Give in to It,Pop,Olivia Newton‐John,Inglés,1994,9.8,verificado
Please Don’t Kiss Me Again,Pop,The Charmettes,Inglés,1997,9.8,verificado
Around the World (Our World),Pop,East 17,Inglés,1994,9.8,verificado
Baby Make It Soon,Pop,Marmalade,Inglés,1993,9.8,verificado
All Night All Right,Pop,Peter Andre,Inglés,1998,9.8,verificado
Little Blue,Pop,The Beautiful South,Inglés,1996,9.8,verificado
I Dreamed,Pop,Betty Johnson,Inglés,1999,9.8,verificado
I Can Make You Feel Good,Pop,Kavana,Inglés,1996,9.8,verificado
Feels Like I’m in Love,Pop,Kelly Marie,Inglés,1990,9.8,verificado
Party People… Friday Night,Pop,911,Inglés,1997,9.8,verificado
The Way You Work It (7″ radio edit),Pop,E.Y.C.,Inglés,1994,9.8,verificado
Say Hello Wave Goodbye,Pop,Marc Almond,Inglés,1993,9.8,verificado
Independent Love Song,Pop,Scarlet,Inglés,1994,9.8,verificado
Morning Has Broken,Pop,Demis Roussos,Inglés,1993,9.8,verificado
Ashes to Ashes,Pop,The Mindbenders,Inglés,1991,9.8,verificado
Night Fever,Pop,Adam Garcia,Inglés,1997,9.8,verificado
Stuck With You,Pop,Huey Lewis and the News,Inglés,1996,9.8,verificado
Halfway to Heaven,Pop,Céline Dion,Inglés,1992,9.8,verificado
Everything Under the Sun,Pop,The Ronettes,Inglés,1990,9.8,verificado
Never Ever,Pop,All Saints,Inglés,1997,9.8,verificado
Things We Did Last Summer,Pop,Shelley Fabares,Inglés,1994,9.8,verificado
Welcome Home,Pop,Shelley Fabares,Inglés,1994,9.8,verificado
Fool (If You Think It's Over),Pop,Gene Pitney,Inglés,1990,9.8,verificado
If It Don’t Fit,Pop,B*Witched,Inglés,1999,9.8,verificado
My Superman,Pop,B*Witched,Inglés,1999,9.8,verificado
Is This What I Get for Loving You?,Pop,The Ronettes,Inglés,1991,9.8,verificado
Love Is All (Shine Your Light on Me),Pop,Roxette,Inglés,1994,9.8,verificado
Sweet Young Thing,Pop,The Monkees,Inglés,1991,9.8,verificado
Fever,Hip hop,Roots Manuva,Inglés,1999,9.8,verificado
Movements,Hip hop,Roots Manuva,Inglés,1999,9.8,verificado
Motion 5000,Hip hop,Roots Manuva,Inglés,1999,9.8,verificado
The Larue,Soul,Lada Edmund Junior,Inglés,1999,9.8,verificado
I Thought You Were Mine,Soul,The Natural Four,Inglés,1999,9.8,verificado
Self Soul Satisfaction,Soul,Earl Jackson,Inglés,1999,9.8,verificado
Outcast,Soul,Eddie & Ernie,Inglés,1994,9.8,verificado
Dr. Love,Soul,Bobby Sheen,Inglés,1998,9.8,verificado
Don’t Cry Sing Along With the Music,Soul,Melba Moore,Inglés,1997,9.8,verificado
Not My Girl,Soul,John Hampton,Inglés,1990,9.8,verificado
Emperor of My Baby's Heart,Soul,Kurt Harris,Inglés,1993,9.8,verificado
Love You Just Can't Walk Away,Soul,Dean Courtney,Inglés,1995,9.8,verificado
Mr Big Shot,Soul,Gene Chandler,Inglés,1997,9.8,verificado
After the Laughter (Here Comes the Tears),Soul,Gene Chandler,Inglés,1996,9.8,verificado
That's Alright,Soul,Ed Crook,Inglés,1995,9.8,verificado
One More Hurt,Soul,Marjorie Black,Inglés,1994,9.8,verificado
Meet Me at Midnight,Soul,Cindy Lynn & The In Sounds,Inglés,1998,9.8,verificado
I Can’t Do It,Soul,Eddie & Ernie,Inglés,1994,9.8,verificado
I’m Gonna Stand by You,Soul,The Hollywood Flames,Inglés,1994,9.8,verificado
Silly Little Girl,Soul,The Tams,Inglés,1998,9.8,verificado
Competition Ain't Nothin',Soul,Carl Carlton,Inglés,1999,9.8,verificado
For Crying Out Loud,Soul,Bunny Sigler,Inglés,1999,9.8,verificado
You Don't Love Me Anymore,Soul,Johnny Caswell,Inglés,1999,9.8,verificado
You’re Movin’ Much Too Fast,Soul,The Dixie Nightingales,Inglés,1993,9.8,verificado
That Beatin’ Rhythm,Soul,Richard Temple,Inglés,1998,9.8,verificado
I Was Born a Loser,Soul,Bobby Lee,Inglés,1994,9.8,verificado
(I'll Be A) Freak for You,Soul,Royalle Delite,Inglés,1993,9.8,verificado
Like One,Soul,Jean Carter,Inglés,1999,9.8,verificado
It Hurts Too Much to Cry,Soul,H.B. Barnum,Inglés,1997,9.8,verificado
Help Yourself to All of My Lovin’,Soul,James & Bobby Purify,Inglés,1997,9.8,verificado
God Only Knows,Soul,P.P. Arnold,Inglés,1998,9.8,verificado
The Boy From Chelsea,Soul,Truly Smith,Inglés,1999,9.8,verificado
I Can’t Please You,Soul,Jimmy Robins,Inglés,1997,9.8,verificado
Cry Your Eyes Out,Soul,Dottie Cambridge,Inglés,1995,9.8,verificado
Heart Trouble,Soul,The Parliaments,Inglés,1997,9.8,verificado
Going to a Happening,Soul,Tommy Neal,Inglés,1997,9.8,verificado
I’ve Been Hurt,Soul,Guy Darrell,Inglés,1998,9.8,verificado
Sweeter Than the Day Before,Soul,The Valentinos,Inglés,1992,9.8,verificado
My Heart Belongs to Only You,Soul,Jackie Wilson,Inglés,1995,9.8,verificado
Get Away (Leave Me Alone),Soul,The Tams,Inglés,1998,9.8,verificado
It's All Right (You're Just in Love),Soul,The Tams,Inglés,1998,9.8,verificado
A Little Piece of Leather,Soul,Donnie Elbert,Inglés,1994,9.8,verificado
She’s Got Everything,Soul,Barbara George,Inglés,1994,9.8,verificado
Never Been to Spain,Soul,Ike & Tina Turner,Inglés,1998,9.8,verificado
If You Go,Soul,Derek Martin,Inglés,1998,9.8,verificado
If I Could See You One More Time,Soul,Johnny Adams,Inglés,1999,9.8,verificado
I Don’t Want Nobody but My Baby,Soul,Tony Owens,Inglés,1999,9.8,verificado
Losin’ Boy,Soul,Eddie Giles,Inglés,1999,9.8,verificado
Tears and Misery,Soul,Sonny Til,Inglés,1996,9.8,verificado
So Good to Me,Soul,George Jackson,Inglés,1999,9.8,verificado
Dream My Heart,Soul,Shirley Edwards,Inglés,1998,9.8,verificado
Take the Fifth Amendment,Soul,Joe Tex,Inglés,1995,9.8,verificado
Heep See Few Know,Soul,Joe Tex,Inglés,1994,9.8,verificado
We Can't Sit Down Now,Soul,Joe Tex,Inglés,1995,9.8,verificado
I’m Gonna Miss You,Soul,The Artistics,Inglés,1994,9.8,verificado
I Can't Make It Anymore,Soul,Spyder Turner,Inglés,1995,9.8,verificado
Heart Full of Love,Soul,The Invincibles,Inglés,1998,9.8,verificado
The Letter,Soul,The Tams,Inglés,1998,9.8,verificado
Please Give Me One More Chance,Soul,Clyde McPhatter,Inglés,1999,9.8,verificado
You're Falling in Love,Soul,Betty Everett,Inglés,1999,9.8,verificado
Without a Woman,Soul,Kip Anderson,Inglés,1999,9.8,verificado
No Sad Songs,Soul,Joe Simon,Inglés,1999,9.8,verificado
I Got the Fever,Soul,The Creation,Inglés,1999,9.8,verificado
World Without Sunshine,Soul,Sandra Phillips,Inglés,1994,9.8,verificado
It'll Never Happen Again,Soul,P.P. Arnold,Inglés,1998,9.8,verificado
That's the Way,Soul,Joe Tex,Inglés,1995,9.8,verificado
Take My Baby a Little Love,Soul,Joe Tex,Inglés,1995,9.8,verificado
If You Want It,Soul,Tina Turner,Inglés,1990,9.8,verificado
These Four Walls,Soul,Irma Thomas,Inglés,1999,9.8,verificado
Hiding in Shadows,Soul,Eddie & Ernie,Inglés,1999,9.8,verificado
Gotta Find a Way,Soul,Theresa Lindsey,Inglés,1995,9.8,verificado
Baby Do the Philly Dog,Soul,The Olympics,Inglés,1994,9.8,verificado
Blowing My Mind to Pieces,Soul,Paula Roussell,Inglés,1999,9.8,verificado
Let's Talk It Over,Soul,Spencer Wiggins,Inglés,1999,9.8,verificado
Love You Baby,Soul,Lorraine Chandler,Inglés,1999,9.8,verificado
What Can I Do,Soul,Billy Prophet,Inglés,1994,9.8,verificado
Burning Sensation,Soul,Robby Lawson,Inglés,1990,9.8,verificado
It’s an Uphill Climb to the Bottom,Soul,Walter Jackson,Inglés,1996,9.8,verificado
Everybody’s Talkin’,Soul,Joan Baker,Inglés,1993,9.8,verificado
Please Let Me In,Soul,J.J. Barnes,Inglés,1995,9.8,verificado
I'm Gonna Change,Soul,The Velours,Inglés,1995,9.8,verificado
Educated Fool,Soul,Billy Storm,Inglés,1997,9.8,verificado
Somebody Somewhere (Needs You),Soul,Darrell Banks,Inglés,1997,9.8,verificado
I'm Leaving,Soul,Johnny Nash,Inglés,1997,9.8,verificado
For Your Precious Love,Soul,Jackie Wilson,Inglés,1999,9.8,verificado
Out on the Floor,Soul,Frances Nero,Inglés,1991,9.8,verificado
Teardrop Avenue,Soul,Jackie Wilson,Inglés,1996,9.8,verificado
Hey Girl Don't Bother Me,Soul,The Tams,Inglés,1998,9.8,verificado
Go Away Little Girl,Soul,The Tams,Inglés,1998,9.8,verificado
Melancholy Baby,Soul,The Tams,Inglés,1998,9.8,verificado
The Greatest Love,Soul,The Tams,Inglés,1998,9.8,verificado
Got to Get Used to a Broken Heart,Soul,The Tams,Inglés,1998,9.8,verificado
Anna (Go to Him),Soul,The Tams,Inglés,1998,9.8,verificado
What Kind of Lady,Soul,Dee Dee Sharp,Inglés,1997,9.8,verificado
Advances,House,Suggestive,Inglés,1994,9.8,verificado
Peace (Brothers in Rhythm edit),House,Sabrina Johnston,Inglés,1992,9.8,verificado
"Saturday Night, Sunday Morning",House,T‐Empo,Inglés,1994,9.8,verificado
Sylvie (Trouser Enthusiasts’ Tintinnabulation edit),House,Saint Etienne,Inglés,1998,9.8,verificado
Ride the Rhythm,House,Kevin Irving,Inglés,1997,9.8,verificado
Lost in the Groove,House,Hercules,Inglés,1997,9.8,verificado
Time Marches On,House,Jungle Wonz,Inglés,1998,9.8,verificado
Back It Up (Johan S dub),House,Robin S,Inglés,1994,9.8,verificado
Horny,House,Mousse T.,Inglés,1999,9.8,verificado
Natty Never Get Weary,Reggae,Culture,Inglés,1990,9.8,verificado
Olympic Boycott,Reggae,Jacob Miller,Inglés,1993,9.8,verificado
Jolly Joseph,Reggae,Jacob Miller,Inglés,1993,9.8,verificado
Chapter a Day,Reggae,Jacob Miller,Inglés,1993,9.8,verificado
Never Get Burn,Reggae,The Twinkle Brothers,Inglés,1990,9.8,verificado
Africa Here I Come,Reggae,Cocoa Tea,Inglés,1993,9.8,verificado
Africa,Reggae,Dennis Brown,Inglés,1993,9.8,verificado
Reggae From the Ghetto,Reggae,Marcia Griffiths,Inglés,1999,9.8,verificado
Everything I Own,Reggae,Ken Boothe,Inglés,1992,9.8,verificado
Give Rasta Praise,Reggae,The Twinkle Brothers,Inglés,1998,9.8,verificado
Just Don't Want to Be Lonely,Reggae,Freddie McGregor,Inglés,1993,9.8,verificado
Bad Man,Reggae,Steel Pulse,Inglés,1990,9.8,verificado
Natty Dread A Weh She Want,Reggae,Horace Andy,Inglés,1996,9.8,verificado
Ethiopian Land,Reggae,Peter & Paul Lewis,Inglés,1990,9.8,verificado
Bongo Man (A Come),Reggae,Jimmy Cliff,Inglés,1995,9.8,verificado
I Can't Love Another,Reggae,U‐Roy,Inglés,1995,9.8,verificado
Long Story,Reggae,Rudy Mills,Inglés,1991,9.8,verificado
House of Exile,Reggae,Lucky Dube,Inglés,1992,9.8,verificado
Tenement Yard,Reggae,Jacob Miller,Inglés,1993,9.8,verificado
On The Beach,Reggae,John Holt,Inglés,1996,9.8,verificado
My Cup,Reggae,Bob Marley,Inglés,1999,9.8,verificado
Feel It to Know It,Reggae,The Twinkle Brothers,Inglés,1998,9.8,verificado
Since I Threw the Comb Away,Reggae,The Twinkle Brothers,Inglés,1998,9.8,verificado
"You Don't Love Me (No, No, No) (original radio edit)",Reggae,Dawn Penn,Inglés,1994,9.8,verificado
One People,Reggae,Pablo Moses,Inglés,1996,9.8,verificado
Spread Out,Reggae,Don Carlos,Inglés,1994,9.8,verificado
I Light and I Salvation,Reggae,Big Youth,Inglés,1995,9.8,verificado
Eldora,Reggae,Techniques All Stars,Inglés,1999,9.8,verificado
Queen Majesty,Reggae,The Techniques,Inglés,1992,9.8,verificado
You'll Never Find,Reggae,The Aggrovators,Inglés,1992,9.8,verificado
New Wave,Reggae,Israel Vibration,Inglés,1990,9.8,verificado
Dirty H2o,Reggae,Steel Pulse,Inglés,1994,9.8,verificado
In My Life,Reggae,Steel Pulse,Inglés,1994,9.8,verificado
New World Order,Reggae,Steel Pulse,Inglés,1994,9.8,verificado
Back to My Roots,Reggae,Steel Pulse,Inglés,1994,9.8,verificado
Islands Unite,Reggae,Steel Pulse,Inglés,1994,9.8,verificado
Hand to the Wheel,Reggae,Alpha & Omega,Inglés,1992,9.8,verificado
Eleanor Rigby,Reggae,B.B. Seaton,Inglés,1991,9.8,verificado
Ballistic Affair,Reggae,Leroy Smart,Inglés,1993,9.8,verificado
If It's Not You,Reggae,Cocoa Tea,Inglés,1993,9.8,verificado
Earthquake,Reggae,Cocoa Tea,Inglés,1993,9.8,verificado
Virus,Reggae,Cocoa Tea,Inglés,1993,9.8,verificado
Freedom to the People,Reggae,The Heptones,Inglés,1995,9.8,verificado
Reverend Lee,Reggae,Lorna Bennett,Inglés,1999,9.8,verificado
Love Has Found Its Way,Reggae,Dennis Brown,Inglés,1994,9.8,verificado
Check Out Yourself,Reggae,The Cimarons,Inglés,1999,9.8,verificado
Two Sides Of Love,Reggae,Ijahman Levi,Inglés,1990,9.8,verificado
Crazy Baldhead,Reggae,Johnny Clarke,Inglés,1991,9.8,verificado
I Don't Like Reggae,Reggae,Macka B,Inglés,1999,9.8,verificado
Freedom,Reggae,Earl Sixteen,Inglés,1996,9.8,verificado
Sufferer's Time,Reggae,The Heptones,Inglés,1997,9.8,verificado
Thanks & Praise,Reggae,Junior Ainsworth,Inglés,1990,9.8,verificado
Joggin’,Reggae,Freddie McGregor,Inglés,1993,9.8,verificado
Long Long Winter,Reggae,Bob Marley & The Wailers,Inglés,1996,9.8,verificado
Bionic Rat,Reggae,Lee “Scratch” Perry,Inglés,1992,9.8,verificado
She Don’t Let Nobody,Reggae,Chaka Demus & Pliers,Inglés,1992,9.8,verificado
Riding High,Reggae,Bob Marley & The Wailers,Inglés,1993,9.8,verificado
Rock Steady,Reggae,Bob Marley & The Wailers,Inglés,1996,9.8,verificado
Health Warning,Reggae,Prince Far I,Inglés,1997,9.8,verificado
Keep It Like It Is,Reggae,John Holt,Inglés,1999,9.8,verificado
I’m Lonely No More,Reggae,Teddy Brown,Inglés,1999,9.8,verificado
Getting Closer,Reggae,Cocoa Tea,Inglés,1993,9.8,verificado
Vanity,Reggae,Sugar Minott,Inglés,1997,9.8,verificado
Place in Your Heart,Reggae,Garnett Silk,Inglés,1997,9.8,verificado
Love Don’t Love Nobody,Reggae,Ken Boothe,Inglés,1999,9.8,verificado
Free Africa,Reggae,The Twinkle Brothers,Inglés,1990,9.8,verificado
Yard Away Home,Reggae,Cocoa Tea,Inglés,1993,9.8,verificado
Stop Your Nagging,Reggae,Cocoa Tea,Inglés,1993,9.8,verificado
Grow Your Locks,Reggae,Cocoa Tea,Inglés,1993,9.8,verificado
Dub Can Reveal,Reggae,Alpha & Omega,Inglés,1992,9.8,verificado
World Without Love,Reggae,Del Davis,Inglés,1991,9.8,verificado
Satta Amassa Gana,Reggae,The Abyssinians,Inglés,1994,9.8,verificado
Hostage 50,Reggae,Jacob Miller,Inglés,1993,9.8,verificado
Election Now,Reggae,Jacob Miller,Inglés,1993,9.8,verificado
No Woman No Cry (dub),Reggae,Johnny Clarke,Inglés,1998,9.8,verificado
Riding High,Reggae,Bob Marley,Inglés,1999,9.8,verificado
Handsworth Revolution,Reggae,Steel Pulse,Inglés,1990,9.8,verificado
Touch Me in the Morning,Reggae,Big Youth,Inglés,1995,9.8,verificado
The Day I Laid My Eyes on You,Reggae,Big Youth,Inglés,1995,9.8,verificado
Isn’t It a Pity,Reggae,Nicky Thomas,Inglés,1991,9.8,verificado
Fussing and Fighting,Reggae,Bob Marley & The Wailers,Inglés,1997,9.8,verificado
Leave Babylon,Reggae,Prince Far I,Inglés,1997,9.8,verificado
Is It War,Reggae,Jacob Miller,Inglés,1993,9.8,verificado
Russian Invasion,Reggae,Jacob Miller,Inglés,1993,9.8,verificado
God Bless the Children,Reggae,The Heptones,Inglés,1995,9.8,verificado
Darling Please Return,Reggae,The Barons,Inglés,1999,9.8,verificado
Whole World’s Down on Me,Reggae,B.B. Seaton,Inglés,1999,9.8,verificado
Mr. Fisherman,Reggae,Cocoa Tea,Inglés,1993,9.8,verificado
Right Time,Reggae,The Mighty Diamonds,Inglés,1990,9.8,verificado
Silly Games,Reggae,Lindy Layton,Inglés,1994,9.8,verificado
I Put My Trust in Jah,Reggae,Cocoa Tea,Inglés,1993,9.8,verificado
One Up,Reggae,Cocoa Tea,Inglés,1993,9.8,verificado
I Want to Wake Up With You,Reggae,Boris Gardiner,Inglés,1995,9.8,verificado
The Church,Reggae,Ijahman Levi,Inglés,1990,9.8,verificado
Can I Change My Mind,Reggae,Gregory Isaacs,Inglés,1998,9.8,verificado
Are You Ready?,Ska,Maroon Town,Inglés,1997,9.8,verificado
Mabeleene,Ska,Blue Rivers and The Maroons,Inglés,1991,9.8,verificado
Searching for You Baby,Ska,Blue Rivers and The Maroons,Inglés,1991,9.8,verificado
I've Got a Good Thing Going,Ska,Blue Rivers and The Maroons,Inglés,1991,9.8,verificado
"Truly, Madly, Deeply",Ska,Skanga,Inglés,1998,9.8,verificado
One Last Cigarette,Ska,Less Than Jake,Inglés,1999,9.8,verificado
Guns of Navarone,Ska,Blue Rivers and The Maroons,Inglés,1991,9.8,verificado
Phoenix City,Ska,Blue Rivers and The Maroons,Inglés,1991,9.8,verificado
Take It or Leave It (disco dub),Ska,Blue Rivers and The Maroons,Inglés,1991,9.8,verificado
I Need Me Somebody,Ska,Blue Rivers and The Maroons,Inglés,1991,9.8,verificado
Witchcraft Man,Ska,Blue Rivers and The Maroons,Inglés,1991,9.8,verificado
Big Five,Ska,Judge Dread,Inglés,1994,9.8,verificado
Seven Steps to Power,Ska,Blue Rivers and The Maroons,Inglés,1991,9.8,verificado
Turn Me and Twist Me,Ska,Blue Rivers and The Maroons,Inglés,1991,9.8,verificado
That's Enough,Ska,Blue Rivers and The Maroons,Inglés,1991,9.8,verificado
I've Been Pushed Around,Ska,Blue Rivers and The Maroons,Inglés,1991,9.8,verificado
On the Move,Ska,Roland Alphonso,Inglés,1998,9.8,verificado
Racist Friend,Ska,The Specials,Inglés,1993,9.8,verificado
Tender Loving Care,Ska,Lynn Taitt & The Comets,Inglés,1993,9.8,verificado
Honky Tonk Ska,Ska,The Granville Williams Orchestra,Inglés,1998,9.8,verificado
My Girl Lollipop,Ska,Bad Manners,Inglés,1998,9.8,verificado
Take It or Leave It,Ska,Blue Rivers and The Maroons,Inglés,1991,9.8,verificado
Too Much,Ska,Blue Rivers and The Maroons,Inglés,1991,9.8,verificado
Home in Your Heart,Ska,Blue Rivers and The Maroons,Inglés,1991,9.8,verificado
"Mercy, Mercy, Mercy",Ska,Blue Rivers and The Maroons,Inglés,1991,9.8,verificado
Sabu,Ska,Blue Rivers and The Maroons,Inglés,1991,9.8,verificado
Tell Me,Ska,Blue Rivers and The Maroons,Inglés,1991,9.8,verificado
Workout,Ska,Desmond Dekker,Inglés,1992,9.8,verificado
007,Ska,The Bodysnatchers,Inglés,1993,9.8,verificado
Tommy Gun,Punk,face to face,Inglés,1999,9.8,verificado
Search and Destroy,Punk,Iggy and The Stooges,Inglés,1997,9.8,verificado
I’m Still Remembering,Pop,The Cranberries,Español,1996,9.8,verificado
Respect,Soul,Otis Redding,Español,1992,9.8,verificado
Second Chance,Soul,Z.Z. Hill,Español,1996,9.8,verificado
Spellbound,Soul,Rae & Christian,Español,1998,9.8,verificado
I Thank You,Soul,Sam & Dave,Español,1997,9.8,verificado
My Girl,Soul,The Temptations,Español,1996,9.8,verificado
Jimmy Mack,Soul,Martha Reeves,Español,1996,9.8,verificado
Chain Gang,Soul,Jackie Wilson,Español,1996,9.8,verificado
Walking the Dog,Soul,Rufus Thomas,Español,1996,9.8,verificado
Remember Me,Soul,Otis Redding,Español,1992,9.8,verificado
You Got Good Lovin’,Soul,Otis Redding,Español,1992,9.8,verificado
Trick or Treat,Soul,Otis Redding,Español,1992,9.8,verificado
Thank You Pretty Baby,Soul,Brook Benton,Español,1991,9.8,verificado
"Ain’t Love Good, Ain’t Love Proud",Soul,Tony Clarke,Español,1997,9.8,verificado
I’m Satisfied,Soul,Mitty Collier,Español,1997,9.8,verificado
Oo‐Ma‐Liddi,Soul,J.J. Jackson,Español,1995,9.8,verificado
Rescue Me,Soul,Fontella Bass,Español,1996,9.8,verificado
Sitting on the Dock of the Bay,Soul,Percy Sledge,Español,1996,9.8,verificado
Dancing in the Street,Soul,Martha Reeves,Español,1996,9.8,verificado
Session House,House,[unknown],Español,1998,9.8,verificado
I've Been Thinking About You (Team 33 radio rmx),House,New Londonbeat,Español,1999,9.8,verificado
Tell Me Why,House,Prezioso feat. Marvin,Español,1999,9.8,verificado
Bewildered,House,Nova Nova,Español,1999,9.8,verificado
Pájaros de barro,Pop,Manolo García,Español,1998,9.8,verificado
Right On,Pop,OMC,Español,1996,9.8,verificado
"Vuela, vuela",Pop,Magneto,Español,1991,9.8,verificado
Strangers in the Night,Pop,Al Martino,Español,1992,9.8,verificado
Tutto passerà (Witch Doctor),Pop,Cartoons,Español,1998,9.8,verificado
Love Me,Pop,Yvonne Elliman,Español,1995,9.8,verificado
Visions of a Sunset,Pop,Shawn Stockman,Español,1995,9.8,verificado
You Got It,Pop,*NSYNC,Español,1997,9.8,verificado
I Just Wanna Be With You,Pop,*NSYNC,Español,1998,9.8,verificado
I Need Love,Pop,*NSYNC,Español,1997,9.8,verificado
Big Boy,Pop,The Jacksons,Español,1993,9.8,verificado
Like Robots,Pop,bis,Español,1998,9.8,verificado
I Feel Love (Summer ’77 re‐EQ ’95),Pop,Donna Summer,Español,1995,9.8,verificado
Tell Me What to Say,Pop,Black Lab,Español,1998,9.8,verificado
Love Is All We Need,Pop,Mary J. Blige,Español,1997,9.8,verificado
I Love You Came Too Late,Pop,Joey McIntyre,Español,1999,9.8,verificado
Peut‐être qu’en septembre,Pop,Hélène,Español,1992,9.8,verificado
My Heart Will Go On (Tony Moran’s Anthem vocal),Pop,Céline Dion,Español,1997,9.8,verificado
City Girl,Pop,Tom Jones,Español,1993,9.8,verificado
Goodbye Cruel World,Pop,Shakespears Sister,Español,1992,9.8,verificado
Merman,Pop,Tori Amos,Español,1999,9.8,verificado
Flat Baroque,Pop,Richard Carpenter,Español,1997,9.8,verificado
Vorrei incontrarti,Pop,Alan Sorrenti,Español,1992,9.8,verificado
Make the World Go Away,Pop,Donny & Marie Osmond,Español,1993,9.8,verificado
It Never Rains (In Southern California),Pop,Tony! Toni! Toné!,Español,1990,9.8,verificado
Whatever You Want,Pop,Tony! Toni! Toné!,Español,1990,9.8,verificado
Hotblooded,Pop,Roxette,Español,1991,9.8,verificado
Small Talk,Pop,Roxette,Español,1991,9.8,verificado
Physical Fascination,Pop,Roxette,Español,1991,9.8,verificado
Knockin’ on Every Door,Pop,Roxette,Español,1991,9.8,verificado
Knee Socks,Pop,April March,Español,1996,9.8,verificado
Mignonette,Pop,April March,Español,1996,9.8,verificado
Superbagnères,Pop,April March,Español,1996,9.8,verificado
Dunkle Wolken (Mai),Pop,Rosenstolz,Español,1997,9.8,verificado
Die Psychologin,Pop,Rosenstolz,Español,1997,9.8,verificado
Königin,Pop,Rosenstolz,Español,1997,9.8,verificado
With a Little Help From My Friends (reprise),Pop,Ringo Starr,Español,1998,9.8,verificado
Danger Danger,Pop,Silent Circle,Español,1991,9.8,verificado
Se me está escapando,Pop,ABBA,Español,1993,9.8,verificado
Martine,Pop,April March,Español,1996,9.8,verificado
Sex im Hotel,Pop,Rosenstolz,Español,1996,9.8,verificado
Laß es regnen,Pop,Rosenstolz,Español,1996,9.8,verificado
Objekt der Begierde,Pop,Rosenstolz,Español,1996,9.8,verificado
Can’t Do a Thing (to Stop Me),Pop,Chris Isaak,Español,1993,9.8,verificado
Tanken som räknas,Pop,Lars Winnerbäck,Español,1999,9.8,verificado
Fria vägar ut,Pop,Lars Winnerbäck,Español,1999,9.8,verificado
Ideal Standard,Pop,April March,Español,1996,9.8,verificado
Mon petit cowboy,Pop,April March,Español,1996,9.8,verificado
No Parachute,Pop,April March,Español,1997,9.8,verificado
Well All Right,Pop,Alain Bashung,Español,1991,9.8,verificado
Fly Robin Fly,Pop,Silver Convention,Español,1993,9.8,verificado
"Te quiero tanto, tanto",Pop,Onda Vaselina,Español,1998,9.8,verificado
I'm Getting Used to You,Pop,Selena,Español,1995,9.8,verificado
Der Moment (Die Andere),Pop,Rosenstolz,Español,1996,9.8,verificado
Party mit mir selbst,Pop,Rosenstolz,Español,1997,9.8,verificado
The End,Pop,Ringo Starr,Español,1998,9.8,verificado
Don’t Pass Me By,Pop,Ringo Starr,Español,1998,9.8,verificado
Das Schiff,Pop,Die Art,Español,1995,9.8,verificado
Charlatan,Pop,April March,Español,1996,9.8,verificado
Keep in Touch,Pop,April March,Español,1996,9.8,verificado
Vergoldet,Pop,Rosenstolz,Español,1997,9.8,verificado
Duett,Pop,Rosenstolz,Español,1997,9.8,verificado
Klaus-Trophobie,Pop,Rosenstolz,Español,1992,9.8,verificado
Die Einsamkeit der Rosen,Pop,Rosenstolz,Español,1997,9.8,verificado
Never Surrender,Pop,Corey Hart,Español,1991,9.8,verificado
Wir tanzen Tango,Pop,Rosenstolz,Español,1997,9.8,verificado
Alisha Rules the World,Pop,Alisha’s Attic,Español,1996,9.8,verificado
Pas pareil,Pop,April March,Español,1996,9.8,verificado
Sex Over the Phone,Pop,Village People,Español,1993,9.8,verificado
Hidden Charms,Pop,Elvis Costello,Español,1995,9.8,verificado
On the Run,Pop,OMC,Español,1996,9.8,verificado
Cobarde,Pop,Selena,Español,1994,9.8,verificado
"I Am, I Feel",Pop,Alisha’s Attic,Español,1996,9.8,verificado
In the Closet,Pop,Michael Jackson,Español,1991,9.8,verificado
Un point c’est toi,Pop,Zazie,Español,1996,9.8,verificado
Craque monsieur,Pop,Zazie,Español,1995,9.8,verificado
If You’re Feeling Sinister,Pop,Belle and Sebastian,Español,1996,9.8,verificado
Don’t Let It Bring You Down,Pop,Annie Lennox,Español,1995,9.8,verificado
Breaking My Heart,Pop,OMC,Español,1996,9.8,verificado
Watercolours in the Rain,Pop,Roxette,Español,1991,9.8,verificado
I’ll Make Love to You,Soul,Boyz II Men,Español,1995,9.8,verificado
"N.Y. State of Mind, Part II",Rock argentino,Nas,Español,1999,9.7,verificado
On est encore là (II),Rock argentino,Suprême NTM,Español,1998,9.7,verificado
Album Intro,Rock argentino,Nas,Español,1999,9.7,verificado
We Will Survive,Rock argentino,Nas,Español,1999,9.7,verificado
Dr. Knockboot,Rock argentino,Nas,Español,1999,9.7,verificado
Undying Love,Rock argentino,Nas,Español,1999,9.7,verificado
The I.N.C. Ride,Rock argentino,Masta Ace Incorporated,Español,1995,9.7,verificado
U Can’t Find Me,Rock argentino,Masta Ace Incorporated,Español,1995,9.7,verificado
Amour & Jalousie,Rock argentino,Oxmo Puccino,Español,1998,9.7,verificado
Sittin’ on Chrome,Rock argentino,Masta Ace Incorporated,Español,1995,9.7,verificado
Head,Rock argentino,Ice‐T,Español,1999,9.7,verificado
Slippin’,Rock argentino,DMX,Español,1999,9.7,verificado
Le Monde de demain,Rock argentino,Suprême NTM,Español,1991,9.7,verificado
Life Is What You Make It,Rock argentino,Nas,Español,1999,9.7,verificado
Patch My Heart,Rock argentino,The Mad Lads,Español,1991,9.7,verificado
Abracadabra,Rock argentino,Erma Franklin,Español,1992,9.7,verificado
Big Bird,Rock argentino,Eddie Floyd,Español,1991,9.7,verificado
Able Mable,Rock argentino,Mable John,Español,1991,9.7,verificado
In the Twilight Zone,Rock argentino,The Astors,Español,1991,9.7,verificado
Angel,Rock argentino,Aretha Franklin,Español,1994,9.7,verificado
Bar‐B‐Q,Rock argentino,Wendy Rene,Español,1991,9.7,verificado
Don’t Play Games,Rock argentino,Barry White,Español,1999,9.7,verificado
Power of Love,Rock argentino,Deee‐Lite,Español,1990,9.7,verificado
Good Beat,Rock argentino,Deee‐Lite,Español,1990,9.7,verificado
Stay Together,Rock argentino,Barbara Tucker,Español,1996,9.7,verificado
Río de camalotes,Rock argentino,Mercedes Sosa,Español,1993,9.7,verificado
Un amor mas,Rock argentino,Antonio Romera y La Santa Margarita,Español,1999,9.7,verificado
Se te arrepientes,Rock argentino,Antonio Romera y La Santa Margarita,Español,1999,9.7,verificado
Esto no es nada,Rock argentino,Antonio Romera y La Santa Margarita,Español,1999,9.7,verificado
Como un Rio,Rock argentino,Antonio Romera y La Santa Margarita,Español,1999,9.7,verificado
Tu última canción,Rock argentino,Los Temerarios,Español,1993,9.7,verificado
Sueñero,Rock argentino,Mercedes Sosa,Español,1998,9.7,verificado
Si tú me dices ven,Rock argentino,José Luis Rodríguez,Español,1997,9.7,verificado
Contra vientos y mareas,Rock argentino,Franco de Vita,Español,1996,9.7,verificado
Canciones y momentos,Rock argentino,Mercedes Sosa,Español,1991,9.7,verificado
Cristal,Rock argentino,Mercedes Sosa,Español,1991,9.7,verificado
Madurando sueños,Rock argentino,Mercedes Sosa,Español,1991,9.7,verificado
Somos novios,Rock argentino,Luis Miguel,Español,1994,9.7,verificado
Luna,Rock argentino,Mercedes Sosa,Español,1993,9.7,verificado
Sina,Rock argentino,Mercedes Sosa,Español,1993,9.7,verificado
Palito de tola,Rock argentino,Mercedes Sosa,Español,1993,9.7,verificado
Arriesgaré la piel,Rock argentino,Inti‐Illimani,Español,1996,9.7,verificado
María Canela,Rock argentino,Inti‐Illimani,Español,1996,9.7,verificado
Sin tus besos,Rock argentino,Antonio Romera y La Santa Margarita,Español,1999,9.7,verificado
Santo remedio,Rock argentino,Antonio Romera y La Santa Margarita,Español,1999,9.7,verificado
Atado a tu corazon,Rock argentino,Antonio Romera y La Santa Margarita,Español,1999,9.7,verificado
Todo tu cuerpo,Rock argentino,Antonio Romera y La Santa Margarita,Español,1999,9.7,verificado
Mi vida eres tú,Rock argentino,Los Temerarios,Español,1998,9.7,verificado
La guitarra,Rock argentino,Los Auténticos Decadentes,Español,1995,9.7,verificado
Mil noches,Rock argentino,Los Auténticos Decadentes,Español,1995,9.7,verificado
Desandando,Rock argentino,Mercedes Sosa,Español,1998,9.7,verificado
Indulto,Rock argentino,Mercedes Sosa,Español,1998,9.7,verificado
Almas en el viento,Rock argentino,Mercedes Sosa,Español,1998,9.7,verificado
Zamba por vos,Rock argentino,Mercedes Sosa,Español,1998,9.7,verificado
Caminemos,Rock argentino,José Luis Rodríguez,Español,1997,9.7,verificado
Un siglo de ausencia,Rock argentino,José Luis Rodríguez,Español,1997,9.7,verificado
Prepárense,Rock argentino,Astor Piazzolla,Español,1993,9.7,verificado
Fracanapa,Rock argentino,Astor Piazzolla,Español,1993,9.7,verificado
Despertar,Rock argentino,Mercedes Sosa,Español,1991,9.7,verificado
El tiempo es veloz,Rock argentino,Mercedes Sosa,Español,1991,9.7,verificado
Taki Ongoy II,Rock argentino,Mercedes Sosa,Español,1991,9.7,verificado
Solo le pido a Dios,Rock argentino,Mercedes Sosa,Español,1993,9.7,verificado
Caruso,Rock argentino,Mercedes Sosa,Español,1993,9.7,verificado
Y dale alegría a mi corazón,Rock argentino,Mercedes Sosa,Español,1993,9.7,verificado
Cinco siglos igual,Rock argentino,Mercedes Sosa,Español,1993,9.7,verificado
La última curda,Rock argentino,Mercedes Sosa,Español,1993,9.7,verificado
Honrar la vida,Rock argentino,Mercedes Sosa,Español,1993,9.7,verificado
Despechada,Rock argentino,Antonio Romera y La Santa Margarita,Español,1999,9.7,verificado
Que nadie sepa mi sufrir,Rock argentino,La Sonora Dinamita,Español,1991,9.7,verificado
Tocando el cielo,Rock argentino,Franco de Vita,Español,1996,9.7,verificado
Del tiempo de mi niñez,Rock argentino,Mercedes Sosa,Español,1998,9.7,verificado
La belleza,Rock argentino,Mercedes Sosa,Español,1998,9.7,verificado
Como urpillita perdida,Rock argentino,Mercedes Sosa,Español,1998,9.7,verificado
La villerita,Rock argentino,Mercedes Sosa,Español,1998,9.7,verificado
Bajo el sauce solo,Rock argentino,Mercedes Sosa,Español,1998,9.7,verificado
Me morí de risa,Rock argentino,Los Auténticos Decadentes,Español,1995,9.7,verificado
Corazón,Rock argentino,Los Auténticos Decadentes,Español,1995,9.7,verificado
Completamente enamorados,Rock argentino,Chayanne,Español,1990,9.7,verificado
Una dulce cancion,Rock argentino,Antonio Romera y La Santa Margarita,Español,1999,9.7,verificado
Tu me quieres vender,Rock argentino,Antonio Romera y La Santa Margarita,Español,1999,9.7,verificado
Sin ti,Rock argentino,Antonio Romera y La Santa Margarita,Español,1999,9.7,verificado
Medianoche,Rock argentino,Inti‐Illimani,Español,1996,9.7,verificado
La media pena,Rock argentino,Mercedes Sosa,Español,1993,9.7,verificado
Encuentros y despedidas,Rock argentino,Mercedes Sosa,Español,1993,9.7,verificado
La solitaria,Rock argentino,Mercedes Sosa,Español,1993,9.7,verificado
Unicornio,Rock argentino,Mercedes Sosa,Español,1993,9.7,verificado
Retrato de A.P,Rock argentino,Mercedes Sosa,Español,1991,9.7,verificado
La estrella azul,Rock argentino,Mercedes Sosa,Español,1991,9.7,verificado
Una canción posible,Rock argentino,Mercedes Sosa,Español,1991,9.7,verificado
Sus ojos se cerraron,Rock argentino,Carlos Gardel,Español,1998,9.7,verificado
Adiós Nonino,Rock argentino,Astor Piazzolla,Español,1993,9.7,verificado
Barco a la deriva,Rock argentino,Franco de Vita,Español,1996,9.7,verificado
Fuera de este mundo,Rock argentino,Franco de Vita,Español,1996,9.7,verificado
Pueblero de Alla Ite,Rock argentino,Mercedes Sosa,Español,1998,9.7,verificado
Luna de cabotaje,Rock argentino,Mercedes Sosa,Español,1998,9.7,verificado
Vientos del alma,Rock argentino,Mercedes Sosa,Español,1998,9.7,verificado
Rayito de luna,Rock argentino,José Luis Rodríguez,Español,1997,9.7,verificado
What’s Real Iz Real,Hip hop,Delinquent Habits,Inglés,1996,9.7,verificado
Anywhere You Go,Hip hop,Aceyalone,Inglés,1995,9.7,verificado
Bonita Applebum (instrumental),Hip hop,A Tribe Called Quest,Inglés,1990,9.7,verificado
Bling Bling (instrumental),Hip hop,Cash Money Millionaires,Inglés,1999,9.7,verificado
Stressed Out,Hip hop,A Tribe Called Quest,Inglés,1996,9.7,verificado
"Things We Be Doin’ for Money, Part 2",Hip hop,Busta Rhymes,Inglés,1997,9.7,verificado
Sausage Gut,Hip hop,Jurassic 5,Inglés,1997,9.7,verificado
Eric B. Is President,Hip hop,Eric B. & Rakim,Inglés,1997,9.7,verificado
7 Sign,Hip hop,Bone Thugs‐n‐Harmony,Inglés,1997,9.7,verificado
Wasteland Warriors,Hip hop,Bone Thugs‐n‐Harmony,Inglés,1997,9.7,verificado
Food for Funk,Hip hop,Common,Inglés,1997,9.7,verificado
We Could Take It Outside,Hip hop,Busta Rhymes,Inglés,1997,9.7,verificado
"Quality Control, Part II",Hip hop,Jurassic 5,Inglés,1997,9.7,verificado
Neighborhood Slang (interlude),Hip hop,Bone Thugs‐n‐Harmony,Inglés,1997,9.7,verificado
Vivrant Thing,Hip hop,Violator,Inglés,1999,9.7,verificado
Mo’ Thug (interlude),Hip hop,Bone Thugs‐n‐Harmony,Inglés,1997,9.7,verificado
Black Connection,Hip hop,Camp Lo,Inglés,1997,9.7,verificado
Rock the Spot,Hip hop,Blackalicious,Inglés,1999,9.7,verificado
Scapegoat,Hip hop,Atmosphere,Inglés,1997,9.7,verificado
All Original,Hip hop,Bone Thugs‐n‐Harmony,Inglés,1997,9.7,verificado
Real Nigga Quotes,Hip hop,Common,Inglés,1997,9.7,verificado
Killin’ Em Softly,Hip hop,Camp Lo,Inglés,1997,9.7,verificado
Park Joint,Hip hop,Camp Lo,Inglés,1997,9.7,verificado
Intro,Hip hop,Busta Rhymes,Inglés,1997,9.7,verificado
In the Flesh,Hip hop,Jurassic 5,Inglés,1997,9.7,verificado
Thieves in the Night,Hip hop,Black Star,Inglés,1998,9.7,verificado
Ya Playin’ Yaself,Hip hop,Jeru the Damaja,Inglés,1996,9.7,verificado
Chronic,Hip hop,Eligh,Inglés,1999,9.7,verificado
Wannabes,Hip hop,People Under the Stairs,Inglés,1998,9.7,verificado
The Turndown,Hip hop,People Under the Stairs,Inglés,1998,9.7,verificado
120 Seconds,Hip hop,Freestyle Fellowship,Inglés,1991,9.7,verificado
Legal Alien,Hip hop,Freestyle Fellowship,Inglés,1991,9.7,verificado
It's What You Receive,Hip hop,Eligh,Inglés,1999,9.7,verificado
The Realm,Hip hop,Delinquent Habits,Inglés,1996,9.7,verificado
What It Be Like,Hip hop,Delinquent Habits,Inglés,1996,9.7,verificado
On the DL,Hip hop,The Pharcyde,Inglés,1992,9.7,verificado
All Balls,Hip hop,Aceyalone,Inglés,1995,9.7,verificado
Hate,Hip hop,Organized Konfusion,Inglés,1997,9.7,verificado
War on Drugs,Hip hop,2 Black 2 Strong MMG,Inglés,1991,9.7,verificado
Jockin' My Style,Hip hop,Craig Mack,Inglés,1997,9.7,verificado
"Drugs, Guns and Thugs",Hip hop,Craig Mack,Inglés,1997,9.7,verificado
Tighten up Your Wig,Hip hop,H.E.A.L.,Inglés,1991,9.7,verificado
Heal Yourself,Hip hop,H.E.A.L.,Inglés,1991,9.7,verificado
Anti-Ho,Hip hop,H.E.A.L.,Inglés,1991,9.7,verificado
Making a Name for Ourselves,Hip hop,Common,Inglés,1997,9.7,verificado
Planet Brooklyn,Hip hop,Freshco,Inglés,1995,9.7,verificado
Will Blast,Hip hop,Three 6 Mafia,Inglés,1997,9.7,verificado
MMG Shoot Out,Hip hop,2 Black 2 Strong MMG,Inglés,1991,9.7,verificado
Separate / Together,Hip hop,A Tribe Called Quest,Inglés,1996,9.7,verificado
Shugah Shorty,Hip hop,Organized Konfusion,Inglés,1997,9.7,verificado
It’s the Delinquentes,Hip hop,Delinquent Habits,Inglés,1998,9.7,verificado
Life Is a Struggle,Hip hop,Delinquent Habits,Inglés,1998,9.7,verificado
A Lesson Garden,Hip hop,Eligh,Inglés,1999,9.7,verificado
Takin' These,Hip hop,The Coup,Inglés,1994,9.7,verificado
Hip‐Hopola,Hip hop,The Goats,Inglés,1992,9.7,verificado
Sometimes I Rhyme Slow,Hip hop,Nice & Smooth,Inglés,1991,9.7,verificado
Attika Black (instrumental),Hip hop,Blackalicious,Inglés,1994,9.7,verificado
Hardcore,Hip hop,People Under the Stairs,Inglés,1998,9.7,verificado
Asshole,Hip hop,People Under the Stairs,Inglés,1998,9.7,verificado
U.C.P.A.S.,Hip hop,The Coup,Inglés,1998,9.7,verificado
Take a Lick,Hip hop,Akinyele,Inglés,1999,9.7,verificado
Across the 110,Hip hop,2 Black 2 Strong MMG,Inglés,1991,9.7,verificado
Family Got to Get Busy,Hip hop,H.E.A.L.,Inglés,1991,9.7,verificado
Correct Education,Hip hop,H.E.A.L.,Inglés,1991,9.7,verificado
Family,Hip hop,H.E.A.L.,Inglés,1991,9.7,verificado
Whole World African,Hip hop,H.E.A.L.,Inglés,1991,9.7,verificado
Mo’ Thug Family Tree,Hip hop,Bone Thugs‐n‐Harmony,Inglés,1997,9.7,verificado
A Gas Dreamer's Intro,Hip hop,Eligh,Inglés,1999,9.7,verificado
Here I Am,Hip hop,Freestyle Fellowship,Inglés,1991,9.7,verificado
Let’s Start Over,Hip hop,Freestyle Fellowship,Inglés,1991,9.7,verificado
Brooklyn to T‐Neck,Hip hop,Das EFX,Inglés,1992,9.7,verificado
Sike,Hip hop,Freestyle Fellowship,Inglés,1991,9.7,verificado
Shakiyla (JRH),Hip hop,Poor Righteous Teachers,Inglés,1991,9.7,verificado
Rap Hangover,Hip hop,Craig Mack,Inglés,1997,9.7,verificado
You!,Hip hop,Craig Mack,Inglés,1997,9.7,verificado
What I Need,Hip hop,Craig Mack,Inglés,1997,9.7,verificado
I’m That Type of Nigga,Hip hop,The Pharcyde,Inglés,1992,9.7,verificado
Soundman,Hip hop,Organized Konfusion,Inglés,1997,9.7,verificado
Otha Fish,Hip hop,The Pharcyde,Inglés,1992,9.7,verificado
Ice Man Cometh,Hip hop,2 Black 2 Strong MMG,Inglés,1991,9.7,verificado
Skulls,Hip hop,2 Black 2 Strong MMG,Inglés,1991,9.7,verificado
We Are the Freestyle Fellowship,Hip hop,Freestyle Fellowship,Inglés,1991,9.7,verificado
We Will Not Tolerate,Hip hop,Freestyle Fellowship,Inglés,1991,9.7,verificado
Jupiter’s Journey,Hip hop,Freestyle Fellowship,Inglés,1991,9.7,verificado
Rock da Party,Hip hop,Craig Mack,Inglés,1997,9.7,verificado
Heidi Hoe,Hip hop,Common,Inglés,1992,9.7,verificado
Bling Bling (radio edit),Hip hop,B.G.,Inglés,1999,9.7,verificado
Sound Is Vibration,Hip hop,Atmosphere,Inglés,1997,9.7,verificado
WND,Hip hop,Atmosphere,Inglés,1997,9.7,verificado
Burn the Flag,Hip hop,The Goats,Inglés,1992,9.7,verificado
Plumskinzz (instrumental),Hip hop,KMD,Inglés,1991,9.7,verificado
Melting Plastic,Hip hop,Da Bush Babees,Inglés,1996,9.7,verificado
Funky Child,Hip hop,Lords of the Underground,Inglés,1993,9.7,verificado
Seed,Hip hop,Arsonists,Inglés,1999,9.7,verificado
"Things We Be Doin’ for Money, Part 1",Hip hop,Busta Rhymes,Inglés,1997,9.7,verificado
The Whole World Lookin’ at Me,Hip hop,Busta Rhymes,Inglés,1997,9.7,verificado
One,Hip hop,Busta Rhymes,Inglés,1997,9.7,verificado
Get off My Block,Hip hop,Busta Rhymes,Inglés,1997,9.7,verificado
The Body Rock,Hip hop,Busta Rhymes,Inglés,1997,9.7,verificado
Only the Strong Survive,Hip hop,2 Black 2 Strong MMG,Inglés,1991,9.7,verificado
Burn Baby Burn,Hip hop,2 Black 2 Strong MMG,Inglés,1991,9.7,verificado
It’s On,Hip hop,Freestyle Fellowship,Inglés,1991,9.7,verificado
"Somehow, Someway",Hip hop,Organized Konfusion,Inglés,1997,9.7,verificado
Sin,Hip hop,Organized Konfusion,Inglés,1997,9.7,verificado
Numbers,Hip hop,Organized Konfusion,Inglés,1997,9.7,verificado
Do You See,Hip hop,Craig Mack,Inglés,1997,9.7,verificado
Style,Hip hop,Craig Mack,Inglés,1997,9.7,verificado
Put It on You,Hip hop,Craig Mack,Inglés,1997,9.7,verificado
Goin' All Out,Hip hop,2 Black 2 Strong MMG,Inglés,1991,9.7,verificado
2 Black 2 Strong,Hip hop,2 Black 2 Strong MMG,Inglés,1991,9.7,verificado
Can You Still Love Me,Hip hop,Craig Mack,Inglés,1997,9.7,verificado
Bow Wow Wow,Hip hop,Funkdoobiest,Inglés,1993,9.7,verificado
United as One (Medicine Man),Hip hop,Organized Konfusion,Inglés,1997,9.7,verificado
O’ Freedom,Hip hop,H.E.A.L.,Inglés,1991,9.7,verificado
I Am What I Am,Hip hop,H.E.A.L.,Inglés,1991,9.7,verificado
Desde la Tierra (el tercer planeta),Hip hop,Control Machete,Inglés,1999,9.7,verificado
Bling Bling,Hip hop,B.G.,Inglés,1999,9.7,verificado
They Reminisce Over You (T.R.O.Y.),Hip hop,Pete Rock & C.L. Smooth,Inglés,1992,9.7,verificado
Word Play,Hip hop,A Tribe Called Quest,Inglés,1996,9.7,verificado
Bombonyall,Hip hop,Quannum MCs,Inglés,1999,9.7,verificado
Books of Blood: The Coming of Tan,Hip hop,Jedi Mind Tricks,Inglés,1996,9.7,verificado
Actors Have No Friends,Hip hop,Eligh,Inglés,1999,9.7,verificado
What You Do,Hip hop,Eligh,Inglés,1999,9.7,verificado
Pizza Man (skit),Hip hop,The Coup,Inglés,1998,9.7,verificado
Wu-Tang Clan Ain’t Nuthing ta F’ Wit (instrumental),Hip hop,Wu‐Tang Clan,Inglés,1994,9.7,verificado
Mingus and Me,Hip hop,Eligh,Inglés,1999,9.7,verificado
Lifesize Puzzle,Hip hop,Eligh,Inglés,1999,9.7,verificado
Gettin’ Down at the Amphitheater,Hip hop,Common,Inglés,1997,9.7,verificado
Whutcha Want?,Hip hop,Nine,Inglés,1995,9.7,verificado
Nature of a Sista’,Hip hop,Queen Latifah,Inglés,1991,9.7,verificado
Definition,Hip hop,Black Star,Inglés,1998,9.7,verificado
Brown Skin Lady,Hip hop,Black Star,Inglés,1998,9.7,verificado
I’m Coming Home,Soul,Otis Redding,Inglés,1993,9.7,verificado
Tossin' & Turnin',Soul,Tony! Toni! Toné!,Inglés,1996,9.7,verificado
Don’t Be Afraid of Love,Soul,Otis Redding,Inglés,1992,9.7,verificado
Day Tripper,Soul,Otis Redding,Inglés,1993,9.7,verificado
(I Can Feel Those Vibrations) This Love Is Real,Soul,Jackie Wilson,Inglés,1992,9.7,verificado
Oh My Love,Soul,The Dells,Inglés,1992,9.7,verificado
Babylon's Risin',Soul,The Dells,Inglés,1992,9.7,verificado
I Can't Help Myself,Soul,The Dells,Inglés,1992,9.7,verificado
Come and Get It,Soul,The Dells,Inglés,1992,9.7,verificado
Listen Uup Youn Brothers,Soul,The Dells,Inglés,1992,9.7,verificado
Down in the Valley,Soul,Solomon Burke,Inglés,1990,9.7,verificado
Radio Spot – Things Go Better With Coke,Soul,Otis Redding,Inglés,1993,9.7,verificado
You Are My Starship,Soul,Norman Connors,Inglés,1993,9.7,verificado
Somebody's Gotta Move,Soul,The Dells,Inglés,1992,9.7,verificado
I'm Only a Man,Soul,The Dells,Inglés,1992,9.7,verificado
Baby Don't Go Away Mad,Soul,The Dells,Inglés,1992,9.7,verificado
Know These Things:Shouldn't You,Soul,Maxwell,Inglés,1998,9.7,verificado
Embrya,Soul,Maxwell,Inglés,1998,9.7,verificado
(I’ve Got) No Time to Lose,Soul,Carla Thomas,Inglés,1991,9.7,verificado
Booty Butt,Soul,Ray Charles,Inglés,1997,9.7,verificado
I've Been Loving You Too Long (To Stop Now),Soul,Otis Redding,Inglés,1991,9.7,verificado
Ol’ Man Trouble,Soul,Otis Redding,Inglés,1993,9.7,verificado
Speak Her Name,Soul,Walter Jackson,Inglés,1996,9.7,verificado
It's Gonna Take a Miracle,Soul,Deniece Williams,Inglés,1996,9.7,verificado
Closer to You,Soul,The Dells,Inglés,1992,9.7,verificado
Gravity:Pushing to Pull,Soul,Maxwell,Inglés,1998,9.7,verificado
Arroz con pollo,Soul,Maxwell,Inglés,1998,9.7,verificado
A Dream,Soul,Donny Hathaway,Inglés,1995,9.7,verificado
Pillow Talk,Soul,Sylvia Robinson,Inglés,1999,9.7,verificado
Can’t Explain How It Happened,Soul,Ivory Joe Hunter,Inglés,1991,9.7,verificado
The Monkey Time,Soul,Major Lance,Inglés,1997,9.7,verificado
I Salute You,Soul,The Dells,Inglés,1992,9.7,verificado
Bring Your Love Back to Me,Soul,Linda Lyndell,Inglés,1991,9.7,verificado
I’ll Run Your Hurt Away,Soul,Ruby Johnson,Inglés,1991,9.7,verificado
Closer to My Baby,Soul,Dorothy Williams,Inglés,1991,9.7,verificado
Hurts So Good,Soul,Millie Jackson,Inglés,1997,9.7,verificado
You Don’t Miss Your Water,Soul,Otis Redding,Inglés,1993,9.7,verificado
Long After Tonight Is All Over,Soul,Jimmy Radcliffe,Inglés,1994,9.7,verificado
Luxury:Cococure,Soul,Maxwell,Inglés,1998,9.7,verificado
Try to Leave Me If You Can (I Bet You Can’t Do It),Soul,Bessie Banks,Inglés,1994,9.7,verificado
Can’t Nobody Love You,Soul,Solomon Burke,Inglés,1990,9.7,verificado
Ring My Bell,Dance,Anita Ward,Inglés,1993,9.7,verificado
Are ‘Friends’ Electric?,Dance,An Pierlé,Inglés,1997,9.7,verificado
N'Kosi Sikelel'I-Africa,Dance,Batacotô,Inglés,1995,9.7,verificado
A Little Bit of Ecstasy,Dance,Jocelyn Enriquez,Inglés,1997,9.7,verificado
El Trago,Dance,2 in a Room,Inglés,1995,9.7,verificado
Conga,Dance,Gloria Estefan,Inglés,1992,9.7,verificado
A Song Is Just a Song (interlude II),Dance,C+C Music Factory,Inglés,1994,9.7,verificado
The Mood (interlude III),Dance,C+C Music Factory,Inglés,1994,9.7,verificado
Bounce to the Beat (Can You Dig It),Dance,C+C Music Factory,Inglés,1994,9.7,verificado
La La La Hey Hey,Dance,The Outhere Brothers,Inglés,1997,9.7,verificado
Real Love,Dance,Jody Watley,Inglés,1997,9.7,verificado
Do Whatta I Gotta Do,Dance,The Brand New Heavies,Inglés,1992,9.7,verificado
Logic Trance,Dance,Microbots,Inglés,1994,9.7,verificado
Tonight Is the Night,Dance,Le Click,Inglés,1997,9.7,verificado
Move to the Big Band,Dance,Ben Liebrand,Inglés,1990,9.7,verificado
Burning Times,Dance,Elaine Silver,Inglés,1997,9.7,verificado
Do You Miss Me,Dance,Jocelyn Enriquez,Inglés,1999,9.7,verificado
Hardshoe (7/4) Ray Malone,Dance,Moondog,Inglés,1991,9.7,verificado
Wake Me When I'm Dead,Dance,The Brand New Heavies,Inglés,1992,9.7,verificado
Tongues of Kali,Dance,Martyn Bennett,Inglés,1997,9.7,verificado
Living in Oblivion,Dance,Anything Box,Inglés,1990,9.7,verificado
Only You,Dance,The Boomtang Boys,Inglés,1999,9.7,verificado
Strike It Up,Dance,Black Box,Inglés,1992,9.7,verificado
Daisy Dukes,Dance,69 Boyz,Inglés,1999,9.7,verificado
I Ain't Got No Money Now,Dance,Leroy Carr,Inglés,1992,9.7,verificado
Rico Suave,Dance,Gerardo,Inglés,1995,9.7,verificado
Si te vuelves a enamorar,Dance,Bronco,Inglés,1997,9.7,verificado
Keep It Together (instrumental),Dance,Madonna,Inglés,1990,9.7,verificado
You Should Be Dancing,Dance,The Countdown Mixmasters,Inglés,1998,9.7,verificado
A Moment of Silence for Chep Nunez,Dance,C+C Music Factory,Inglés,1994,9.7,verificado
"Preachin' the Blues, Part 1",Dance,Son House,Inglés,1990,9.7,verificado
Down 4 Whateva,Dance,Nuttin’ Nyce,Inglés,1995,9.7,verificado
Love Dance,Dance,Martin Denny,Inglés,1996,9.7,verificado
Mind Blowin’,Dance,Smooth,Inglés,1995,9.7,verificado
Amours ou trop tard me suis pris,Dance,Amina Alaoui,Inglés,1998,9.7,verificado
Drinking Blues,Dance,Lucille Bogan,Inglés,1994,9.7,verificado
The Beat,Dance,Bass Automator,Inglés,1995,9.7,verificado
What Will I Do,Dance,Timmy T,Inglés,1990,9.7,verificado
Touba Fama Ke,Dance,Baba Djan,Inglés,1995,9.7,verificado
Got the Groove,Dance,SM‐Trax,Inglés,1999,9.7,verificado
Love Message,Dance,Love Message,Inglés,1996,9.7,verificado
Death Threat,Dance,The Brand New Heavies,Inglés,1992,9.7,verificado
Soy la voz,Dance,Van Lester,Inglés,1992,9.7,verificado
Cave Man,Dance,20 Fingers,Inglés,1995,9.7,verificado
Project One,Dance,Kenny Ken,Inglés,1997,9.7,verificado
Pretty Mama Blues,Dance,Cannon’s Jug Stompers,Inglés,1990,9.7,verificado
Zydeco Gris-Gris,Dance,BeauSoleil,Inglés,1994,9.7,verificado
Pantera en libertad,Dance,Mónica Naranjo,Inglés,1998,9.7,verificado
Hip Hop Express,Dance,C+C Music Factory,Inglés,1994,9.7,verificado
Froggy Style,Dance,Nuttin’ Nyce,Inglés,1995,9.7,verificado
Slave,Dance,Trance to the Sun,Inglés,1999,9.7,verificado
The Way,Dance,Gigi D’Agostino,Inglés,1999,9.7,verificado
Whatgabouthat,Dance,The Brand New Heavies,Inglés,1992,9.7,verificado
Aye?,Dance,Martyn Bennett,Inglés,1998,9.7,verificado
Bad of the Heart,Dance,George LaMond,Inglés,1990,9.7,verificado
No Matter What,Dance,George LaMond,Inglés,1990,9.7,verificado
Boom Boom Boom,Dance,The Outhere Brothers,Inglés,1995,9.7,verificado
לכל זמן,Dance,Yeedle,Inglés,1998,9.7,verificado
Bring It on Bac,Dance,20 Fingers,Inglés,1995,9.7,verificado
"The Third Chamber, Part 4",Dance,Loop Guru,Inglés,1995,9.7,verificado
Robi‐Rob’s Boriqua Anthem,Dance,C+C Music Factory,Inglés,1994,9.7,verificado
Just Wanna Chill,Dance,C+C Music Factory,Inglés,1994,9.7,verificado
In My Nature,Dance,Nuttin’ Nyce,Inglés,1995,9.7,verificado
Infinity (1990's Time for the Guru),Dance,Guru Josh,Inglés,1990,9.7,verificado
Ride That Bass,House,Quad City DJ’s,Inglés,1996,9.7,verificado
Tan Ta Ra,House,LFO,Inglés,1991,9.7,verificado
Throw,House,Paperclip People,Inglés,1996,9.7,verificado
Country Boy Goes Dub,House,Paperclip People,Inglés,1996,9.7,verificado
Parking Garage Politics,House,Paperclip People,Inglés,1996,9.7,verificado
Freeze,House,LFO,Inglés,1991,9.7,verificado
Intro,House,LFO,Inglés,1991,9.7,verificado
24 Hour Love,House,Robin S,Inglés,1997,9.7,verificado
We're in This Together,House,Robin S,Inglés,1997,9.7,verificado
There Is a Need,House,Robin S,Inglés,1997,9.7,verificado
It's Not Enough,House,Robin S,Inglés,1997,9.7,verificado
It Must Be Love,House,Robin S,Inglés,1997,9.7,verificado
Who Can It Be Now?,House,Men at Work,Inglés,1997,9.7,verificado
We-666,House,Human Resource,Inglés,1991,9.7,verificado
Can We Try Again,House,Technique,Inglés,1994,9.7,verificado
All That I Need,House,Boyzone,Inglés,1998,9.7,verificado
The Sky I Stand Under,House,Common Factor,Inglés,1998,9.7,verificado
Soundscape Rhythm,House,DJ Icey,Inglés,1999,9.7,verificado
Double F,House,DJ Icey,Inglés,1999,9.7,verificado
Raise Your Hands,House,Boston Bruins,Inglés,1999,9.7,verificado
Floor,House,Paperclip People,Inglés,1996,9.7,verificado
Pisces Groove,House,Common Factor,Inglés,1999,9.7,verificado
Oscillator,House,Paperclip People,Inglés,1996,9.7,verificado
Pump Dat Bass,House,313 Bass Mechanics,Inglés,1998,9.7,verificado
Sonic Fusion,House,Octave One,Inglés,1991,9.7,verificado
Trak 3,House,Octave One,Inglés,1998,9.7,verificado
Disco’s Revenge (David Anthony UK radio edit),House,Gusto,Inglés,1996,9.7,verificado
Fame 90,House,David Bowie,Inglés,1990,9.7,verificado
La niña (Del pañuelo colorado) (The Afterhouse Memê dub),House,Los del Río,Inglés,1996,9.7,verificado
Love Trax (Love Izz),House,DJ Pierre,Inglés,1992,9.7,verificado
Anytime,House,Diana Dee,Inglés,1997,9.7,verificado
Disco Babes From Outer Space,House,Babe Instinct,Inglés,1999,9.7,verificado
Always,House,MK,Inglés,1992,9.7,verificado
"Crazy, Crazy",House,MK,Inglés,1992,9.7,verificado
Spiritu Indio,House,"George Llanes, Jr.",Inglés,1996,9.7,verificado
The Sign of Life,House,trance[]control,Inglés,1999,9.7,verificado
Weekend,House,The Todd Terry Project,Inglés,1997,9.7,verificado
Echoes & Instruments,House,Wamdue Kids,Inglés,1996,9.7,verificado
2B Free,House,Human Resource,Inglés,1993,9.7,verificado
Track 14,House,LFO,Inglés,1991,9.7,verificado
Never Forget It,House,Fusion,Inglés,1996,9.7,verificado
Floor (Drums),House,Paperclip People,Inglés,1996,9.7,verificado
I Dreamt Music,House,DJ Icey,Inglés,1999,9.7,verificado
If You Could Read My Mind (Hex Hector edit),House,Stars on 54,Inglés,1998,9.7,verificado
Feel What I Feel,House,Common Factor,Inglés,1998,9.7,verificado
In To,House,Common Factor,Inglés,1998,9.7,verificado
Will,House,Common Factor,Inglés,1998,9.7,verificado
Positive Visual,House,Common Factor,Inglés,1998,9.7,verificado
Violet Skies,House,Phantasia,Inglés,1996,9.7,verificado
Higher,House,Wamdue Kids,Inglés,1995,9.7,verificado
Steam,House,Paperclip People,Inglés,1996,9.7,verificado
Adam & Eve,House,Human Resource,Inglés,1991,9.7,verificado
Idaho,House,Sunscreem,Inglés,1993,9.7,verificado
Love of My Life,House,Rob McConnell & The Boss Brass,Inglés,1991,9.7,verificado
Clear and Present,House,Paperclip People,Inglés,1996,9.7,verificado
Reach Out and Touch Me,House,Angelina,Inglés,1996,9.7,verificado
And All That Remains,House,Octave One,Inglés,1998,9.7,verificado
Paradise,House,Octave One,Inglés,1991,9.7,verificado
Epilogue,House,Octave One,Inglés,1991,9.7,verificado
Sweetest Day of May (radio edit),House,Joe T. Vannelli,Inglés,1995,9.7,verificado
Take a Chance on Me,House,Waterfront Home,Inglés,1997,9.7,verificado
A Fantasia (P 71),House,Paul O’Dette,Inglés,1997,9.7,verificado
I Beg Your Pardon,House,Kon Kan,Inglés,1997,9.7,verificado
Relax,House,Frankie Goes to Hollywood,Inglés,1997,9.7,verificado
Pressure,House,Sunscreem,Inglés,1993,9.7,verificado
As Long as You're Good to Me (Love to Infinity's Classic Paradise radio edit),House,Judy Cheeks,Inglés,1995,9.7,verificado
Sky High,House,Newton,Inglés,1994,9.7,verificado
Make You Whole,House,Andronicus,Inglés,1992,9.7,verificado
Futuristic Cipher,House,DJ Sneak,Inglés,1996,9.7,verificado
Horizons,House,Common Factor,Inglés,1998,9.7,verificado
Exploration / Meaning,House,Common Factor,Inglés,1998,9.7,verificado
Feel,House,DJ Tonka,Inglés,1995,9.7,verificado
A Dream,House,Gemini,Inglés,1995,9.7,verificado
A Moment of Insanity,House,Gemini,Inglés,1995,9.7,verificado
Electro Camino,House,DJ Icey,Inglés,1999,9.7,verificado
I Believe,House,Octave One,Inglés,1990,9.7,verificado
Slam Dance,House,Paperclip People,Inglés,1996,9.7,verificado
Paperclip Man,House,Paperclip People,Inglés,1991,9.7,verificado
Deep Into the Vibe,House,CZR,Inglés,1997,9.7,verificado
Come On Now,House,DJ Icey,Inglés,1999,9.7,verificado
Understand This Groove,House,Sound Factory,Inglés,1992,9.7,verificado
Gonna Catch You (J. Mark Andrus),House,Lonnie Gordon,Inglés,1997,9.7,verificado
Rock the Boat (John Moffett),House,Delage,Inglés,1997,9.7,verificado
You Know How to Love Me,House,Phyllis Hyman,Inglés,1997,9.7,verificado
Think a Moment,House,LFO,Inglés,1991,9.7,verificado
Lifeline,House,CeCe Peniston,Inglés,1992,9.7,verificado
Midnight,House,Robin S,Inglés,1997,9.7,verificado
All I Do,House,Robin S,Inglés,1997,9.7,verificado
Been So Long,House,Robin S,Inglés,1997,9.7,verificado
Shine on Me,House,Robin S,Inglés,1997,9.7,verificado
I Feel the Beat (dub II),House,Lordez,Inglés,1995,9.7,verificado
Almost Gave Up,House,MK,Inglés,1992,9.7,verificado
Only You,House,MK,Inglés,1992,9.7,verificado
Reality,House,MK,Inglés,1992,9.7,verificado
Love Potion,House,Baby Pop,Inglés,1997,9.7,verificado
All Over Me,House,Diane Lindsay,Inglés,1994,9.7,verificado
It's Love (Drum & Space dub),House,Wamdue Kids,Inglés,1998,9.7,verificado
Block Out the World,House,Fusion,Inglés,1996,9.7,verificado
Jerusalem,Reggae,Alpha Blondy,Inglés,1993,9.7,verificado
Peace in Liberia,Reggae,Alpha Blondy,Inglés,1992,9.7,verificado
Let’s Stay Together,Reggae,Big Mountain,Inglés,1997,9.7,verificado
Majority Rules,Reggae,Jimmy Cliff,Inglés,1999,9.7,verificado
Give the People What They Want,Reggae,Jimmy Cliff,Inglés,1999,9.7,verificado
Shelter of Your Love,Reggae,Jimmy Cliff,Inglés,1999,9.7,verificado
Bongo Man,Reggae,Jimmy Cliff,Inglés,1999,9.7,verificado
If I Follow My Mind,Reggae,Jimmy Cliff,Inglés,1999,9.7,verificado
Rise Up,Reggae,Jimmy Cliff,Inglés,1999,9.7,verificado
Depends,Punk,blink‐182,Inglés,1995,9.7,verificado
Punk Rock Love (demo),Punk,The Casualties,Inglés,1999,9.7,verificado
Stay Gold,Punk,Hi‐STANDARD,Inglés,1999,9.7,verificado
You're the Only One,Punk,The Lillingtons,Inglés,1999,9.7,verificado
Bloody Fists,Punk,Gen Strike,Inglés,1999,9.7,verificado
Does My Breath Smell?,Punk,blink‐182,Inglés,1995,9.7,verificado
Speak of the Devil,Punk,Misfits,Inglés,1997,9.7,verificado
Walk Among Us,Punk,Misfits,Inglés,1997,9.7,verificado
Resurrection,Punk,Misfits,Inglés,1997,9.7,verificado
Day of the Dead,Punk,Misfits,Inglés,1997,9.7,verificado
Shining,Punk,Misfits,Inglés,1997,9.7,verificado
Cristalena,Punk,MxPx,Inglés,1996,9.7,verificado
Sea of Blood,Punk,The Exploited,Inglés,1996,9.7,verificado
Massacre of Innocents,Punk,The Exploited,Inglés,1996,9.7,verificado
Touchdown Boy,Punk,blink‐182,Inglés,1995,9.7,verificado
Torn Jeans,Punk,Discount,Inglés,1997,9.7,verificado
From Hell They Came,Punk,Misfits,Inglés,1997,9.7,verificado
"Hate the Living, Love the Dead",Punk,Misfits,Inglés,1997,9.7,verificado
Mars Attacks,Punk,Misfits,Inglés,1997,9.7,verificado
Your Problem My Emergency,Punk,MxPx,Inglés,1996,9.7,verificado
If You’re Sad,Punk,The Exploited,Inglés,1996,9.7,verificado
"Oh, Canaduh",Punk,NoMeansNo,Inglés,1991,9.7,verificado
Two Faced,Punk,The Casualties,Inglés,1999,9.7,verificado
Toast & Bananas,Punk,blink‐182,Inglés,1995,9.7,verificado
Strings,Punk,blink‐182,Inglés,1995,9.7,verificado
Ben Wah Balls,Punk,blink‐182,Inglés,1995,9.7,verificado
East on Tracks,Punk,Slick Shoes,Inglés,1998,9.7,verificado
My Mom Still Cleans My Room,Punk,MxPx,Inglés,1996,9.7,verificado
Sometimes You Have to Ask Yourself,Punk,MxPx,Inglés,1996,9.7,verificado
Andrea,Punk,MxPx,Inglés,1996,9.7,verificado
Correct Me If I’m Wrong,Punk,MxPx,Inglés,1996,9.7,verificado
Abominable Dr. Phibes,Punk,Misfits,Inglés,1997,9.7,verificado
Crimson Ghost,Punk,Misfits,Inglés,1997,9.7,verificado
The Hunger,Punk,Misfits,Inglés,1997,9.7,verificado
This Island Earth,Punk,Misfits,Inglés,1997,9.7,verificado
Blacklight,Punk,Misfits,Inglés,1997,9.7,verificado
Creation,Punk,MxPx,Inglés,1994,9.7,verificado
Wasting Time,Punk,blink‐182,Inglés,1995,9.7,verificado
Theme for a Jackal,Punk,Misfits,Inglés,1996,9.7,verificado
Don’t Blame Me,Punk,The Exploited,Inglés,1996,9.7,verificado
Affected by Them,Punk,The Exploited,Inglés,1996,9.7,verificado
Miles Away,Punk,Goldfinger,Inglés,1996,9.7,verificado
Carnival in Rio (Punk Was),Punk,Die Toten Hosen,Inglés,1991,9.7,verificado
X-ray Specs,Punk,The Lillingtons,Inglés,1999,9.7,verificado
Murder on My Mind,Punk,The Lillingtons,Inglés,1999,9.7,verificado
KKK Took My Baby Away,Punk,MxPx,Inglés,1999,9.7,verificado
Metronome,Punk,NoMeansNo,Inglés,1991,9.7,verificado
New Age,Punk,NoMeansNo,Inglés,1991,9.7,verificado
Dear Charlotte,Punk,Craig's Brother,Inglés,1998,9.7,verificado
Cacophony,Punk,blink‐182,Inglés,1995,9.7,verificado
Just About Done,Punk,blink‐182,Inglés,1995,9.7,verificado
The Haunting,Punk,Misfits,Inglés,1997,9.7,verificado
American Psycho,Punk,Misfits,Inglés,1997,9.7,verificado
Dig Up Her Bones,Punk,Misfits,Inglés,1997,9.7,verificado
She,Punk,Misfits,Inglés,1996,9.7,verificado
They Lie,Punk,The Exploited,Inglés,1996,9.7,verificado
Serial Killer,Punk,The Exploited,Inglés,1996,9.7,verificado
1*15*96,Punk,The Ataris,Inglés,1999,9.7,verificado
In Spite of the World,Punk,The Ataris,Inglés,1999,9.7,verificado
Answer:,Punk,The Ataris,Inglés,1999,9.7,verificado
Broken Promise Ring,Punk,The Ataris,Inglés,1999,9.7,verificado
All My Loving,Pop,Los Manolos,Inglés,1991,9.7,verificado
I Only Want to Be With You,Pop,Bay City Rollers,Inglés,1995,9.7,verificado
Crash! Boom! Bang!,Pop,Roxette,Inglés,1994,9.7,verificado
Never Giving Up,Pop,B*Witched,Inglés,1998,9.7,verificado
All Around Me,Pop,Savage Garden,Inglés,1997,9.7,verificado
Look at You,Pop,Hanson,Inglés,1997,9.7,verificado
Go to Sleep,Pop,Roxette,Inglés,1994,9.7,verificado
Madeline,Pop,Hanson,Inglés,1997,9.7,verificado
Speechless,Pop,Hanson,Inglés,1997,9.7,verificado
A Minute Without You,Pop,Hanson,Inglés,1997,9.7,verificado
Still Surfin’,Pop,The Beach Boys,Inglés,1992,9.7,verificado
Some Fantastic Place,Pop,Squeeze,Inglés,1996,9.7,verificado
Last Time Lover,Pop,Spice Girls,Inglés,1996,9.7,verificado
Let Me Love You,Pop,Geri Halliwell,Inglés,1999,9.7,verificado
Cotton Fields (The Cotton Song),Pop,The Beach Boys,Inglés,1995,9.7,verificado
Band 6,Pop,The Monkees,Inglés,1995,9.7,verificado
Jericho,Pop,The Monkees,Inglés,1995,9.7,verificado
Pillow Time,Pop,The Monkees,Inglés,1995,9.7,verificado
Wings,Pop,The Hollies,Inglés,1996,9.7,verificado
Holiday for Clowns,Pop,Brian Hyland,Inglés,1990,9.7,verificado
Cathedral Park,Pop,Dubstar,Inglés,1997,9.7,verificado
Almost Unreal,Pop,Per Gessle,Inglés,1994,9.7,verificado
Schoolgirl,Pop,The Hollies,Inglés,1998,9.7,verificado
Come Down to the Shore,Pop,The Hollies,Inglés,1998,9.7,verificado
Here Comes the Rain Again,Pop,Annie Lennox,Inglés,1992,9.7,verificado
I Want You Back,Pop,Melanie C,Inglés,1999,9.7,verificado
So Called Friend,Pop,Texas,Inglés,1993,9.7,verificado
Peter Gunn’s Gun,Pop,The Monkees,Inglés,1995,9.7,verificado
A Miracle’s Coming,Pop,Kim Wilde,Inglés,1992,9.7,verificado
Goodnight Kiss,Pop,Geri Halliwell,Inglés,1999,9.7,verificado
Finally Finding Out,Pop,Jordan Knight,Inglés,1999,9.7,verificado
"Looks, Looks, Looks",Pop,Sparks,Inglés,1991,9.7,verificado
A Little Respect,Pop,Björn Again,Inglés,1992,9.7,verificado
"10,000 Promises",Pop,Backstreet Boys,Inglés,1997,9.7,verificado
On Fire,Pop,Dave Stewart & The Spiritual Cowboys,Inglés,1990,9.7,verificado
Spring Affair,Pop,Donna Summer,Inglés,1993,9.7,verificado
Emmerdale,Pop,The Cardigans,Inglés,1995,9.7,verificado
Progress,Pop,Nik Kershaw,Inglés,1993,9.7,verificado
Don Quixote,Pop,Nik Kershaw,Inglés,1993,9.7,verificado
Thinking of You,Pop,Hanson,Inglés,1997,9.7,verificado
Monkey Business,Pop,Nik Kershaw,Inglés,1993,9.7,verificado
Radio Musicola,Pop,Nik Kershaw,Inglés,1993,9.7,verificado
When a Heart Beats,Pop,Nik Kershaw,Inglés,1993,9.7,verificado
What’s She Like?,Pop,Roxette,Inglés,1994,9.7,verificado
Here Comes the Weekend,Pop,Roxette,Inglés,1992,9.7,verificado
SMC,Hard rock,Def Leppard,Inglés,1993,9.7,verificado
The Prize,Hard rock,Magnum,Inglés,1993,9.7,verificado
Seventeen,Hard rock,GUN,Inglés,1997,9.7,verificado
One Night of Passion,Hard rock,Magnum,Inglés,1993,9.7,verificado
The Honky Tonk Downstairs,Hard rock,Suzi Quatro,Inglés,1990,9.7,verificado
The Party Starts Now!!,Hard rock,Manitoba's Wild Kingdom,Inglés,1990,9.7,verificado
High Flyer,Hard rock,UFO,Inglés,1996,9.7,verificado
Higher Ground,Hard rock,GUN,Inglés,1992,9.7,verificado
Watching the World Go By,Hard rock,GUN,Inglés,1992,9.7,verificado
The Lights Burned Out  ,Hard rock,Magnum,Inglés,1995,9.7,verificado
Street Rats,Hard rock,Ted Nugent,Inglés,1993,9.7,verificado
Don’t Look Down (edit),Hard rock,Mick Ronson,Inglés,1994,9.7,verificado
Burn,Hard rock,Deep Purple,Inglés,1995,9.7,verificado
Going Down / Highway Star,Hard rock,Deep Purple,Inglés,1996,9.7,verificado
Gypsy,Hard rock,Deep Purple,Inglés,1996,9.7,verificado
Paint It Black,Hard rock,Deep Purple,Inglés,1992,9.7,verificado
Lady Double Dealer,Hard rock,Deep Purple,Inglés,1996,9.7,verificado
Outward Bound,Hard rock,Wishbone Ash,Inglés,1995,9.7,verificado
Freedom,Hard rock,Glenn Hughes,Inglés,1999,9.7,verificado
Working Class Kids,Hard rock,The Last Resort,Inglés,1993,9.7,verificado
Nightmare Avenue,Hard rock,Scorpions,Inglés,1993,9.7,verificado
School's Out,Hard rock,Alice Cooper,Inglés,1991,9.7,verificado
Nobody’s Home,Hard rock,Deep Purple,Inglés,1991,9.7,verificado
Gypsy’s Kiss,Hard rock,Deep Purple,Inglés,1991,9.7,verificado
Speed King,Hard rock,Deep Purple,Inglés,1991,9.7,verificado
Ruby Tuesday,Hard rock,Nazareth,Inglés,1993,9.7,verificado
Won't Back Down,Hard rock,GUN,Inglés,1992,9.7,verificado
Long Road,Hard rock,GUN,Inglés,1992,9.7,verificado
Reach Out for Love,Hard rock,GUN,Inglés,1992,9.7,verificado
My Sweet Jane,Hard rock,GUN,Inglés,1997,9.7,verificado
Soldier of the Line,Hard rock,Magnum,Inglés,1993,9.7,verificado
Money to Burn,Hard rock,GUN,Inglés,1992,9.7,verificado
Let’s Have a Party,Hard rock,Slade,Inglés,1993,9.7,verificado
Into the Fire,Hard rock,Deep Purple,Inglés,1992,9.7,verificado
Mandrake Root,Hard rock,Deep Purple,Inglés,1992,9.7,verificado
Gettin’ Tighter,Hard rock,Deep Purple,Inglés,1995,9.7,verificado
"The Gemini Suite: I. Guitar, Organ",Hard rock,Deep Purple,Inglés,1993,9.7,verificado
Love Child,Hard rock,Deep Purple,Inglés,1995,9.7,verificado
This Time Around,Hard rock,Deep Purple,Inglés,1995,9.7,verificado
Going Down,Hard rock,Deep Purple,Inglés,1995,9.7,verificado
Move to the City,Hard rock,Guns N’ Roses,Inglés,1992,9.7,verificado
I Surrender,Hard rock,Rainbow,Inglés,1991,9.7,verificado
Aleyah,Hard rock,Scorpions,Inglés,1999,9.7,verificado
Mysterious,Hard rock,Scorpions,Inglés,1999,9.7,verificado
All My Love,Hard rock,GUN,Inglés,1997,9.7,verificado
Come a Long Way,Hard rock,GUN,Inglés,1997,9.7,verificado
Roots-Fi Discotek (skit),Hip hop,Roots Manuva,Inglés,1999,9.7,verificado
Dem Phonies,Hip hop,Roots Manuva,Inglés,1999,9.7,verificado
Sinking Sands,Hip hop,Roots Manuva,Inglés,1999,9.7,verificado
As the World Turns,Hip hop,Blackalicious,Inglés,1999,9.7,verificado
Return of the B‐Boy,Hip hop,The Pharcyde,Inglés,1992,9.7,verificado
Officer,Hip hop,The Pharcyde,Inglés,1992,9.7,verificado
Confrontations,Hip hop,Organized Konfusion,Inglés,1997,9.7,verificado
Move,Hip hop,Organized Konfusion,Inglés,1997,9.7,verificado
Go Hard,Hip hop,Q‐Tip,Inglés,1999,9.7,verificado
Afro Connections at a Hi 5 (In the Eyes of the Hoodlum),Hip hop,De La Soul,Inglés,1991,9.7,verificado
Divine Intervention,Hip hop,DJ Shadow,Inglés,1999,9.7,verificado
Sleep,Hip hop,Blackalicious,Inglés,1999,9.7,verificado
Wisdom Fall,Hip hop,Roots Manuva,Inglés,1999,9.7,verificado
Lyric Fanthom (instrumental),Hip hop,Blackalicious,Inglés,1994,9.7,verificado
"The ""In"" Crowd",Soul,Dobie Gray,Inglés,1994,9.7,verificado
Don’t Let Me Down,Soul,Fred Hughes,Inglés,1997,9.7,verificado
Tell Her,Soul,Dean Parrish,Inglés,1998,9.7,verificado
One in a Million,Soul,Maxine Brown,Inglés,1990,9.7,verificado
I Feel Like Cryin’,Soul,Sam & Bill,Inglés,1997,9.7,verificado
Wizards of the Sonic (Dextrous edit),Dance,WestBam,Inglés,1998,9.7,verificado
Stigs in Love,Dance,Midfield General,Inglés,1997,9.7,verificado
"Saturday Night, Sunday Morning (T-Empo radio edit)",Dance,T‐Empo,Inglés,1998,9.7,verificado
Area 51,Dance,Red Snapper,Inglés,1995,9.7,verificado
Tribhuwan,Dance,Purple Penguin,Inglés,1995,9.7,verificado
Mercy Mercy Me,Dance,The Apostles,Inglés,1997,9.7,verificado
Dream About You,Dance,D'Bora,Inglés,1992,9.7,verificado
Music of the Future,Dance,Lust,Inglés,1992,9.7,verificado
No Deeper Meaning,Dance,Culture Beat,Inglés,1991,9.7,verificado
Let the Hustlers Play,Dance,DJ Pulse,Inglés,1996,9.7,verificado
Paint a Picture,Dance,Man With No Name,Inglés,1996,9.7,verificado
Do You Want It Right Now,Dance,Degrees of Motion,Inglés,1993,9.7,verificado
All Out of Love,Dance,Newton,Inglés,1997,9.7,verificado
A Roller Skating Jam Named ‘Saturdays’,Dance,De La Soul,Inglés,1992,9.7,verificado
I Like to Move It (Reel 2 Reel dub),Dance,Reel 2 Real,Inglés,1993,9.7,verificado
I Like You,Dance,Culture Beat,Inglés,1991,9.7,verificado
So Much,Dance,Shades of Blue,Inglés,1997,9.7,verificado
Only One,Dance,Anthea,Inglés,1999,9.7,verificado
It’s Too Late,Dance,Quartz,Inglés,1991,9.7,verificado
Jugs,Dance,Philadelphia Bluntz,Inglés,1998,9.7,verificado
Cinematic Sundown,Dance,Los Olvidados,Inglés,1998,9.7,verificado
Would You Like to Seduce Me?,Dance,Krystal,Inglés,1998,9.7,verificado
Now Till Never,Dance,Crustation,Inglés,1995,9.7,verificado
Lover Man,Dance,The Jazz Vandall’s,Inglés,1999,9.7,verificado
Inferno,Dance,Souvlaki,Inglés,1997,9.7,verificado
Take Me There,Dance,Maximum,Inglés,1997,9.7,verificado
I Like It Like That,Dance,The Blackout Allstars,Inglés,1998,9.7,verificado
Get Your Hands Off My Man,Dance,Junior Vasquez,Inglés,1994,9.7,verificado
More Than This '99,Dance,Emmie,Inglés,1999,9.7,verificado
Ghannili Sheway Sheway,Dance,Hossam Ramzy,Inglés,1999,9.7,verificado
I’ll Save the Last Dance for You,Dance,Damita Jo,Inglés,1997,9.7,verificado
The Whistle Song,Dance,Frankie Knuckles,Inglés,1992,9.7,verificado
Flower Garden,Dance,Alanïa,Inglés,1998,9.7,verificado
1998 (radio edit),Dance,Binary Finary,Inglés,1999,9.7,verificado
To Be in Love,Dance,Masters at Work,Inglés,1999,9.7,verificado
I Kiss Your Lips (Music for the Girlies extended),Dance,Tokyo Ghetto Pussy,Inglés,1995,9.7,verificado
Come On,Dance,Konya,Inglés,1996,9.7,verificado
Nightmare (Sinister Strings),Dance,Brainbug,Inglés,1997,9.7,verificado
When I’m Good and Ready,Dance,Sybil,Inglés,1993,9.7,verificado
To the Hip,Dance,Bootman,Inglés,1995,9.7,verificado
Catch Me,Dance,Marsha Raven,Inglés,1995,9.7,verificado
Voyager,Dance,Mr Spring,Inglés,1997,9.7,verificado
Oneski,Dance,Richard H. Kirk,Inglés,1994,9.7,verificado
Breathing Is E-Zee,Dance,E‐Zee Possee,Inglés,1992,9.7,verificado
A Taste of Boogie,Dance,Carboo,Inglés,1998,9.7,verificado
La (radio edit),Dance,Marc et Claude,Inglés,1999,9.7,verificado
Slave to the Rhythm (Blooded),Dance,Grace Jones,Inglés,1994,9.7,verificado
Insanity,Dance,Oceanic,Inglés,1991,9.7,verificado
La Passionara,Dance,The Blow Monkeys,Inglés,1999,9.7,verificado
Charly,Dance,The Prodigy,Inglés,1991,9.7,verificado
Raggatruffen,Dance,Daniele Sepe,Inglés,1996,9.7,verificado
Plumpy Chunks,Dance,Plump DJs,Inglés,1999,9.7,verificado
Catch Me (I'm Falling in Love),Dance,Marsha Raven,Inglés,1998,9.7,verificado
Fascinating Rhythm,Dance,Bassomatic,Inglés,1993,9.7,verificado
I Kiss Your Lips (Music for the Girlies radio edit),Dance,Tokyo Ghetto Pussy,Inglés,1995,9.7,verificado
Get Out on This Dancefloor,House,U.K. Movin,Inglés,1994,9.7,verificado
Only You,House,Praise,Inglés,1991,9.7,verificado
The Beat (Scratchers Groove),House,Dreamon,Inglés,1997,9.7,verificado
I Thought It Was You,House,Sex-O-Sonique,Inglés,1997,9.7,verificado
"Dive to Paradise (FKB 7"" edit)",House,Eurogroove,Inglés,1995,9.7,verificado
Fired Up (Club 69 edit),House,Funky Green Dogs,Inglés,1997,9.7,verificado
Pleasure Love (original radio edit),House,De Funk,Inglés,1999,9.7,verificado
Love On Love,House,Candi Staton,Inglés,1999,9.7,verificado
Get Get Down,House,Paul Johnson,Inglés,1999,9.7,verificado
Tightrope Walker,House,Clan of Xymox,Inglés,1994,9.7,verificado
Destination Eschaton (Hardfloor vocal edit),House,The Shamen,Inglés,1995,9.7,verificado
Set You Free,House,N‐Trance,Inglés,1995,9.7,verificado
Hot Dog,House,Key Aura,Inglés,1994,9.7,verificado
Makes Me Love You,House,Eclipse,Inglés,1999,9.7,verificado
Turn Around,House,Phats & Small,Inglés,1999,9.7,verificado
Work It Out,House,Shiva,Inglés,1995,9.7,verificado
Come Down,House,G-Park,Inglés,1997,9.7,verificado
Remember a Song,House,Romanthony,Inglés,1999,9.7,verificado
Time of Love,House,Paul Johnson,Inglés,1995,9.7,verificado
Music Mind,House,Romanthony,Inglés,1999,9.7,verificado
Tikkle Me,House,Paul Johnson,Inglés,1996,9.7,verificado
Trippin' on Sunshine,House,Pizzaman,Inglés,1994,9.7,verificado
Two Fatt Guitars,House,Direckt,Inglés,1994,9.7,verificado
The Anthem,House,Black Shells,Inglés,1994,9.7,verificado
Manfiest Your Love (Tooley St. edit),House,D.O.P.,Inglés,1995,9.7,verificado
Raise Your Hands (Erick More radio edit),House,Reel 2 Real,Inglés,1994,9.7,verificado
Handz N D' Air,House,Romanthony,Inglés,1999,9.7,verificado
"The Wonder of Love (7"" edit)",House,Loveland,Inglés,1995,9.7,verificado
Help My Friend,House,Slo Moshun,Inglés,1994,9.7,verificado
Choose Me,House,Cookie,Inglés,1994,9.7,verificado
Ay Ninos (Frank Lou dub Flying),House,Amnesia,Inglés,1994,9.7,verificado
Ron Hardy's Resurrection,House,MFON,Inglés,1999,9.7,verificado
Hear the Music,House,Paul Johnson,Inglés,1996,9.7,verificado
Something Goin’ On,House,Todd Terry,Inglés,1997,9.7,verificado
Do You Think You Can Love Me,House,Romanthony,Inglés,1998,9.7,verificado
Desire (radio edit),House,B.B.E.,Inglés,1997,9.7,verificado
"Not Anyone (7"" Radio Edit)",House,Black Box,Inglés,1995,9.7,verificado
Lift Me Up,House,Rod Bishop,Inglés,1997,9.7,verificado
Phantasia Forever,House,Praga Khan,Inglés,1993,9.7,verificado
Joy (Mondo’s Pussycat radio edit),House,Staxx,Inglés,1997,9.7,verificado
No Work Today,House,Nuages,Inglés,1994,9.7,verificado
We Are Back,House,LFO,Inglés,1991,9.7,verificado
Music in My Mind (radio edit),House,Adam F,Inglés,1997,9.7,verificado
Heroes,House,Roni Size,Inglés,1997,9.7,verificado
Feel It,House,The Tamperer featuring Maya,Inglés,1998,9.7,verificado
Sound of Eden,House,Shades of Rhythm,Inglés,1991,9.7,verificado
Rave Generator,House,Toxic Two,Inglés,1992,9.7,verificado
Follow the Rules,House,Livin’ Joy,Inglés,1996,9.7,verificado
"Love on Love (7"")",House,Dr Mouthquake,Inglés,1990,9.7,verificado
Teardrops,House,Lovestation,Inglés,1999,9.7,verificado
Feeling Good,House,Huff & Herb,Inglés,1997,9.7,verificado
Deeper Love (Symphonic Paradise) (radio edit),House,B.B.E.,Inglés,1998,9.7,verificado
Theme From S'Express,House,S’Express,Inglés,1996,9.7,verificado
Love Can’t Turn Around,House,Farley Jackmaster Funk,Inglés,1998,9.7,verificado
I’ll House You (Gee Street Reconstruction),House,Jungle Brothers,Inglés,1998,9.7,verificado
Discohopping,House,Klubbheads,Inglés,1997,9.7,verificado
[untitled],House,Justin Berkovi,Inglés,1999,9.7,verificado
The Beginning,House,Clan of Xymox,Inglés,1994,9.7,verificado
Freaks Come Out,House,Cevin Fisher,Inglés,1998,9.7,verificado
People,House,Wamdue Kids,Inglés,1995,9.7,verificado
Never Ever (Booker T dub),House,All Saints,Inglés,1997,9.7,verificado
Gabriel,House,Roy Davis Jr.,Inglés,1999,9.7,verificado
Ain't Nobody,House,Club Brothers,Inglés,1997,9.7,verificado
Think About…,House,DJ H. feat. Stefy,Inglés,1990,9.7,verificado
Viva House,House,Me and Jack,Inglés,1993,9.7,verificado
Phuture 2000,House,Carl Cox,Inglés,1999,9.7,verificado
Do U Wanna Dance,House,Romanthony,Inglés,1999,9.7,verificado
Mind O' a Predator,House,Romanthony,Inglés,1999,9.7,verificado
Funky Flava,House,Romanthony,Inglés,1999,9.7,verificado
Clap Ya Handz,House,Romanthony,Inglés,1999,9.7,verificado
Comin 4 U,House,Romanthony,Inglés,1999,9.7,verificado
I Believe,House,Happy Clappers,Inglés,1996,9.7,verificado
Tripping on Sunshine,House,Pizzaman,Inglés,1994,9.7,verificado
Don't Stop (Wiggle Wiggle) (OHB Radio Edit),House,The Outhere Brothers,Inglés,1994,9.7,verificado
Back Together Again,House,Inner City,Inglés,1993,9.7,verificado
High Energy,House,The Maltese Massive,Inglés,1997,9.7,verificado
Hold On,House,Happy Clappers,Inglés,1995,9.7,verificado
Kimana Tana,House,Lifeforce,Inglés,1996,9.7,verificado
I Got the Vibration (Kamasutra dub),House,Black Box,Inglés,1996,9.7,verificado
Luv 4 Luv,House,Robin S,Inglés,1993,9.7,verificado
Lonely,House,Lance Ellington,Inglés,1993,9.7,verificado
Hold On (Classic vocal),House,Romanthony,Inglés,1999,9.7,verificado
Time 2 Stop,House,Roger Sanchez,Inglés,1994,9.7,verificado
What You Need (Rebound Superfly dub),House,Soft House Company,Inglés,1996,9.7,verificado
Better Vibes EP (White Label),House,Gold Coast,Inglés,1994,9.7,verificado
Human Behaviour (Bassheads edit),House,Björk,Inglés,1993,9.7,verificado
If She Only Knew,House,Kevin Yost,Inglés,1999,9.7,verificado
The Nighttrain (original),House,Kadoc,Inglés,1996,9.7,verificado
Oh La La La,House,2 Eivissa,Inglés,1997,9.7,verificado
Bits and Pieces,House,Artemesia,Inglés,1997,9.7,verificado
Traction,House,Paul Johnson,Inglés,1995,9.7,verificado
Tribal Church,House,Joe Inferno,Inglés,1992,9.7,verificado
Must Bee the Music,House,King Bee,Inglés,1991,9.7,verificado
Jumpin,House,Todd Terry,Inglés,1996,9.7,verificado
Deep Inside of Me,House,TFX,Inglés,1992,9.7,verificado
London X‐Press,House,X‐Press 2,Inglés,1993,9.7,verificado
I Never Knew,House,Roger Sanchez,Inglés,1999,9.7,verificado
Muzik Takes Me Higher,House,Disco Elements,Inglés,1995,9.7,verificado
Movin' (Lee's Vocal Dub),House,Marathon,Inglés,1991,9.7,verificado
Somebody Scream - Ma Baker (radio edit),House,Horny United,Inglés,1999,9.7,verificado
Never Let Go,House,Hyper Go Go,Inglés,1993,9.7,verificado
Steamy Windows,House,Tina Turner,Inglés,1996,9.7,verificado
Hideaway,House,De’Lacy,Inglés,1998,9.7,verificado
Sweet Harmony (Liquid ’95 edit),House,Liquid,Inglés,1995,9.7,verificado
Emergency!,Trance,Paul van Dyk,Inglés,1994,9.7,verificado
Song of Liberation,Trance,Para-Dizer,Inglés,1994,9.7,verificado
The V.S.,Trance,Virtual Symmetry,Inglés,1994,9.7,verificado
Point Zero,Trance,Li Kwan,Inglés,1994,9.7,verificado
LSD,Trance,Hallucinogen,Inglés,1994,9.7,verificado
Alcatraz,Trance,Electrotête,Inglés,1994,9.7,verificado
Dubcatcher,Trance,Scorpio Rising,Inglés,1994,9.7,verificado
Hierophone,Trance,Karl Biscuit,Inglés,1994,9.7,verificado
Out of the Blue,Trance,System F,Inglés,1999,9.7,verificado
Sally Brown,Ska,Bad Manners,Inglés,1998,9.7,verificado
You Fat Bastard,Ska,Bad Manners,Inglés,1994,9.7,verificado
Dread Rock,Ska,Judge Dread,Inglés,1998,9.7,verificado
Rosemary,Ska,Bad Manners,Inglés,1997,9.7,verificado
Jamaica Ska,Ska,Desmond Dekker,Inglés,1993,9.7,verificado
Wings of a Dove,Ska,Desmond Dekker,Inglés,1993,9.7,verificado
Je t’aime (moi non plus),Ska,Judge Dread,Inglés,1994,9.7,verificado
Jamaica Jerk Off,Ska,Judge Dread,Inglés,1994,9.7,verificado
King of Kings,Ska,Desmond Dekker,Inglés,1993,9.7,verificado
Lip Up Fatty,Ska,Bad Manners,Inglés,1998,9.7,verificado
Johnny’s Knee,Ska,Bad Manners,Inglés,1994,9.7,verificado
King of Ska,Ska,Desmond Dekker,Inglés,1993,9.7,verificado
On My Radio,Ska,The Selecter,Inglés,1996,9.7,verificado
"How’s My Driving, Doug Hastings?",Ska,Less Than Jake,Inglés,1996,9.7,verificado
Ranking Full Stop,Ska,Special Beat,Inglés,1992,9.7,verificado
Easy Life,Ska,The Bodysnatchers,Inglés,1993,9.7,verificado
How Big Do You Love Me,Ska,Bad Manners,Inglés,1994,9.7,verificado
Social Security,Ska,The Toasters,Inglés,1992,9.7,verificado
Sod the Neighbours,Punk,The Toy Dolls,Inglés,1993,9.7,verificado
Big A Little A,Punk,Crass,Inglés,1993,9.7,verificado
Nagasaki Nightmare,Punk,Crass,Inglés,1993,9.7,verificado
Sunday Morning Nightmare,Punk,Sham 69,Inglés,1992,9.7,verificado
I Could Have Danced All Night,Pop,Pérez Prado,Inglés,1990,9.7,verificado
Francisco Guayabal,Pop,Beny Moré y su Banda Gigante,Inglés,1998,9.7,verificado
El amor de mi bohío,Pop,Guillermo Portabales,Inglés,1996,9.7,verificado
Descarga en faux,Pop,Ritmo y Candela,Inglés,1998,9.7,verificado
Jacqueline and Caroline,Pop,Pérez Prado,Inglés,1990,9.7,verificado
Cuando tú no estás,Pop,Néstor Marconi Trío,Inglés,1999,9.7,verificado
Mambo rincón,Pop,Mario Bauzá,Inglés,1998,9.7,verificado
Latinos del mundo,Pop,Latin Thing,Inglés,1997,9.7,verificado
Lluvia,Pop,Hermanos Tuiran,Inglés,1991,9.7,verificado
Caminito,Pop,Carlos Gardel,Inglés,1999,9.7,verificado
I Know Why,Pop,The BBC Big Band,Inglés,1991,9.7,verificado
Mi ranchito,Pop,Linda Ronstadt,Inglés,1991,9.7,verificado
What Are You Doing for the Rest of Your Life? Part 1,Pop,Ocho,Inglés,1996,9.7,verificado
Gumbo,Pop,Cortijo y su Máquina del Tiempo,Inglés,1996,9.7,verificado
Amigos,Pop,Stone Alliance,Inglés,1996,9.7,verificado
El Marne,Pop,Eduardo Arolas,Inglés,1999,9.7,verificado
El último guapo,Pop,Alfredo Belusi,Inglés,1999,9.7,verificado
Song for My Father,Pop,Bobby Valentín,Inglés,1991,9.7,verificado
Flor de dalia,Pop,Los Pinkys,Inglés,1999,9.7,verificado
Spiller From Rio (Do It Easy),Pop,Laguna,Inglés,1997,9.7,verificado
Oye como va,Pop,"Tito Puente, Jr. & The Latin Rhythm",Inglés,1997,9.7,verificado
Para Lennon e McCartney,Pop,Friends from Rio,Inglés,1996,9.7,verificado
Un meneíto na’ más,Pop,Vieja Trova Santiaguera,Inglés,1998,9.7,verificado
Tinguiti ’ta durmiendo,Pop,Los Terry,Inglés,1998,9.7,verificado
Aguafuertes porteñas,Pop,Litto Nebbia,Inglés,1999,9.7,verificado
Canto de Ossanha,Pop,Paulo Bellinati,Inglés,1995,9.7,verificado
El relicario,Pop,Pérez Prado,Inglés,1990,9.7,verificado
Mas que Nada,Pop,Jorge Ben Jor,Inglés,1993,9.7,verificado
Café Homero,Pop,Néstor Marconi,Inglés,1999,9.7,verificado
Midnight in Jamaica,Pop,Pérez Prado,Inglés,1990,9.7,verificado
Paloma sin nido,Pop,Tony de La Rosa,Inglés,1999,9.7,verificado
Anabacoa,Pop,Grupo Folklórico y Experimental Nuevayorquino,Inglés,1996,9.7,verificado
El tiempo será testigo,Pop,Héctor Varela,Inglés,1999,9.7,verificado
El hombre de los 6 millones de dolores (hip hop),Hip hop,Mr. Rango,Español,1998,9.7,verificado
Directo 01,Hip hop,7 Notas 7 Colores,Español,1994,9.7,verificado
Puercos,Hip hop,7 Notas 7 Colores,Español,1996,9.7,verificado
Puercos (a cappella),Hip hop,7 Notas 7 Colores,Español,1996,9.7,verificado
El viejo sinte,Hip hop,957 Kolt,Español,1995,9.7,verificado
El siguiente ritmo,Hip hop,957 Kolt,Español,1995,9.7,verificado
Surysydyo,Hip hop,957 Kolt,Español,1995,9.7,verificado
Can't Wait to Be With You,Hip hop,DJ Jazzy Jeff & the Fresh Prince,Español,1993,9.7,verificado
Funky B-boys niggis,Hip hop,Frank T,Español,1999,9.7,verificado
Deprisa,Hip hop,Frank T,Español,1999,9.7,verificado
Tonto,Hip hop,Frank T,Español,1999,9.7,verificado
Noume,Hip hop,Frank T,Español,1999,9.7,verificado
Bien,Hip hop,Frank T,Español,1999,9.7,verificado
Viaje al limbo,Hip hop,7 Notas 7 Colores,Español,1994,9.7,verificado
Humanos no piséis las flores,Hip hop,7 Notas 7 Colores,Español,1994,9.7,verificado
Producto de la sociedad,Hip hop,7 Notas 7 Colores,Español,1994,9.7,verificado
Directo 02,Hip hop,7 Notas 7 Colores,Español,1994,9.7,verificado
Intro,Hip hop,957 Kolt,Español,1995,9.7,verificado
Amor y odio,Hip hop,957 Kolt,Español,1995,9.7,verificado
¿Proqué?,Hip hop,957 Kolt,Español,1995,9.7,verificado
Timo,Hip hop,957 Kolt,Español,1995,9.7,verificado
Suciedad,Hip hop,957 Kolt,Español,1995,9.7,verificado
957 interludio,Hip hop,957 Kolt,Español,1995,9.7,verificado
1 poco + d lo mismo,Hip hop,957 Kolt,Español,1995,9.7,verificado
Boom! Shake the Room,Hip hop,DJ Jazzy Jeff & the Fresh Prince,Español,1993,9.7,verificado
Code Red,Hip hop,DJ Jazzy Jeff & the Fresh Prince,Español,1993,9.7,verificado
28 850 París,Hip hop,Frank T,Español,1999,9.7,verificado
Negocio personal,Hip hop,Frank T,Español,1999,9.7,verificado
Control de la palabra,Hip hop,Frank T,Español,1999,9.7,verificado
Nuevo ser,Hip hop,Frank T,Español,1999,9.7,verificado
No hay,Hip hop,Frank T,Español,1999,9.7,verificado
Ná the ná (1995),Hip hop,Nerviozzo,Español,1997,9.7,verificado
Con esos ojitos (instrumental),Hip hop,7 Notas 7 Colores,Español,1996,9.7,verificado
H.P.F.,Hip hop,957 Kolt,Español,1995,9.7,verificado
I Wanna Rock,Hip hop,DJ Jazzy Jeff & the Fresh Prince,Español,1993,9.7,verificado
Tú kién eres,Hip hop,Frank T,Español,1999,9.7,verificado
Drink pogüer sin pussy,Hip hop,957 Kolt,Español,1995,9.7,verificado
Al-Hakim,Hip hop,957 Kolt,Español,1995,9.7,verificado
Ya llegooo,Hip hop,957 Kolt,Español,1995,9.7,verificado
Funkera,Hip hop,7 Notas 7 Colores,Español,1994,9.7,verificado
Puercos (instrumental),Hip hop,7 Notas 7 Colores,Español,1996,9.7,verificado
Raggamuffin,Hip hop,7 Notas 7 Colores,Español,1994,9.7,verificado
La gran obra maestra,Hip hop,Frank T,Español,1998,9.7,verificado
Frases,Hip hop,Frank T,Español,1999,9.7,verificado
Nsombolay,Hip hop,Frank T,Español,1999,9.7,verificado
Tú sabes,Hip hop,Frank T,Español,1999,9.7,verificado
Rap serio,Hip hop,Frank T,Español,1999,9.7,verificado
No os dejan entrar,Hip hop,Frank T,Español,1999,9.7,verificado
El amor,Hip hop,Frank T,Español,1999,9.7,verificado
Spend My Life With You,Soul,Eric Benét,Español,1999,9.7,verificado
Rumore Chimico,House,Alma Matris,Español,1998,9.7,verificado
Let Me Love You for Tonight,House,Kariya,Español,1997,9.7,verificado
The DJ (It’s Saturday Night),House,DJ Cerla,Español,1997,9.7,verificado
My Radio (M.B.R.G. extended),House,J.K.,Español,1995,9.7,verificado
Deep Menace,House,D’Menace,Español,1998,9.7,verificado
Yerba del diablo (Yaqui),Trance,Datura,Español,1991,9.7,verificado
Insomnia,Trance,Faithless,Español,1999,9.7,verificado
Morninglight,Trance,Team Deep,Español,1996,9.7,verificado
Liebe (single cut),Trance,Ayla,Español,1998,9.7,verificado
Mr. Marshall,Reggae,Cañaman,Español,1997,9.7,verificado
Me vuelvo loco,Reggae,Cañaman,Español,1997,9.7,verificado
Déjate llevar,Reggae,Cañaman,Español,1997,9.7,verificado
Revolución,Reggae,Cañaman,Español,1997,9.7,verificado
Cantares,Reggae,Cañaman,Español,1997,9.7,verificado
Nada es lo mismo,Reggae,Cañaman,Español,1997,9.7,verificado
África,Reggae,Cañaman,Español,1997,9.7,verificado
Jah vive,Reggae,Cañaman,Español,1997,9.7,verificado
Legalización,Reggae,Cañaman,Español,1997,9.7,verificado
What Goes Around Come Around,Reggae,Bob Marley & The Wailers,Español,1996,9.7,verificado
Mockin' Bird Hill,Reggae,Roots Syndicate,Español,1998,9.7,verificado
Cañaman,Reggae,Cañaman,Español,1997,9.7,verificado
Libre,Reggae,Cañaman,Español,1997,9.7,verificado
La canción de las tres velas,Reggae,Cañaman,Español,1997,9.7,verificado
Nacer para morir,Reggae,Cañaman,Español,1997,9.7,verificado
Parece que fue ayer,Pop,Armando Manzanero,Español,1990,9.7,verificado
Pobre de ti,Pop,Tijuana No,Español,1993,9.7,verificado
Esperaré,Pop,Armando Manzanero,Español,1990,9.7,verificado
Caminemos,Pop,Los Panchos,Español,1991,9.7,verificado
Capullito de alhelí,Pop,Nat King Cole,Español,1993,9.7,verificado
Alma en pena,Pop,Carlos Gardel,Español,1991,9.7,verificado
Solo se vive una vez,Pop,Caramba,Español,1996,9.7,verificado
Acércate más,Pop,Nat King Cole,Español,1993,9.7,verificado
Adelita,Pop,Nat King Cole,Español,1993,9.7,verificado
El cumbanchero,Pop,Xavier Cugat,Español,1992,9.7,verificado
No volveré,Pop,María Dolores Pradera,Español,1996,9.7,verificado
Toca para mí,Pop,Alejandro Sanz,Español,1991,9.7,verificado
La feria de las flores,Pop,Nat King Cole,Español,1993,9.7,verificado
Sin ton ni son,Pop,Miguel Bosé,Español,1999,9.7,verificado
"Te quiero, amor",Pop,Miguel Bosé,Español,1999,9.7,verificado
O noso tempo,Pop,Milladoiro,Español,1991,9.7,verificado
La bella cubana,Pop,Compay Segundo,Español,1996,9.7,verificado
Amapola,Pop,Xavier Cugat,Español,1992,9.7,verificado
One by One,Pop,Cher,Español,1995,9.7,verificado
Otra como tú,Pop,Eros Ramazzotti,Español,1993,9.7,verificado
Picture of You,Pop,Boyzone,Español,1996,9.7,verificado
Like Dylan in the Movies,Pop,Belle and Sebastian,Español,1996,9.7,verificado
Seeing Other People,Pop,Belle and Sebastian,Español,1996,9.7,verificado
"Get Me Away From Here, I’m Dying",Pop,Belle and Sebastian,Español,1996,9.7,verificado
Judy and the Dream of Horses,Pop,Belle and Sebastian,Español,1996,9.7,verificado
The Fox in the Snow,Pop,Belle and Sebastian,Español,1996,9.7,verificado
The Boy Done Wrong Again,Pop,Belle and Sebastian,Español,1996,9.7,verificado
The Stars of Track and Field,Pop,Belle and Sebastian,Español,1996,9.7,verificado
Mayfly,Pop,Belle and Sebastian,Español,1996,9.7,verificado
It Doesn’t Have to Be,Pop,Erasure,Español,1992,9.7,verificado
She Belongs to Me,Pop,Alain Bashung,Español,1991,9.7,verificado
Me enseñaste,Pop,Ricardo Arjona,Español,1996,9.7,verificado
Garden of April,Pop,April March,Español,1996,9.7,verificado
Beautiful Goodbye,Pop,Amanda Marshall,Español,1995,9.7,verificado
Fly With Me,Pop,98°,Español,1998,9.7,verificado
Larsen,Pop,Zazie,Español,1995,9.7,verificado
I Want You,Pop,Savage Garden,Español,1996,9.7,verificado
We All Sleep Alone,Pop,Cher,Español,1998,9.7,verificado
Lingo With the Gringo,Pop,OMC,Español,1996,9.7,verificado
Dov’è l’amore,Pop,Cher,Español,1998,9.7,verificado
Something So Right,Pop,Annie Lennox,Español,1995,9.7,verificado
Pours Out Your Eyes,Pop,OMC,Español,1996,9.7,verificado
She Loves Italian,Pop,OMC,Español,1996,9.7,verificado
Just a Closer Walk With Thee / Take My Hand Lord Jesus,Pop,Anne Murray,Español,1999,9.7,verificado
Without Understanding,Pop,Ringo Starr,Español,1998,9.7,verificado
I’m Yours,Pop,Ringo Starr,Español,1998,9.7,verificado
I Was Walkin’,Pop,Ringo Starr,Español,1998,9.7,verificado
I’ll Be Fine Anywhere,Pop,Ringo Starr,Español,1998,9.7,verificado
Bad Attitude,Pop,Laura Branigan,Español,1990,9.7,verificado
No Me Queda Más,Pop,Selena,Español,1994,9.7,verificado
Rainbow Colours,Pop,Maarja,Español,1997,9.7,verificado
Love Me Do,Pop,Ringo Starr,Español,1998,9.7,verificado
Puppet,Pop,Ringo Starr,Español,1998,9.7,verificado
Mindfield,Pop,Ringo Starr,Español,1998,9.7,verificado
La De Da,Pop,Ringo Starr,Español,1998,9.7,verificado
Espérame,Pop,Nek,Español,1997,9.7,verificado
The Old Rugged Cross,Pop,Anne Murray,Español,1999,9.7,verificado
Süchtig,Pop,Rosenstolz,Español,1996,9.7,verificado
Horny,Pop,Mark Morrison,Español,1996,9.7,verificado
One,Pop,Ringo Starr,Español,1998,9.7,verificado
Vertical Man,Pop,Ringo Starr,Español,1998,9.7,verificado
Drift Away,Pop,Ringo Starr,Español,1998,9.7,verificado
¿Qué creías?,Pop,Selena,Español,1992,9.7,verificado
I Count the Minutes,Pop,Ricky Martin,Español,1999,9.7,verificado
Somebody’s Crying,Pop,Chris Isaak,Español,1995,9.7,verificado
Tears of Pearls,Pop,Savage Garden,Español,1997,9.7,verificado
Carry on Dancing,Pop,Savage Garden,Español,1997,9.7,verificado
Who Needs Love (Like That),Pop,Erasure,Español,1992,9.7,verificado
Indestructible,Pop,Alisha’s Attic,Español,1996,9.7,verificado
Cool Confusion,Punk,The Clash,Español,1991,9.7,verificado
Blitzkrieg Bop,Punk,Die Toten Hosen,Español,1991,9.7,verificado
I Don’t Care,Rock argentino,Shakespears Sister,Español,1992,9.6,verificado
New Art Riot (in E minor),Rock argentino,Manic Street Preachers,Español,1994,9.6,verificado
Drug Drug Druggy,Rock argentino,Manic Street Preachers,Español,1994,9.6,verificado
Too Cold Here,Rock argentino,Manic Street Preachers,Español,1994,9.6,verificado
Holly Wood Ya,Rock argentino,Enuff Z’Nuff,Español,1991,9.6,verificado
Blue Island,Rock argentino,Enuff Z’Nuff,Español,1991,9.6,verificado
Dog and Butterfly,Rock argentino,Heart,Español,1995,9.6,verificado
Dream of the Archer,Rock argentino,Heart,Español,1995,9.6,verificado
Seasons,Rock argentino,Heart,Español,1995,9.6,verificado
These Dreams,Rock argentino,Heart,Español,1995,9.6,verificado
(Up on) Cherry Blossom Road,Rock argentino,Heart,Español,1995,9.6,verificado
Love Hurts,Rock argentino,Heart,Español,1995,9.6,verificado
The World Is a Gutter,Rock argentino,Enuff Z’Nuff,Español,1991,9.6,verificado
Strength,Rock argentino,Enuff Z’Nuff,Español,1991,9.6,verificado
Something for Free,Rock argentino,Enuff Z’Nuff,Español,1991,9.6,verificado
Crazy on You,Rock argentino,Heart,Español,1995,9.6,verificado
Straight On,Rock argentino,Heart,Español,1995,9.6,verificado
The Road Home,Rock argentino,Heart,Español,1995,9.6,verificado
Back to Avalon,Rock argentino,Heart,Español,1995,9.6,verificado
Missing You,Rock argentino,Enuff Z’Nuff,Español,1991,9.6,verificado
Con nombre de guerra,Rock argentino,Héroes del Silencio,Español,1990,9.6,verificado
Cissy Strut,Rock argentino,Pappo’s Blues,Español,1999,9.6,verificado
Dreamboat Annie (Fantasy Child),Rock argentino,Heart,Español,1995,9.6,verificado
In Crowd,Rock argentino,Enuff Z’Nuff,Español,1991,9.6,verificado
Mother’s Eyes,Rock argentino,Enuff Z’Nuff,Español,1991,9.6,verificado
Gangster moderne,Rock argentino,MC Solaar,Español,1997,9.6,verificado
Visions de vie,Rock argentino,Oxmo Puccino,Español,1998,9.6,verificado
Daydreamin’,Rock argentino,MC Solaar,Español,1997,9.6,verificado
Illico presto,Rock argentino,MC Solaar,Español,1997,9.6,verificado
Protège‐tibia,Rock argentino,MC Solaar,Español,1997,9.6,verificado
Wonderbra,Rock argentino,MC Solaar,Español,1997,9.6,verificado
Joints & Jam,Rock argentino,Black Eyed Peas,Español,1998,9.6,verificado
Interlude,Rock argentino,Suprême NTM,Español,1998,9.6,verificado
Small World,Rock argentino,Nas,Español,1999,9.6,verificado
Natural Born Chillas,Rock argentino,Beginner,Español,1996,9.6,verificado
Frehnwarts Nutzsignal,Rock argentino,Beginner,Español,1996,9.6,verificado
Da Joint,Rock argentino,EPMD,Español,1997,9.6,verificado
You Won’t See Me Tonight,Rock argentino,Nas,Español,1999,9.6,verificado
Respire,Rock argentino,Suprême NTM,Español,1998,9.6,verificado
Back dans les bacs,Rock argentino,Suprême NTM,Español,1998,9.6,verificado
Odeurs de soufre,Rock argentino,Suprême NTM,Español,1998,9.6,verificado
Look Into Your Heart,Rock argentino,Aretha Franklin,Español,1992,9.6,verificado
Who Was That?,Rock argentino,Deee‐Lite,Español,1990,9.6,verificado
Alone,Rock argentino,Nils Lofgren,Español,1995,9.6,verificado
The Picture,Rock argentino,Iris,Español,1999,9.6,verificado
Seguimos en pie,Rock argentino,Ska-P,Español,1998,9.6,verificado
Villancico,Rock argentino,Ska-P,Español,1998,9.6,verificado
Kacikes,Rock argentino,Ska-P,Español,1998,9.6,verificado
Poder pa’l pueblo,Rock argentino,Ska-P,Español,1998,9.6,verificado
Zamba para no morir,Rock argentino,Mercedes Sosa,Español,1995,9.6,verificado
Un año de amor,Rock argentino,Luz Casal,Español,1991,9.6,verificado
Si se calla el cantor,Rock argentino,Mercedes Sosa,Español,1993,9.6,verificado
No morirá (No Matter What),Rock argentino,DLG,Español,1995,9.6,verificado
Mi primera canción,Rock argentino,Alejandro Sanz,Español,1993,9.6,verificado
Inconciente colectivo,Rock argentino,Mercedes Sosa,Español,1993,9.6,verificado
U Ain’t Bone,Hip hop,Bone Thugs‐n‐Harmony,Inglés,1997,9.6,verificado
Pin the Tail on the Donkey,Hip hop,Naughty by Nature,Inglés,1991,9.6,verificado
Clap Your Hands,Hip hop,A Tribe Called Quest,Inglés,1993,9.6,verificado
"20,000 Gun Salute",Hip hop,The Coup,Inglés,1998,9.6,verificado
I Gave You Power,Hip hop,Nas,Inglés,1996,9.6,verificado
Street Dreams,Hip hop,Nas,Inglés,1996,9.6,verificado
Take It in Blood,Hip hop,Nas,Inglés,1996,9.6,verificado
Improvise,Hip hop,Jurassic 5,Inglés,1998,9.6,verificado
Affirmative Action,Hip hop,Nas,Inglés,1996,9.6,verificado
The Message,Hip hop,Nas,Inglés,1996,9.6,verificado
Freestyle Fanatic,Hip hop,A.D.O.R.,Inglés,1998,9.6,verificado
Fa All Y’all,Hip hop,Da Brat,Inglés,1994,9.6,verificado
Oh,Hip hop,The Grouch,Inglés,1999,9.6,verificado
We Are the Champions,Hip hop,Daddy Freddy,Inglés,1991,9.6,verificado
Superman,Hip hop,Atmosphere,Inglés,1999,9.6,verificado
Hollow Wood,Hip hop,The Last Poets,Inglés,1997,9.6,verificado
B.X.M.F.,Hip hop,AG,Inglés,1999,9.6,verificado
A 2 da G / Hold It Down (skit),Hip hop,AG,Inglés,1999,9.6,verificado
Sick Uncle,Hip hop,Hot Boy$,Inglés,1999,9.6,verificado
All Out,Hip hop,Showbiz & A.G.,Inglés,1995,9.6,verificado
Don’t Let It Go to Your Head,Hip hop,Brand Nubian,Inglés,1998,9.6,verificado
"Fat Cats, Bigga Fish",Hip hop,The Coup,Inglés,1994,9.6,verificado
Intro (Hot & Spicy),Hip hop,Hot Boy$,Inglés,1999,9.6,verificado
I’m Mad,Hip hop,EPMD,Inglés,1990,9.6,verificado
Hip 2 tha Skeme,Hip hop,The Coup,Inglés,1994,9.6,verificado
360 Degrees,Hip hop,The Coup,Inglés,1994,9.6,verificado
This One's A Girl,Hip hop,The Coup,Inglés,1994,9.6,verificado
Fellowship,Hip hop,Binary Star,Inglés,1999,9.6,verificado
Path of the Righteous Man,Hip hop,Lords of the Underground,Inglés,1999,9.6,verificado
Freakin Flows,Hip hop,Binary Star,Inglés,1999,9.6,verificado
The Ultimate,Hip hop,The Roots,Inglés,1999,9.6,verificado
Take Me Home,Hip hop,Polyrhythm Addicts,Inglés,1999,9.6,verificado
Are You Ready for Freddy,Hip hop,Fat Boys,Inglés,1997,9.6,verificado
Reflections,Hip hop,Mystik Journeymen,Inglés,1999,9.6,verificado
What the Fuck…,Hip hop,Brand Nubian,Inglés,1994,9.6,verificado
Claimin’ I’m a Criminal,Hip hop,Brand Nubian,Inglés,1994,9.6,verificado
Weed vs. Weaves (interlude),Hip hop,Brand Nubian,Inglés,1994,9.6,verificado
Down for the Real,Hip hop,Brand Nubian,Inglés,1994,9.6,verificado
Lookin’ at God (interlude),Hip hop,Brand Nubian,Inglés,1994,9.6,verificado
Steal Ya ’Ho,Hip hop,Brand Nubian,Inglés,1992,9.6,verificado
The Porno King,Hip hop,Funkdoobiest,Inglés,1993,9.6,verificado
Sunshine,Hip hop,Funkdoobiest,Inglés,1998,9.6,verificado
Alley,Hip hop,Funkdoobiest,Inglés,1998,9.6,verificado
¡Oyé Papi!,Hip hop,Funkdoobiest,Inglés,1998,9.6,verificado
Tribal Flutes,Hip hop,Funkdoobiest,Inglés,1998,9.6,verificado
Papi Chulo,Hip hop,Funkdoobiest,Inglés,1998,9.6,verificado
Doobie Show,Hip hop,Funkdoobiest,Inglés,1998,9.6,verificado
Blow Your Mind,Hip hop,Lords of the Underground,Inglés,1999,9.6,verificado
One Day,Hip hop,Lords of the Underground,Inglés,1999,9.6,verificado
Retaliate,Hip hop,Lords of the Underground,Inglés,1999,9.6,verificado
Style Wars,Hip hop,Styles of Beyond,Inglés,1998,9.6,verificado
The Time Has Come,Hip hop,DJ Muggs,Inglés,1997,9.6,verificado
Adjust,Hip hop,Atmosphere,Inglés,1997,9.6,verificado
Brief Description,Hip hop,Atmosphere,Inglés,1997,9.6,verificado
Prophet Posse,Hip hop,Three 6 Mafia,Inglés,1997,9.6,verificado
Ya Dig,Hip hop,Jamalski,Inglés,1993,9.6,verificado
Last Word,Hip hop,Jamalski,Inglés,1993,9.6,verificado
Party and Bullshit (club dirty),Hip hop,The Notorious B.I.G.,Inglés,1993,9.6,verificado
Pop,Hip hop,Umar Bin Hassan,Inglés,1993,9.6,verificado
40 Deuce Street,Hip hop,Umar Bin Hassan,Inglés,1993,9.6,verificado
Martyr Theme Song,Hip hop,Sole,Inglés,1999,9.6,verificado
My Little Habit,Hip hop,Mr. Skurge,Inglés,1999,9.6,verificado
Ileso,Hip hop,Control Machete,Inglés,1999,9.6,verificado
Manslaughter,Hip hop,EPMD,Inglés,1990,9.6,verificado
Fuck a Perm,Hip hop,The Coup,Inglés,1993,9.6,verificado
I Know You,Hip hop,The Coup,Inglés,1993,9.6,verificado
Pam's Song,Hip hop,The Coup,Inglés,1993,9.6,verificado
Kill My Landlord,Hip hop,The Coup,Inglés,1993,9.6,verificado
To Know Him,Hip hop,Mark J,Inglés,1999,9.6,verificado
Omega,Hip hop,Mark J,Inglés,1999,9.6,verificado
To All,Hip hop,Mark J,Inglés,1999,9.6,verificado
Nomads,Hip hop,Mark J,Inglés,1999,9.6,verificado
Tales From the Darkside,Hip hop,Mark J,Inglés,1999,9.6,verificado
Alpha,Hip hop,Mark J,Inglés,1999,9.6,verificado
Residuals,Hip hop,Mark J,Inglés,1999,9.6,verificado
Freedom,Hip hop,Snow,Inglés,1996,9.6,verificado
Mash Up da Nation,Hip hop,Snow,Inglés,1996,9.6,verificado
Behind Closed Doors,Hip hop,Pharoahe Monch,Inglés,1999,9.6,verificado
The Next Shit,Hip hop,Pharoahe Monch,Inglés,1999,9.6,verificado
Shoot ’Em Up,Hip hop,Cypress Hill,Inglés,1991,9.6,verificado
Chico's Chicken,Hip hop,Murs,Inglés,1999,9.6,verificado
M-3 (Anger),Hip hop,Murs,Inglés,1997,9.6,verificado
That's Him,Hip hop,Murs,Inglés,1999,9.6,verificado
I Don’t Play,Hip hop,Kool Keith,Inglés,1999,9.6,verificado
NineFive,Hip hop,Murs,Inglés,1997,9.6,verificado
"L.A. Story, Part 3",Hip hop,Murs,Inglés,1999,9.6,verificado
On Mystical Way (freestyle),Hip hop,Murs,Inglés,1999,9.6,verificado
Simple,Hip hop,Murs,Inglés,1999,9.6,verificado
The Girls Don’t Like the Job,Hip hop,Kool Keith,Inglés,1999,9.6,verificado
Maxi Curls,Hip hop,Kool Keith,Inglés,1999,9.6,verificado
This One,Hip hop,Diamond D,Inglés,1997,9.6,verificado
Sí señor,Hip hop,Control Machete,Inglés,1999,9.6,verificado
Clear tha Set,Hip hop,Lil Wayne,Inglés,1999,9.6,verificado
Doobie Knows,Hip hop,Funkdoobiest,Inglés,1998,9.6,verificado
Motivated,Hip hop,Three 6 Mafia,Inglés,1997,9.6,verificado
Flashes,Hip hop,Three 6 Mafia,Inglés,1997,9.6,verificado
Are U Ready 4 Us,Hip hop,Three 6 Mafia,Inglés,1997,9.6,verificado
Bless + Destroy,Hip hop,Swollen Members,Inglés,1999,9.6,verificado
Committed,Hip hop,Swollen Members,Inglés,1999,9.6,verificado
Whatever Happened (The Birth),Hip hop,AZ,Inglés,1998,9.6,verificado
Hardcore,Hip hop,EPMD,Inglés,1990,9.6,verificado
All Night Long,Hip hop,Common,Inglés,1997,9.6,verificado
Lyric Fathom,Hip hop,Blackalicious,Inglés,1994,9.6,verificado
Burn the Flag (radio edit),Hip hop,The Goats,Inglés,1992,9.6,verificado
Esperanza,Hip hop,Control Machete,Inglés,1999,9.6,verificado
I’m Not the One,Hip hop,Showbiz & A.G.,Inglés,1995,9.6,verificado
MC Chronicles,Hip hop,A.D.O.R.,Inglés,1998,9.6,verificado
The Kid Is Crazy,Hip hop,A.D.O.R.,Inglés,1998,9.6,verificado
Let It All Hang Out,Hip hop,A.D.O.R.,Inglés,1998,9.6,verificado
Add On,Hip hop,Showbiz & A.G.,Inglés,1995,9.6,verificado
The Rush,Hip hop,A.D.O.R.,Inglés,1998,9.6,verificado
Shoot 1st,Hip hop,Hot Boy$,Inglés,1999,9.6,verificado
Ridin,Hip hop,Hot Boy$,Inglés,1999,9.6,verificado
Foul Play,Hip hop,The Coup,Inglés,1993,9.6,verificado
Liberation of Lonzo Williams,Hip hop,The Coup,Inglés,1993,9.6,verificado
Funk,Hip hop,The Coup,Inglés,1993,9.6,verificado
Fifth Element,Hip hop,Knowdaverbs,Inglés,1999,9.6,verificado
I Changed My Mind,Hip hop,Lyrics Born,Inglés,1999,9.6,verificado
Brothers on My Jock,Hip hop,EPMD,Inglés,1990,9.6,verificado
"Earth, Wind & Fire",Hip hop,Lords of the Underground,Inglés,1999,9.6,verificado
"Hennessey, Part 2",Hip hop,Lords of the Underground,Inglés,1999,9.6,verificado
Imposter,Hip hop,Lords of the Underground,Inglés,1999,9.6,verificado
I'm Shittin' on 'em,Hip hop,Funkdoobiest,Inglés,1993,9.6,verificado
Stretchin',Hip hop,Funkdoobiest,Inglés,1998,9.6,verificado
Respect My Mind,Hip hop,Hot Boy$,Inglés,1999,9.6,verificado
Funk's on Me,Hip hop,Funkdoobiest,Inglés,1993,9.6,verificado
Ka Sera Sera,Hip hop,Funkdoobiest,Inglés,1995,9.6,verificado
It Ain’t Going Down,Hip hop,Funkdoobiest,Inglés,1995,9.6,verificado
Conversation,Hip hop,Paris,Inglés,1998,9.6,verificado
Mr. Bozack,Hip hop,EPMD,Inglés,1990,9.6,verificado
Dat Fast Food Joint,Hip hop,Binary Star,Inglés,1998,9.6,verificado
Everlasting Like Infinity,Hip hop,Andre Nickatina,Inglés,1999,9.6,verificado
Rockin' With the Best,Hip hop,Daddy Freddy,Inglés,1991,9.6,verificado
Daddy Freddy's in Town,Hip hop,Daddy Freddy,Inglés,1991,9.6,verificado
The Crown,Hip hop,Daddy Freddy,Inglés,1991,9.6,verificado
Go Freddy Go,Hip hop,Daddy Freddy,Inglés,1991,9.6,verificado
The Tamburo 5,Hip hop,People Under the Stairs,Inglés,1998,9.6,verificado
The Godz…,Hip hop,Brand Nubian,Inglés,1992,9.6,verificado
Jada’s Vengeance,Hip hop,Blackalicious,Inglés,1999,9.6,verificado
Mr. Muhammad (instrumental),Hip hop,A Tribe Called Quest,Inglés,1990,9.6,verificado
Motion 2000,Hip hop,Polyrhythm Addicts,Inglés,1999,9.6,verificado
Niggers Are Scared of Revolution,Hip hop,Umar Bin Hassan,Inglés,1993,9.6,verificado
Children of Light,Hip hop,Mark J,Inglés,1999,9.6,verificado
Religion 101,Hip hop,Mark J,Inglés,1999,9.6,verificado
Tower of Babel,Hip hop,Mark J,Inglés,1999,9.6,verificado
Last Blunt,Hip hop,The Coup,Inglés,1993,9.6,verificado
The Coup,Hip hop,The Coup,Inglés,1993,9.6,verificado
Mission Complete,Hip hop,Eligh,Inglés,1999,9.6,verificado
Excuse Me,Hip hop,Lords of the Underground,Inglés,1999,9.6,verificado
Nubian Jam,Hip hop,Brand Nubian,Inglés,1994,9.6,verificado
If You…,Hip hop,Lords of the Underground,Inglés,1999,9.6,verificado
My Block,Hip hop,2Pac,Inglés,1995,9.6,verificado
Never Less Than Ill,Hip hop,Showbiz & A.G.,Inglés,1995,9.6,verificado
You Know Now,Hip hop,Showbiz & A.G.,Inglés,1995,9.6,verificado
Neighbahood Sickness,Hip hop,Showbiz & A.G.,Inglés,1995,9.6,verificado
The Penetration,Hip hop,A.D.O.R.,Inglés,1998,9.6,verificado
Shock to Bliss,Hip hop,A.D.O.R.,Inglés,1998,9.6,verificado
Enter the Center,Hip hop,A.D.O.R.,Inglés,1998,9.6,verificado
Here I Am,Hip hop,Funkdoobiest,Inglés,1993,9.6,verificado
On the Premises,Hip hop,Funkdoobiest,Inglés,1997,9.6,verificado
Holdin' It Down,Hip hop,Funkdoobiest,Inglés,1998,9.6,verificado
Little Ol’ Me,Soul,Otis Redding,Inglés,1992,9.6,verificado
Satisfaction,Soul,Otis Redding,Inglés,1993,9.6,verificado
Good to Me,Soul,Otis Redding,Inglés,1993,9.6,verificado
The Greatest Hurt,Soul,Jackie Wilson,Inglés,1992,9.6,verificado
Your Love Keeps Lifting Me Higher,Soul,Jackie Wilson,Inglés,1990,9.6,verificado
Psychedelic Shack,Soul,The Temptations,Inglés,1994,9.6,verificado
(Man Oh Man) I Want to Go Back,Soul,The Impressions,Inglés,1996,9.6,verificado
Homeless,Soul,Curtis Mayfield,Inglés,1990,9.6,verificado
Itchin',Soul,Third Rail,Inglés,1997,9.6,verificado
Lord Thank You,Soul,Third Rail,Inglés,1997,9.6,verificado
Please Tell Her,Soul,Third Rail,Inglés,1997,9.6,verificado
I Need You Woman,Soul,William Bell,Inglés,1994,9.6,verificado
Open the Door (alternate),Soul,Otis Redding,Inglés,1992,9.6,verificado
Can’t You See What You’re Doing to Me,Soul,Albert King,Inglés,1993,9.6,verificado
Hijackin’ Love,Soul,Johnnie Taylor,Inglés,1991,9.6,verificado
Love in Them There Hills,Soul,The Vibrations,Inglés,1994,9.6,verificado
Why (Am I Treated So Bad),Soul,The Sweet Inspirations,Inglés,1992,9.6,verificado
Puzzle Song (A Puzzle in Song),Soul,Shirley Ellis,Inglés,1995,9.6,verificado
She Didn’t Know (She Kept On Talking),Soul,Dee Dee Warwick,Inglés,1992,9.6,verificado
"I Am Somebody, Part I",Soul,Johnnie Taylor,Inglés,1991,9.6,verificado
Loving by the Pound (take 1),Soul,Otis Redding,Inglés,1992,9.6,verificado
"Behold, a Virgin Shall Conceive",Soul,Howard Hewett,Inglés,1992,9.6,verificado
Wrapped Up in Love Again,Soul,Albert King,Inglés,1993,9.6,verificado
I Had a Love,Soul,Ben E. King,Inglés,1993,9.6,verificado
"Super Natural Thing, Part 1",Soul,Ben E. King,Inglés,1993,9.6,verificado
I Only Have Eyes for You,Soul,Jerry Butler,Inglés,1992,9.6,verificado
If It’s Real What I Feel,Soul,Jerry Butler,Inglés,1992,9.6,verificado
Tonight You're Gonna Fall in Love With Me,Soul,The Shirelles,Inglés,1995,9.6,verificado
The Last Night of the World,Soul,Lou Rawls,Inglés,1990,9.6,verificado
Sharing You,Soul,Mitty Collier,Inglés,1991,9.6,verificado
Don't Burn Me,Soul,Paul Kelly,Inglés,1996,9.6,verificado
Stand by Me,Soul,Spyder Turner,Inglés,1991,9.6,verificado
Theme of Foxy Brown,Soul,Willie Hutch,Inglés,1998,9.6,verificado
Lady Soul,Soul,The Temptations,Inglés,1994,9.6,verificado
Look What You Started,Soul,The Temptations,Inglés,1994,9.6,verificado
This Time Make It Funky,Soul,Tracie Spencer,Inglés,1990,9.6,verificado
Magic,Soul,The Temptations,Inglés,1994,9.6,verificado
Everlasting Love,Soul,Tony Terry,Inglés,1990,9.6,verificado
Jack and Jill,Soul,Ray Parker Jr.,Inglés,1992,9.6,verificado
Just Us (Singin'),Soul,Martha Wash,Inglés,1993,9.6,verificado
Leave a Light On,Soul,Martha Wash,Inglés,1993,9.6,verificado
Runaround,Soul,Martha Wash,Inglés,1993,9.6,verificado
When It's My Heart,Soul,Martha Wash,Inglés,1993,9.6,verificado
Someone Who Believes in You,Soul,Martha Wash,Inglés,1993,9.6,verificado
Three Hundred Pounds of Hongry,Soul,Eddie Hinton,Inglés,1999,9.6,verificado
Greenbacks,Soul,Ray Charles,Inglés,1993,9.6,verificado
Hard Luck Guy,Soul,Eddie Hinton,Inglés,1999,9.6,verificado
I Can't Be Me,Soul,Eddie Hinton,Inglés,1999,9.6,verificado
Bossa Nova Blues,Soul,Doris Troy,Inglés,1994,9.6,verificado
One More Chance,Soul,Doris Troy,Inglés,1994,9.6,verificado
Don't Change Your Heart,Soul,Garnet Mimms,Inglés,1993,9.6,verificado
For Your Precious Love,Soul,Garnet Mimms,Inglés,1993,9.6,verificado
Put Your Trust in Me (Depend on Me),Soul,Joe Simon,Inglés,1990,9.6,verificado
Whole Lotta Woman,Soul,Arthur Conley,Inglés,1995,9.6,verificado
One-Way Ticket,Soul,Tyrone Davis,Inglés,1998,9.6,verificado
I Wish It Were Me,Soul,Tyrone Davis,Inglés,1998,9.6,verificado
Lottie Mo,Soul,Lee Dorsey,Inglés,1991,9.6,verificado
Everybody Wants to Go to Heaven,Soul,Albert King,Inglés,1993,9.6,verificado
No One to Cry To,Soul,Ray Charles,Inglés,1998,9.6,verificado
Am I Grooving You,Soul,Freddie Scott,Inglés,1998,9.6,verificado
He Ain’t Give You None,Soul,Freddie Scott,Inglés,1998,9.6,verificado
You Got Yours and I'll Get Mine,Soul,The Delfonics,Inglés,1997,9.6,verificado
"Baby, Help Me",Soul,Percy Sledge,Inglés,1998,9.6,verificado
I Heard It Through the Grapevine,Soul,King Curtis,Inglés,1994,9.6,verificado
Temptation ’bout to Get Me,Soul,The Knight Brothers,Inglés,1997,9.6,verificado
Floatin' on Your Love,Soul,The Isley Brothers,Inglés,1996,9.6,verificado
Darling Stand by Me (Song for My Woman),Soul,The Temptations,Inglés,1994,9.6,verificado
"Hold On, Part I",Soul,Martha Wash,Inglés,1993,9.6,verificado
Feeding Off the Love of the Land,Soul,Stevie Wonder,Inglés,1990,9.6,verificado
Give It to You,Soul,Martha Wash,Inglés,1993,9.6,verificado
I'm Never Gonna Be Alone Anymore,Soul,Cornelius Brothers & Sister Rose,Inglés,1996,9.6,verificado
Memories,Soul,The Temptations,Inglés,1994,9.6,verificado
Come to Me (alternate),Soul,Otis Redding,Inglés,1992,9.6,verificado
Who You Gonna Run To,Soul,The Temptations,Inglés,1994,9.6,verificado
Nitty Gritty,Soul,Shirley Ellis,Inglés,1995,9.6,verificado
Everything You Touch,Soul,Smokey Robinson,Inglés,1997,9.6,verificado
Take a Chance,Soul,Brenton Wood,Inglés,1991,9.6,verificado
Technoid,Soul,Technoid,Inglés,1996,9.6,verificado
From His Woman to You,Soul,Barbara Mason,Inglés,1998,9.6,verificado
Lonely Man,Soul,The Chi‐Lites,Inglés,1996,9.6,verificado
Love (Oh How Sweet It Is),Soul,Jerry Butler,Inglés,1992,9.6,verificado
"Watching the Late, Late Show",Soul,Don Covay,Inglés,1995,9.6,verificado
Gonna Get Married,Soul,Major Lance,Inglés,1995,9.6,verificado
Gotta Get Away,Soul,Major Lance,Inglés,1995,9.6,verificado
Everytime,Soul,Major Lance,Inglés,1995,9.6,verificado
Ms. Grace,Soul,The Tymes,Inglés,1996,9.6,verificado
Sad Song,Soul,Eddie Hinton,Inglés,1999,9.6,verificado
Ol' Mister Wind,Soul,Eddie Hinton,Inglés,1999,9.6,verificado
Halleljah,Soul,The Toys,Inglés,1994,9.6,verificado
What's Wrong With Me Baby,Soul,The Toys,Inglés,1994,9.6,verificado
Deserted,Soul,The Toys,Inglés,1994,9.6,verificado
Ever See a Diver Kiss His Wife,Soul,Shirley Ellis,Inglés,1995,9.6,verificado
Think Again,Soul,Irma Thomas,Inglés,1992,9.6,verificado
Love Me,Soul,Tracie Spencer,Inglés,1990,9.6,verificado
Don’t Push,Soul,Curtis Mayfield,Inglés,1990,9.6,verificado
But I Love Him,Soul,Doris Troy,Inglés,1994,9.6,verificado
It’s Summer,Soul,The Temptations,Inglés,1994,9.6,verificado
Your Personal Touch,Soul,Evelyn “Champagne” King,Inglés,1990,9.6,verificado
Betcha She Don't Love You,Soul,Evelyn “Champagne” King,Inglés,1990,9.6,verificado
Do Be Down,Soul,Curtis Mayfield,Inglés,1990,9.6,verificado
Money Honey or Honey Hush,Soul,Katie Webster,Inglés,1990,9.6,verificado
Girl I Been Watching You,Soul,Cortez Harris,Inglés,1990,9.6,verificado
Promo for Rufus Thomas,Soul,Rufus Thomas,Inglés,1992,9.6,verificado
Cherry Red,Soul,Rufus Thomas,Inglés,1992,9.6,verificado
Show Me the Way to Go Home,Soul,Rufus Thomas,Inglés,1992,9.6,verificado
My Girl,Soul,Rufus Thomas,Inglés,1992,9.6,verificado
Wang Dang Doodle (stereo),Soul,Rufus Thomas,Inglés,1992,9.6,verificado
"Gotta Find Me a Brand New Lover, Pts 1 & 2",Soul,The Sweet Inspirations,Inglés,1994,9.6,verificado
What the World Needs Now Is Love,Soul,The Sweet Inspirations,Inglés,1994,9.6,verificado
I Still Love You,Soul,The Righteous Brothers,Inglés,1991,9.6,verificado
Something's Got A Hold On Me,Soul,The Righteous Brothers,Inglés,1991,9.6,verificado
Grass Is Green,Soul,Tony Rich,Inglés,1995,9.6,verificado
Leavin’,Soul,Tony Rich,Inglés,1995,9.6,verificado
Missin' You,Soul,Tony Rich,Inglés,1995,9.6,verificado
Ghost,Soul,Tony Rich,Inglés,1995,9.6,verificado
Stevie Ray Blues,Soul,Stevie Wonder,Inglés,1995,9.6,verificado
I Can’t Do Without You,Soul,Deon Jackson,Inglés,1994,9.6,verificado
Tell Daddy,Soul,Clarence Carter,Inglés,1992,9.6,verificado
I Smell a Rat,Soul,Clarence Carter,Inglés,1992,9.6,verificado
Have Faith,Soul,Gene Allison,Inglés,1993,9.6,verificado
I've Gotta Get a Message to You,Soul,Percy Sledge,Inglés,1996,9.6,verificado
My Girl,Soul,Marvin Gaye,Inglés,1990,9.6,verificado
I’m Gonna Cry Till My Tears Run Dry,Soul,Irma Thomas,Inglés,1992,9.6,verificado
He’s My Guy,Soul,Irma Thomas,Inglés,1996,9.6,verificado
It’s Starting to Get to Me Now,Soul,Irma Thomas,Inglés,1996,9.6,verificado
Down So Low,Soul,Dee Dee Warwick,Inglés,1996,9.6,verificado
Turn Around and Love You,Soul,Dee Dee Warwick,Inglés,1996,9.6,verificado
Searchin’,Soul,Dee Dee Warwick,Inglés,1996,9.6,verificado
I Ain’t Got to Love Nobody Else,Soul,Dee Dee Warwick,Inglés,1996,9.6,verificado
Make Love to Me,Soul,Dee Dee Warwick,Inglés,1996,9.6,verificado
Signed DeDe,Soul,Dee Dee Warwick,Inglés,1996,9.6,verificado
I’m Gonna Cry ’til My Tears Run Dry,Soul,Irma Thomas,Inglés,1996,9.6,verificado
This Is the Thanks I Get,Soul,Barbara Lynn,Inglés,1996,9.6,verificado
All Alone (take 6),Soul,Lloyd Price,Inglés,1991,9.6,verificado
Magic #,Soul,Blue Magic,Inglés,1996,9.6,verificado
Love Comes Knockin’,Soul,Percy Sledge,Inglés,1994,9.6,verificado
Right on Jody,Soul,Bobby Patterson,Inglés,1996,9.6,verificado
Long Ago,Soul,Bobby Patterson,Inglés,1991,9.6,verificado
I Need Lots of Love,Soul,Johnnie Taylor,Inglés,1994,9.6,verificado
What Can It Be,Soul,The Astors,Inglés,1996,9.6,verificado
"Sweet, Sweet Woman",Soul,Joe Tex,Inglés,1995,9.6,verificado
Silent Prayer,Soul,Shanice,Inglés,1991,9.6,verificado
Lonely Girl,Soul,Andrea Davis,Inglés,1997,9.6,verificado
Do-Re-Mi,Soul,Lee Dorsey,Inglés,1993,9.6,verificado
Rocket Love,Soul,Stevie Wonder,Inglés,1995,9.6,verificado
Ms. & Mr. Little Ones,Soul,Stevie Wonder,Inglés,1995,9.6,verificado
Love’s in Need of Love Today,Soul,Stevie Wonder,Inglés,1995,9.6,verificado
The Echo,Soul,The Epsilons,Inglés,1991,9.6,verificado
Trapped...1990,Soul,Denise LaSalle,Inglés,1990,9.6,verificado
Every Little thing I Do,Soul,Soul for Real,Inglés,1996,9.6,verificado
Blues March,Soul,Third Rail,Inglés,1997,9.6,verificado
That's How Strong My Love Is,Soul,Tommie Young,Inglés,1991,9.6,verificado
Get the Cream Off the Top,Soul,Eddie Kendricks,Inglés,1998,9.6,verificado
My Kind of Girl,Soul,William Bell,Inglés,1990,9.6,verificado
Margie,Soul,Ray Charles,Inglés,1998,9.6,verificado
Funk All Night,Soul,Third Rail,Inglés,1997,9.6,verificado
In the Name Of,Soul,Third Rail,Inglés,1997,9.6,verificado
Cry,Soul,Ray Charles,Inglés,1998,9.6,verificado
"Willow, Weep for Me",Soul,Ray Charles,Inglés,1998,9.6,verificado
"Tell Me Tomorrow, Part 1",Soul,Smokey Robinson,Inglés,1995,9.6,verificado
Cupid (Stereo),Soul,Otis Redding,Inglés,1992,9.6,verificado
On and On,Soul,Curtis Mayfield,Inglés,1990,9.6,verificado
I Can Make It Thru the Days (but Oh Those Lonely Nights),Soul,Ray Charles,Inglés,1997,9.6,verificado
Can You Hear Me?,Soul,Lee Dorsey,Inglés,1991,9.6,verificado
Gotta Get to Know You,Soul,Bobby “Blue” Bland,Inglés,1991,9.6,verificado
I Got a Man,Soul,The Toys,Inglés,1994,9.6,verificado
"Runaway Child, Running Wild",Soul,The Temptations,Inglés,1994,9.6,verificado
Comfort Ye My People,Soul,Vanessa Bell Armstrong,Inglés,1992,9.6,verificado
Get It Up for Love,Soul,Ben E. King,Inglés,1993,9.6,verificado
Where Ever You Are,Soul,Terry Ellis,Inglés,1995,9.6,verificado
Can’t Let You Go Out of My Site,Soul,Maxine Brown,Inglés,1994,9.6,verificado
Sock It to Me Baby,Soul,Mitch Ryder & The Detroit Wheels,Inglés,1996,9.6,verificado
That Old Song,Soul,Ray Parker Jr.,Inglés,1993,9.6,verificado
So Whatcha Gonna Do,Soul,Martha Wash,Inglés,1993,9.6,verificado
Things We Do for Love,Soul,Martha Wash,Inglés,1993,9.6,verificado
Maybe,Soul,Irma Thomas,Inglés,1992,9.6,verificado
Some Things You Never Get Used To,Soul,Irma Thomas,Inglés,1992,9.6,verificado
Dream Come True,Soul,The Temptations,Inglés,1994,9.6,verificado
I’ll Love You ’til I Die,Soul,The Temptations,Inglés,1994,9.6,verificado
My Love Is True (Truly for You),Soul,The Temptations,Inglés,1994,9.6,verificado
That's What Mama Say,Soul,Walter Jackson,Inglés,1996,9.6,verificado
A Corner in the Sun,Soul,Walter Jackson,Inglés,1996,9.6,verificado
Where Are You Goin’?,Soul,Jerry Butler,Inglés,1992,9.6,verificado
Change Your Mind,Soul,Jay and the Techniques,Inglés,1996,9.6,verificado
Keep on Smilin',Soul,Garnet Mimms,Inglés,1993,9.6,verificado
"Lift Up Your Heads, O Ye Gates",Soul,Commissioned,Inglés,1992,9.6,verificado
O Thou That Tellest Good Tidings to Zion,Soul,Take 6,Inglés,1992,9.6,verificado
Every Valley Shall Be Exalted,Soul,Lizz Lee,Inglés,1992,9.6,verificado
Knocked Out,Dance,Paula Abdul,Inglés,1991,9.6,verificado
Soltero y sabroso,Dance,Los Sabrosos del Merengue,Inglés,1992,9.6,verificado
From: Disco To: Disco,House,Les Rythmes Digitales,Inglés,1999,9.6,verificado
Brothers,House,Les Rythmes Digitales,Inglés,1999,9.6,verificado
Mas,House,Faze Action,Inglés,1999,9.6,verificado
Remember (BT's Blue Memory dub),House,BT,Inglés,1998,9.6,verificado
Revival Shadows,House,Public Ambient,Inglés,1992,9.6,verificado
Get on Down,House,SBKO 69,Inglés,1992,9.6,verificado
VIP (Heller and Farley Fire Island dub),House,GusGus,Inglés,1999,9.6,verificado
Midnight Calling,House,Naked Funk,Inglés,1996,9.6,verificado
Keep on Jumpin',House,Todd Terry,Inglés,1997,9.6,verificado
Everybody Be Somebody (Benji edit dub),House,Ruffneck,Inglés,1995,9.6,verificado
Land of the Living (Dekkard's Planet vocal edit),House,Kristine W,Inglés,1996,9.6,verificado
Rain Falls (FK original),House,Frankie Knuckles,Inglés,1991,9.6,verificado
Make My Body Rock 1990,House,Jomanda,Inglés,1990,9.6,verificado
Oceans,House,Moodymann,Inglés,1997,9.6,verificado
Do You Wanna Rock?,House,N‐Trance,Inglés,1995,9.6,verificado
Gimme 1 2 3 4 5,House,N‐Trance,Inglés,1995,9.6,verificado
Turn On,House,Desired State,Inglés,1992,9.6,verificado
Who Do U Love (Morales Classic club edit),House,Deborah Cox,Inglés,1996,9.6,verificado
VIP (Francois K dub),House,GusGus,Inglés,1999,9.6,verificado
Secret Code,House,Jazz Documents,Inglés,1991,9.6,verificado
Authorized Code,House,Jazz Documents,Inglés,1991,9.6,verificado
Mystery of Love,House,Dream 2 Science,Inglés,1990,9.6,verificado
Waiting for Tonight (Pablo's Miami Spanglish radio edit),House,Jennifer Lopez,Inglés,1999,9.6,verificado
Part-Y-Time,House,Gianni Marchetti,Inglés,1998,9.6,verificado
We Like to Party! (BCM XXL),House,Vengaboys,Inglés,1998,9.6,verificado
Love You Can’t Deny,House,Ultra Naté,Inglés,1998,9.6,verificado
Girl to Girl,House,49ers,Inglés,1990,9.6,verificado
Misled,House,Moodymann,Inglés,1997,9.6,verificado
I Can't Kick This Feelin When It Hits,House,Moodymann,Inglés,1996,9.6,verificado
I Can't Kick This Feeling When It Hits,House,Moodymann,Inglés,1997,9.6,verificado
Softly (Dragging Me Down),House,N‐Trance,Inglés,1995,9.6,verificado
Track Four,House,Moodymann,Inglés,1998,9.6,verificado
Take a Little Time,House,Les Rythmes Digitales,Inglés,1999,9.6,verificado
Remember ( ),House,BT,Inglés,1997,9.6,verificado
Bouncing Sax,House,George Morel,Inglés,1993,9.6,verificado
Patience,House,Celebrate the Nun,Inglés,1991,9.6,verificado
Heart on the Line,House,Fortran 5,Inglés,1991,9.6,verificado
Sing About Love,House,Haddaway,Inglés,1992,9.6,verificado
If You Open Up,House,Terry Lee Brown Jr.,Inglés,1997,9.6,verificado
Fall Down (dub),House,Michael Procter,Inglés,1997,9.6,verificado
Break Night,House,The Mole People,Inglés,1995,9.6,verificado
Land of the Living (Lisa Marie Experience radio edit),House,Kristine W,Inglés,1996,9.6,verificado
One Starry Night,House,Kevin Yost,Inglés,1998,9.6,verificado
If You Really Want Someone,House,Liberty City,Inglés,1993,9.6,verificado
M Traxx,House,Moodymann,Inglés,1997,9.6,verificado
In Loving Memory,House,Moodymann,Inglés,1997,9.6,verificado
(Just) Let It Go,House,N‐Trance,Inglés,1995,9.6,verificado
That's All We Need,House,N‐Trance,Inglés,1995,9.6,verificado
"Jellyhead (Motiv8's Pumphouse 7"" edit)",House,Crush,Inglés,1996,9.6,verificado
Subscape,House,A Guy Called Gerald,Inglés,1990,9.6,verificado
You Used to Hold Me,House,Ralphi Rosario,Inglés,1993,9.6,verificado
I Feel Rhythm,House,A Guy Called Gerald,Inglés,1990,9.6,verificado
N.R.G. Symphony in F Minor,House,Adamski,Inglés,1990,9.6,verificado
Eighth House,House,Adamski,Inglés,1990,9.6,verificado
To the Other Side,House,A Guy Called Gerald,Inglés,1990,9.6,verificado
Voodoo Ray Americas,House,A Guy Called Gerald,Inglés,1990,9.6,verificado
Blame the Artist,House,A Guy Called Gerald,Inglés,1990,9.6,verificado
Future Freak (Supernova Bossanova),House,Adamski,Inglés,1990,9.6,verificado
I Want You Back,House,Adamski,Inglés,1990,9.6,verificado
Pipe Groover,House,Adamski,Inglés,1990,9.6,verificado
Automanikk,House,A Guy Called Gerald,Inglés,1990,9.6,verificado
Wan Dence,House,Motorbass,Inglés,1996,9.6,verificado
I Won't Give In,House,A Guy Called Gerald,Inglés,1990,9.6,verificado
Closer,House,Mr. Fingers,Inglés,1992,9.6,verificado
Space Jungle,House,Adamski,Inglés,1990,9.6,verificado
Some Kind of Love,House,Funky Green Dogs,Inglés,1996,9.6,verificado
Stella,House,A Guy Called Gerald,Inglés,1990,9.6,verificado
Emotions Electric 2,House,A Guy Called Gerald,Inglés,1990,9.6,verificado
Everything Is Fine,House,Adamski,Inglés,1990,9.6,verificado
Squiggy Groove,House,Adamski,Inglés,1990,9.6,verificado
Elemental,House,Opus III,Inglés,1994,9.6,verificado
Isoprophlex,Techno,Aphex Twin,Inglés,1992,9.6,verificado
Flaphead,Techno,Aphex Twin,Inglés,1992,9.6,verificado
Phloam,Techno,Aphex Twin,Inglés,1992,9.6,verificado
So Far So Good,Techno,Braincell,Inglés,1996,9.6,verificado
You Can Get It If You Really Want,Reggae,Desmond Dekker,Inglés,1992,9.6,verificado
Mother Long Tongue,Reggae,Desmond Dekker & the Aces,Inglés,1992,9.6,verificado
Try Again,Reggae,Israel Vibration,Inglés,1990,9.6,verificado
Love You Like Crazy,Reggae,Chaka Demus & Pliers,Inglés,1992,9.6,verificado
Pee in the Elevator,Reggae,The Planet Smashers,Inglés,1995,9.6,verificado
Get Away,Reggae,The Snappers,Inglés,1995,9.6,verificado
Shalom,Reggae,Warsaw Poland Bros.,Inglés,1997,9.6,verificado
Mad Over Me,Reggae,Yellowman,Inglés,1992,9.6,verificado
Movin' to the Top,Reggae,Don Carlos and Gold,Inglés,1999,9.6,verificado
Bedoin Dub,Reggae,Warsaw Poland Bros.,Inglés,1997,9.6,verificado
S'get Budded,Reggae,Warsaw Poland Bros.,Inglés,1997,9.6,verificado
Slow Down Sister,Reggae,Warsaw Poland Bros.,Inglés,1997,9.6,verificado
Never Dis Di Man,Reggae,Sanchez,Inglés,1995,9.6,verificado
You're the Only One I Need,Reggae,Eek‐A‐Mouse,Inglés,1991,9.6,verificado
Prison Oval Rock,Reggae,Barrington Levy,Inglés,1990,9.6,verificado
Hey Leroy,Reggae,Honey Boy Martin,Inglés,1996,9.6,verificado
Groovin' Up,Reggae,The Scofflaws,Inglés,1997,9.6,verificado
Ska-La-Carte,Reggae,The Scofflaws,Inglés,1997,9.6,verificado
Reggae Recipe,Reggae,Desmond Dekker,Inglés,1992,9.6,verificado
Warlock,Reggae,Desmond Dekker,Inglés,1992,9.6,verificado
Cisco Kid,Reggae,Secret Cajun Band,Inglés,1994,9.6,verificado
Sweet Sensual Love,Reggae,Big Mountain,Inglés,1994,9.6,verificado
Puppet on a String,Reggae,Ken Boothe,Inglés,1996,9.6,verificado
Falling Angels,Reggae,Israel Vibration,Inglés,1993,9.6,verificado
New Age Music,Reggae,Inner Circle,Inglés,1992,9.6,verificado
The Same Song,Reggae,Israel Vibration,Inglés,1997,9.6,verificado
Eclipse My Soul,Reggae,Alexander Bernard,Inglés,1994,9.6,verificado
GirlsTown,Reggae,Super Cat,Inglés,1995,9.6,verificado
Winter & Summer,Reggae,Luciano,Inglés,1999,9.6,verificado
Never Give In,Reggae,Pato Banton,Inglés,1991,9.6,verificado
Oil in My Lamp,Reggae,The Ska Kings,Inglés,1996,9.6,verificado
Geronimo,Reggae,Reggae Cowboys,Inglés,1999,9.6,verificado
I Don't Want to See You Cry,Reggae,John Holt,Inglés,1992,9.6,verificado
Dangerous,Reggae,Conroy Smith,Inglés,1997,9.6,verificado
Majek Beware,Reggae,Majek Fashek,Inglés,1991,9.6,verificado
Send Down the Rain,Reggae,Majek Fashek,Inglés,1991,9.6,verificado
So Long,Reggae,Majek Fashek,Inglés,1991,9.6,verificado
Battle Ska Galactica,Reggae,Warsaw Poland Bros.,Inglés,1997,9.6,verificado
Peace and Love in the Dancehall,Reggae,Culture,Inglés,1991,9.6,verificado
Tea for Two,Reggae,The Heptones,Inglés,1995,9.6,verificado
Please Be True,Reggae,The Heptones,Inglés,1995,9.6,verificado
Love Me Forever,Reggae,Carlton and the Shoes,Inglés,1994,9.6,verificado
Holy Ground,Reggae,The Maytones,Inglés,1995,9.6,verificado
Lonesome I,Reggae,Soul Defenders,Inglés,1991,9.6,verificado
Take Me Girl,Reggae,Soul Defenders,Inglés,1991,9.6,verificado
Pablo a Put It On,Reggae,Augustus Pablo,Inglés,1992,9.6,verificado
Dyer Maker,Reggae,Eek‐A‐Mouse,Inglés,1991,9.6,verificado
Face Your Trouble,Reggae,Soul Defenders,Inglés,1991,9.6,verificado
Picture on the Wall,Reggae,Soul Defenders,Inglés,1991,9.6,verificado
Old and Grey,Reggae,Soul Defenders,Inglés,1991,9.6,verificado
Colour Question,Reggae,Soul Defenders,Inglés,1991,9.6,verificado
Ananci's Moon Story,Reggae,Jahruba,Inglés,1997,9.6,verificado
Thez Storiz,Reggae,Jahruba,Inglés,1997,9.6,verificado
Tease Me,Reggae,Spanner Banner,Inglés,1991,9.6,verificado
Missin' Children,Reggae,Jahruba,Inglés,1997,9.6,verificado
Reggae Street,Reggae,Jimmy Cliff,Inglés,1995,9.6,verificado
Hitting With Music,Reggae,Jimmy Cliff,Inglés,1995,9.6,verificado
Oneness,Reggae,Jimmy Cliff,Inglés,1992,9.6,verificado
Breakout,Reggae,Jimmy Cliff,Inglés,1992,9.6,verificado
Melody Tempo Harmony,Reggae,Jimmy Cliff,Inglés,1996,9.6,verificado
Undertaker,Reggae,Cutty Ranks,Inglés,1996,9.6,verificado
Living In Society,Reggae,Third Eye,Inglés,1994,9.6,verificado
I’m Still in Love,Reggae,Hortense Ellis,Inglés,1999,9.6,verificado
The Way I Feel,Reggae,Bob Andy,Inglés,1995,9.6,verificado
Lay Lady Lay,Reggae,Bob Andy,Inglés,1995,9.6,verificado
Young Gifted and Black,Reggae,Bob Andy,Inglés,1995,9.6,verificado
It Ain't Me Babe,Reggae,Bob Andy,Inglés,1995,9.6,verificado
Nite Ride,Reggae,Cedric “Im” Brooks,Inglés,1990,9.6,verificado
He's a Cousin of Mine,Reggae,Bob Andy,Inglés,1995,9.6,verificado
Let's Fall in Love,Reggae,Bob Andy,Inglés,1995,9.6,verificado
Motorhead,Punk,The Humpers,Inglés,1994,9.6,verificado
Crank Call,Punk,The Humpers,Inglés,1994,9.6,verificado
Ack Ack Ack Ack,Punk,Urinals,Inglés,1997,9.6,verificado
I Want More,Punk,Jeffries Fan Club,Inglés,1997,9.6,verificado
Sick of Dreaming,Punk,The Murder City Devils,Inglés,1997,9.6,verificado
Make It on My Own,Punk,The Murder City Devils,Inglés,1997,9.6,verificado
The Return of Jake Boodler,Punk,Urinals,Inglés,1997,9.6,verificado
Monkey,Punk,Supersuckers,Inglés,1999,9.6,verificado
Can’t Resist,Punk,Supersuckers,Inglés,1999,9.6,verificado
Stinging Nettle,Punk,Calexico,Inglés,1996,9.6,verificado
Ice Cream Jeep,Punk,Calexico,Inglés,1996,9.6,verificado
Glimpse,Punk,Calexico,Inglés,1996,9.6,verificado
Love You to Death,Punk,The Soup Dragons,Inglés,1990,9.6,verificado
Backwards Dog,Punk,The Soup Dragons,Inglés,1990,9.6,verificado
Face It,Punk,Jimmie’s Chicken Shack,Inglés,1999,9.6,verificado
Fill in the Blank,Punk,Jimmie’s Chicken Shack,Inglés,1999,9.6,verificado
Sweetmeat,Punk,The Soup Dragons,Inglés,1990,9.6,verificado
Stupid-Cute,Punk,The Judybats,Inglés,1994,9.6,verificado
The End of the World,Punk,The Scavengers,Inglés,1999,9.6,verificado
Right Hand Ponk,Punk,OOIOO,Inglés,1997,9.6,verificado
Murder City Riot,Punk,The Murder City Devils,Inglés,1997,9.6,verificado
"Smash It Up, Part 2",Punk,The Damned,Inglés,1991,9.6,verificado
Do the Wrong Thing,Punk,The Humpers,Inglés,1994,9.6,verificado
Another Kind,Punk,My Superhero,Inglés,1997,9.6,verificado
Interzone,Punk,face to face,Inglés,1995,9.6,verificado
Bad News,Punk,D12,Inglés,1997,9.6,verificado
Write Me Back Fucker,Punk,Sleater‐Kinney,Inglés,1997,9.6,verificado
We Walk,Punk,Steel Pole Bath Tub,Inglés,1992,9.6,verificado
Spizzle Trunk,Punk,Pavement,Inglés,1990,9.6,verificado
97,Punk,Alkaline Trio,Inglés,1997,9.6,verificado
Something Tomorrow,Punk,The Superkools,Inglés,1991,9.6,verificado
Trash,Punk,Jimmie’s Chicken Shack,Inglés,1999,9.6,verificado
Found You,Punk,Sense Field,Inglés,1994,9.6,verificado
Smaller,Punk,doubleDrive,Inglés,1999,9.6,verificado
Inhalation,Punk,Rancid,Inglés,1992,9.6,verificado
Idle Hands,Punk,Rancid,Inglés,1992,9.6,verificado
Truckin',Punk,Jon Wayne,Inglés,1992,9.6,verificado
You Know It's True (instrumental),Punk,Spiritualized,Inglés,1992,9.6,verificado
Rolling Down the Street,Punk,The Berlin Project,Inglés,1998,9.6,verificado
She’s a Drone,Punk,Urinals,Inglés,1997,9.6,verificado
Blow,Punk,The Humpers,Inglés,1994,9.6,verificado
I’m Like You,Punk,Urinals,Inglés,1997,9.6,verificado
Even the Odd,Punk,Trashcan Sinatras,Inglés,1990,9.6,verificado
Circling the Circumference,Punk,Trashcan Sinatras,Inglés,1990,9.6,verificado
Guilty by Association,Punk,Joe Henry,Inglés,1996,9.6,verificado
January’s Little Joke,Punk,Trashcan Sinatras,Inglés,1990,9.6,verificado
Secret for Julie,Punk,Eric’s Trip,Inglés,1993,9.6,verificado
May 11,Punk,Eric’s Trip,Inglés,1993,9.6,verificado
Symptoms of Simplifying the Simplistic,Punk,Grade,Inglés,1997,9.6,verificado
The Joy of Stupidity,Punk,Grade,Inglés,1997,9.6,verificado
The Tie That Binds,Punk,Grade,Inglés,1997,9.6,verificado
Audience,Punk,Farside,Inglés,1994,9.6,verificado
Bad,Punk,Jello Biafra,Inglés,1991,9.6,verificado
Jesus Was a Terrorist,Punk,Jello Biafra,Inglés,1991,9.6,verificado
Bruce’s Diary,Punk,Jello Biafra,Inglés,1991,9.6,verificado
Tom’s ?,Punk,Bingo Hand Job,Inglés,1991,9.6,verificado
Rusted Pipe,Punk,DNA,Inglés,1991,9.6,verificado
Waiting at the Border,Punk,Beth Watson,Inglés,1991,9.6,verificado
Dep De Dö Dep,Punk,Peter Behrens,Inglés,1991,9.6,verificado
She Doesn’t Exist,Punk,Robyn Hitchcock and the Egyptians,Inglés,1991,9.6,verificado
Earthly Paradise,Punk,Robyn Hitchcock and the Egyptians,Inglés,1991,9.6,verificado
If You Go Away,Punk,Robyn Hitchcock and the Egyptians,Inglés,1991,9.6,verificado
Stove / Smother,Punk,Sloan,Inglés,1994,9.6,verificado
Darkness,Punk,Integrity,Inglés,1993,9.6,verificado
Wishing Well,Punk,Semisonic,Inglés,1995,9.6,verificado
Drum Lesson,Punk,Semisonic,Inglés,1995,9.6,verificado
"Sunday, Part I",Punk,Cibo Matto,Inglés,1999,9.6,verificado
"Sunday, Part II",Punk,Cibo Matto,Inglés,1999,9.6,verificado
Marquee Moon,Punk,Television,Inglés,1995,9.6,verificado
Happy to Be Sad,Punk,Bracket,Inglés,1995,9.6,verificado
Green Apples,Punk,Bracket,Inglés,1995,9.6,verificado
Warren’s Song Pt. 4,Punk,Bracket,Inglés,1995,9.6,verificado
Spiraling,Punk,Jimmie’s Chicken Shack,Inglés,1999,9.6,verificado
Broken Glass,Punk,The Murder City Devils,Inglés,1997,9.6,verificado
Don't Wait for Me,Punk,The Judybats,Inglés,1994,9.6,verificado
Regret Revisited,Punk,The Judybats,Inglés,1994,9.6,verificado
What We Lose,Punk,The Judybats,Inglés,1994,9.6,verificado
The Cachet of Misery,Punk,The Judybats,Inglés,1994,9.6,verificado
Drought,Punk,The Judybats,Inglés,1994,9.6,verificado
String of Pearls,Punk,Jimmie’s Chicken Shack,Inglés,1999,9.6,verificado
[untitled],Punk,New York Dolls,Inglés,1994,9.6,verificado
Chelsea (radio edit),Punk,"Stiffs, Inc.",Inglés,1994,9.6,verificado
Let's Get Flat,Punk,Jimmie’s Chicken Shack,Inglés,1999,9.6,verificado
Why Me?,Punk,Planet P Project,Inglés,1995,9.6,verificado
Free Cocaine,Punk,Dwarves,Inglés,1999,9.6,verificado
Gravity of the Situation,Punk,Nanci Griffith,Inglés,1996,9.6,verificado
Point Me at the Sky,Punk,Melting Euphoria,Inglés,1995,9.6,verificado
Elvis Christ,Punk,Death Ride 69,Inglés,1995,9.6,verificado
Werewolves on Wheels,Punk,The Born Losers,Inglés,1998,9.6,verificado
Don’t Talk About My Music,Punk,NRBQ,Inglés,1993,9.6,verificado
Bad Weather,Punk,Young Disciples,Inglés,1993,9.6,verificado
10 Cents a Day,Punk,Kill Your Idols,Inglés,1999,9.6,verificado
Neighbor Invasion,Punk,Bloodhound Gang,Inglés,1994,9.6,verificado
Recorder Grot,Punk,Pavement,Inglés,1990,9.6,verificado
Going for the Money,Punk,Frank Zappa,Inglés,1992,9.6,verificado
Crash,Punk,The Mr. T Experience,Inglés,1997,9.6,verificado
Candra Nama Vijayasya Stri Pums' Calayasti,Punk,Integrity,Inglés,1991,9.6,verificado
Opposition,Punk,Rancid,Inglés,1992,9.6,verificado
Vendor,Punk,Supertouch,Inglés,1990,9.6,verificado
Shall Be Judged,Punk,Burn,Inglés,1996,9.6,verificado
A Piece,Punk,State of the Nation,Inglés,1996,9.6,verificado
Catch Me Running Round,Punk,No Fun at All,Inglés,1997,9.6,verificado
Blinded,Punk,Eric’s Trip,Inglés,1993,9.6,verificado
Spring,Punk,Eric’s Trip,Inglés,1993,9.6,verificado
All My Friends Are Ghosts,Punk,Scared of Chaka,Inglés,1999,9.6,verificado
I Wanna Be Me,Punk,Sex Pistols,Inglés,1990,9.6,verificado
Life Gets in the Way of Living,Punk,Grade,Inglés,1997,9.6,verificado
I Don't Wanna Be a Homosexual,Punk,Sloppy Seconds,Inglés,1996,9.6,verificado
Carefree Mental Daze,Punk,Pinhead Circus,Inglés,1997,9.6,verificado
Tony,Punk,Diamanda Galás,Inglés,1994,9.6,verificado
Hex,Punk,Diamanda Galás,Inglés,1994,9.6,verificado
Mad Dog 20/20,Punk,Teenage Fanclub,Inglés,1994,9.6,verificado
Ride,Punk,Robyn Hitchcock and the Egyptians,Inglés,1991,9.6,verificado
Shots Heard 'round the World,Punk,The Strike,Inglés,1999,9.6,verificado
Texas Jailcell,Punk,Jon Wayne,Inglés,1992,9.6,verificado
Apple Schnapps,Punk,Jon Wayne,Inglés,1992,9.6,verificado
Better Go Home Now,Punk,Dirty Three,Inglés,1994,9.6,verificado
Johnny B. Goode,Punk,5-Driver,Inglés,1998,9.6,verificado
惑星ハート,Punk,Guitar Wolf,Inglés,1997,9.6,verificado
カンフーラモーンの恋,Punk,Guitar Wolf,Inglés,1997,9.6,verificado
エネルギージョー,Punk,Guitar Wolf,Inglés,1997,9.6,verificado
John Wilke’s Isolation Booth,Punk,Bracket,Inglés,1995,9.6,verificado
Tractor,Punk,Bracket,Inglés,1995,9.6,verificado
Metal,Punk,Bracket,Inglés,1995,9.6,verificado
Red Temple Prayer (Two-Headed Dog),Punk,Sister Double Happiness,Inglés,1990,9.6,verificado
Crazy,Punk,Bigelf,Inglés,1996,9.6,verificado
Silent Night,Punk,Bad Religion,Inglés,1994,9.6,verificado
Shipbuilding,Punk,Suede,Inglés,1995,9.6,verificado
Dead Meat,Punk,Supersuckers,Inglés,1999,9.6,verificado
The People’s Pal,Punk,Jughead’s Revenge,Inglés,1996,9.6,verificado
(Don’t Go Back to) Rockville,Punk,J Church,Inglés,1992,9.6,verificado
Goody Two Shoes,Punk,Unwritten Law,Inglés,1997,9.6,verificado
Lucky,Punk,Descendents,Inglés,1997,9.6,verificado
God Rest You Jerry Mentleman,Punk,Bad Religion,Inglés,1997,9.6,verificado
Walking in LA,Punk,Hagfish,Inglés,1997,9.6,verificado
Dancing With Myself,Punk,blink‐182,Inglés,1997,9.6,verificado
Happy Loving Couples,Punk,Guttermouth,Inglés,1997,9.6,verificado
Tempest,Punk,Integrity,Inglés,1991,9.6,verificado
Harder They Fall,Punk,Integrity,Inglés,1991,9.6,verificado
Cheese Tidbit,Punk,Bloodhound Gang,Inglés,1994,9.6,verificado
Lundgren Crucifixion,Punk,Integrity,Inglés,1991,9.6,verificado
Descent Into...,Punk,Integrity,Inglés,1991,9.6,verificado
Apollyons Whisper,Punk,Integrity,Inglés,1991,9.6,verificado
Flashbulb,Punk,The Murder City Devils,Inglés,1997,9.6,verificado
Kill Your Parents,Punk,Eyes,Inglés,1990,9.6,verificado
Space Station Love,Punk,The Humpers,Inglés,1994,9.6,verificado
Bombs Away,Punk,The Humpers,Inglés,1994,9.6,verificado
Up Yer Heart,Punk,The Humpers,Inglés,1994,9.6,verificado
Happy Song (Settling),Punk,The Judybats,Inglés,1994,9.6,verificado
Wounded Bird,Punk,The Judybats,Inglés,1994,9.6,verificado
Sorry Counts,Punk,The Judybats,Inglés,1994,9.6,verificado
Fork Lift,Punk,Pavement,Inglés,1990,9.6,verificado
Recorder Grot (Rally),Punk,Pavement,Inglés,1990,9.6,verificado
Internal K-Dart,Punk,Pavement,Inglés,1990,9.6,verificado
Lazy Boy Dash,Punk,Jimmie’s Chicken Shack,Inglés,1999,9.6,verificado
The Sentence,Punk,Rancid,Inglés,1992,9.6,verificado
Media Controller,Punk,Rancid,Inglés,1992,9.6,verificado
Unwritten Rules,Punk,Rancid,Inglés,1992,9.6,verificado
Institution,Punk,Rancid,Inglés,1992,9.6,verificado
But I've got Texas,Punk,Jon Wayne,Inglés,1992,9.6,verificado
You and the Kitten,Punk,Jon Wayne,Inglés,1992,9.6,verificado
Is That Justice?,Punk,Jon Wayne,Inglés,1992,9.6,verificado
Thrupenny Tears,Punk,Trashcan Sinatras,Inglés,1990,9.6,verificado
Tamara Is a Punk,Punk,The Queers,Inglés,1999,9.6,verificado
June,Punk,Eric’s Trip,Inglés,1993,9.6,verificado
Allergic to Love,Punk,Eric’s Trip,Inglés,1993,9.6,verificado
To Know Them,Punk,Eric’s Trip,Inglés,1993,9.6,verificado
Dímelo (I Need to Know),Pop,Marc Anthony,Inglés,1999,9.6,verificado
El reloj de Pastora,Pop,Sierra Maestra,Inglés,1999,9.6,verificado
Epilogo,Pop,Gerônimo,Inglés,1995,9.6,verificado
"Kizomba, festa de raca",Pop,Banda Reflexu's,Inglés,1995,9.6,verificado
Meu Mestre Coracao,Pop,Flora Purim,Inglés,1992,9.6,verificado
Mi pobre corazón,Pop,Los Bukis,Inglés,1997,9.6,verificado
El arado,Pop,Inti‐Illimani,Inglés,1999,9.6,verificado
Cuando acaba el placer,Pop,Tonny Tún Tún,Inglés,1999,9.6,verificado
Complícame,Pop,Frankie Ruiz,Inglés,1996,9.6,verificado
Son tus miradas,Pop,Jay Perez,Inglés,1994,9.6,verificado
Pata de perro,Pop,Maldita Vecindad y Los Hijos del Quinto Patio,Inglés,1991,9.6,verificado
Turn the Beat Around (Damien’s radio edit),Pop,Gloria Estefan,Inglés,1994,9.6,verificado
Jingo,Pop,Santana,Inglés,1999,9.6,verificado
Uno,Pop,Sexteto Mayor,Inglés,1994,9.6,verificado
Cafetín de Buenos Aires,Pop,Sexteto Mayor,Inglés,1994,9.6,verificado
La calandria canta,Pop,Rigo Tovar,Inglés,1997,9.6,verificado
Là-bas c'est naturel,Pop,Cyro Baptista,Inglés,1997,9.6,verificado
As raíces,Pop,Milladoiro,Inglés,1991,9.6,verificado
Viva la felicidad,Pop,Mongo Santamaría,Inglés,1993,9.6,verificado
Por esa mujer,Pop,Tito Rojas,Inglés,1996,9.6,verificado
MJ's Funk,Pop,Poncho Sanchez,Inglés,1997,9.6,verificado
Scratch,Pop,Poncho Sanchez,Inglés,1997,9.6,verificado
Latin Bit,Pop,Poncho Sanchez,Inglés,1997,9.6,verificado
Un mundo raro,Pop,Pedro Fernández,Inglés,1997,9.6,verificado
No me digas que no,Pop,La Mákina,Inglés,1999,9.6,verificado
Como quiera,Pop,José Alberto “El Canario”,Inglés,1993,9.6,verificado
Tema,Pop,Conjunto Céspedes,Inglés,1993,9.6,verificado
Solamente las claves,Pop,Conjunto Céspedes,Inglés,1993,9.6,verificado
Déjame aprender,Pop,Olga Tañón,Inglés,1998,9.6,verificado
Cómo pude haber vivido sin ti,Pop,Olga Tañón,Inglés,1998,9.6,verificado
Engáñame,Pop,Olga Tañón,Inglés,1998,9.6,verificado
Mambo la roca,Pop,Tito Puente,Inglés,1992,9.6,verificado
Ritmo de le noche,Pop,Gipsy Kings,Inglés,1993,9.6,verificado
More Brandy-Please,Pop,Los Índios Tabajaras,Inglés,1997,9.6,verificado
Ella tiene,Pop,Chichi Peralta,Inglés,1997,9.6,verificado
Cubano Chant,Pop,Martin Denny,Inglés,1999,9.6,verificado
Duele,Pop,Mimi Ibarra,Inglés,1997,9.6,verificado
Ollita noma,Pop,Tania Libertad,Inglés,1995,9.6,verificado
Contigo no hay adiós,Pop,Tania Libertad,Inglés,1995,9.6,verificado
Landó,Pop,Tania Libertad,Inglés,1995,9.6,verificado
La conga,Pop,Tania Libertad,Inglés,1995,9.6,verificado
Morir soñando,Pop,Flaco Jiménez,Inglés,1990,9.6,verificado
Que problemas,Pop,Flaco Jiménez,Inglés,1994,9.6,verificado
El guero polkas,Pop,Flaco Jiménez,Inglés,1999,9.6,verificado
La barranca,Pop,Flaco Jiménez,Inglés,1990,9.6,verificado
Por una mujer casada,Pop,Flaco Jiménez,Inglés,1999,9.6,verificado
Negra traición,Pop,Flaco Jiménez,Inglés,1999,9.6,verificado
Las gaviotas,Pop,Flaco Jiménez,Inglés,1990,9.6,verificado
Voy pa'llá,Pop,Las Chicas del Can,Inglés,1992,9.6,verificado
Freedom Sound,Pop,Poncho Sanchez,Inglés,1997,9.6,verificado
Why We Wish,Pop,Los Lobos,Inglés,1999,9.6,verificado
Muévete,Pop,Rubén Blades,Inglés,1990,9.6,verificado
New Orleans,Pop,Los Índios Tabajaras,Inglés,1997,9.6,verificado
Quiéreme mucho,Pop,Aída Cuevas,Inglés,1991,9.6,verificado
Money Makes the Monkey Dance,Pop,Nil Lara,Inglés,1996,9.6,verificado
I Will Be Free,Pop,Nil Lara,Inglés,1996,9.6,verificado
Mama's Chant,Pop,Nil Lara,Inglés,1996,9.6,verificado
Crawl,Pop,Nil Lara,Inglés,1996,9.6,verificado
Amar sin condición,Pop,Maelo Ruiz,Inglés,1996,9.6,verificado
Un beso al mundo,Pop,Joan Sebastian,Inglés,1997,9.6,verificado
Hundido en un rincón,Pop,Maná,Inglés,1995,9.6,verificado
Medley,Pop,Luis Miguel,Inglés,1995,9.6,verificado
Dame tu amor,Pop,Luis Miguel,Inglés,1995,9.6,verificado
El día que me quieras,Pop,Luis Miguel,Inglés,1995,9.6,verificado
Se me van los pies,Pop,Susana Baca,Inglés,1997,9.6,verificado
Sólo importas tú,Pop,Franco de Vita,Inglés,1992,9.6,verificado
Muchacho malo,Pop,Olga Tañón,Inglés,1999,9.6,verificado
Medicina de amor,Pop,Raulín Rodríguez,Inglés,1994,9.6,verificado
Idilio,Pop,Willie Colón,Inglés,1993,9.6,verificado
Reza,Pop,Sérgio Mendes & Brasil '65,Inglés,1993,9.6,verificado
Despojos,Pop,Linda Ronstadt,Inglés,1992,9.6,verificado
19 de noviembre,Pop,Carlos Vives,Inglés,1999,9.6,verificado
Turn Around,Pop,Los Lobos,Inglés,1999,9.6,verificado
Run Away With You,Pop,Los Lobos,Inglés,1999,9.6,verificado
La Playa,Pop,Los Lobos,Inglés,1999,9.6,verificado
Los caminos de la vida,Pop,La Tropa Vallenata,Inglés,1996,9.6,verificado
Limón con sal,Pop,Chichi Peralta,Inglés,1997,9.6,verificado
Over the Rainbow,Pop,Los Índios Tabajaras,Inglés,1997,9.6,verificado
Central Park,Pop,Los Índios Tabajaras,Inglés,1997,9.6,verificado
Me encontrarás,Pop,Pedro Conga y su Orquesta Internacional,Inglés,1991,9.6,verificado
Entre abismos,Pop,Linda Ronstadt,Inglés,1992,9.6,verificado
Sarabanda,Pop,José Alberto “El Canario”,Inglés,1997,9.6,verificado
Soy salsero,Pop,José Alberto “El Canario”,Inglés,1997,9.6,verificado
El as de la rumba,Pop,José Alberto “El Canario”,Inglés,1997,9.6,verificado
Guajira guantanamera,Pop,Joseíto Fernández,Inglés,1997,9.6,verificado
Préstame tu corazón,Pop,Poncho Sanchez,Inglés,1997,9.6,verificado
Un día más,Pop,Chichi Peralta,Inglés,1997,9.6,verificado
Regra três,Pop,Dóris Monteiro,Inglés,1993,9.6,verificado
Tumbao a Peruchín,Pop,Alfredo Rodríguez,Inglés,1997,9.6,verificado
Siempre seré,Pop,Tito Rojas,Inglés,1990,9.6,verificado
Onda nueve,Pop,Sexteto Mayor,Inglés,1994,9.6,verificado
A media luz,Pop,Sexteto Mayor,Inglés,1994,9.6,verificado
La locomotora,Pop,Café Tacvba,Inglés,1999,9.6,verificado
Celos,Pop,Sexteto Mayor,Inglés,1994,9.6,verificado
Balada para mi vida,Pop,Sexteto Mayor,Inglés,1994,9.6,verificado
Pwazon Rat,Pop,Boukman Eksperyans,Inglés,1991,9.6,verificado
Emabla eu,Pop,Clementina de Jesus,Inglés,1995,9.6,verificado
Virgen de la caridad,Pop,Conjunto Céspedes,Inglés,1993,9.6,verificado
Respeto a la tierra,Pop,Conjunto Céspedes,Inglés,1993,9.6,verificado
Tengo,Pop,Conjunto Céspedes,Inglés,1993,9.6,verificado
Lágrimas negras,Pop,Conjunto Céspedes,Inglés,1993,9.6,verificado
Acá entre nos,Pop,Vicente Fernández,Inglés,1992,9.6,verificado
La descarga del Bobo,Pop,Willie Bobo,Inglés,1995,9.6,verificado
Tema De La Quebrada De Humahuaca,Pop,Inti‐Illimani,Inglés,1996,9.6,verificado
Sudáfrica (canción antigua),Pop,Tania Libertad,Inglés,1995,9.6,verificado
A rosa,Pop,Djavan,Inglés,1991,9.6,verificado
Captive Heart,Pop,Selena,Inglés,1995,9.6,verificado
Non-Fiction Burning,Pop,P.M. Dawn,Inglés,1996,9.6,verificado
Cómo será la mujer,Pop,Rigo Tovar,Inglés,1997,9.6,verificado
Carta del recuerdo,Pop,Rigo Tovar,Inglés,1997,9.6,verificado
La magia del ritmo (Rhythm Is Magic),Pop,Olga Tañón,Inglés,1998,9.6,verificado
Canto de las estrellas,Pop,Inti‐Illimani,Inglés,1996,9.6,verificado
(Baila el) Suave cha,Pop,Poncho Sanchez,Inglés,1997,9.6,verificado
Cantan los negros,Pop,Tania Libertad,Inglés,1995,9.6,verificado
Sarambé,Pop,Tania Libertad,Inglés,1995,9.6,verificado
D.L.N. (D.L.G.),Pop,Tania Libertad,Inglés,1995,9.6,verificado
Mujer casada,Pop,Flaco Jiménez,Inglés,1990,9.6,verificado
El barrelito,Pop,Flaco Jiménez,Inglés,1990,9.6,verificado
No seas tonta mujer,Pop,Flaco Jiménez,Inglés,1999,9.6,verificado
La Piedrera,Pop,Flaco Jiménez,Inglés,1990,9.6,verificado
Gritenme piedras del campo,Pop,Flaco Jiménez,Inglés,1999,9.6,verificado
Cuando mas tranquila,Pop,Flaco Jiménez,Inglés,1999,9.6,verificado
Juárez,Pop,Flaco Jiménez,Inglés,1990,9.6,verificado
Ni el dinero ni nada,Pop,Flaco Jiménez,Inglés,1990,9.6,verificado
Mentiste cuando dijiste,Pop,Flaco Jiménez,Inglés,1990,9.6,verificado
Angel mío,Pop,Flaco Jiménez,Inglés,1990,9.6,verificado
Un mojado sin licensia,Pop,Flaco Jiménez,Inglés,1999,9.6,verificado
Las mañanitas,Pop,Alejandro Fernández,Inglés,1998,9.6,verificado
Disco azúcar,Pop,Los Van Van,Inglés,1994,9.6,verificado
Ese es mi problema,Pop,Los Van Van,Inglés,1994,9.6,verificado
Negra presuntuosa,Pop,Susana Baca,Inglés,1997,9.6,verificado
Heces,Pop,Susana Baca,Inglés,1997,9.6,verificado
Zamba malató,Pop,Susana Baca,Inglés,1997,9.6,verificado
Seguro que hell yes,Pop,Flaco Jiménez,Inglés,1994,9.6,verificado
Baby,Pop,Nil Lara,Inglés,1996,9.6,verificado
Furia de color,Pop,Rosana,Inglés,1996,9.6,verificado
Si nos dejan,Pop,Luis Miguel,Inglés,1995,9.6,verificado
Am I the Only One,Pop,Marc Anthony,Inglés,1999,9.6,verificado
El triste,Pop,Julieta Venegas,Inglés,1998,9.6,verificado
Dame cariño,Pop,Elvis Crespo,Inglés,1999,9.6,verificado
¡Basta ya!,Pop,Olga Tañón,Inglés,1999,9.6,verificado
Wherever You Are (Donde quiera que estés),Pop,Selena,Inglés,1995,9.6,verificado
La hiedra,Pop,José Luis Rodríguez,Inglés,1997,9.6,verificado
Un buen perdedor,Pop,Franco de Vita,Inglés,1992,9.6,verificado
Cupido,Pop,El Gran Combo de Puerto Rico,Inglés,1992,9.6,verificado
A que vuelve,Pop,Gisselle,Inglés,1999,9.6,verificado
Aleluia,Pop,Poncho Sanchez,Inglés,1997,9.6,verificado
Brown & Blue,Pop,Poncho Sanchez,Inglés,1997,9.6,verificado
La sombra,Pop,Inti‐Illimani,Inglés,1998,9.6,verificado
Punch Line,Pop,Luciano,Inglés,1999,9.6,verificado
O camiño,Pop,Milladoiro,Inglés,1991,9.6,verificado
Cuentas del alma,Pop,Rubén Blades,Inglés,1990,9.6,verificado
High Places,Pop,Los Lobos,Inglés,1999,9.6,verificado
"Some Say, Some Do",Pop,Los Lobos,Inglés,1999,9.6,verificado
La canción del final del mundo,Pop,Rubén Blades,Inglés,1990,9.6,verificado
Me enamoré,Pop,Chichi Peralta,Inglés,1997,9.6,verificado
I Know You Mardi Gras (New Orleans),Pop,Eddie Bo,Inglés,1996,9.6,verificado
Me voy pa' Morón,Pop,Fania All-Stars,Inglés,1997,9.6,verificado
Milonga de mis amores,Pop,Sexteto Mayor,Inglés,1994,9.6,verificado
Agua de Cuba,Pop,Francisco Aguabella,Inglés,1999,9.6,verificado
Samba De Flora,Pop,Airto Moreira,Inglés,1994,9.6,verificado
Toque e sedução,Pop,Ara Ketu,Inglés,1993,9.6,verificado
Low Life,Pop,Bryan Adams,Inglés,1995,9.6,verificado
La piragua,Pop,Carlos Vives,Inglés,1999,9.6,verificado
La rumbantela,Pop,José Alberto “El Canario”,Inglés,1997,9.6,verificado
Oye la banda,Pop,José Alberto “El Canario”,Inglés,1997,9.6,verificado
Pa' otro la'o,Pop,Chichi Peralta,Inglés,1997,9.6,verificado
Sol de verano,Pop,Chichi Peralta,Inglés,1997,9.6,verificado
O esplendor,Pop,Milladoiro,Inglés,1991,9.6,verificado
Por mujeres como tú,Pop,Pepe Aguilar,Inglés,1998,9.6,verificado
El padre Antonio,Pop,Rubén Blades,Inglés,1990,9.6,verificado
Buscando América,Pop,Rubén Blades,Inglés,1990,9.6,verificado
Techno son,Pop,Chichi Peralta,Inglés,1997,9.6,verificado
Wide Horizon,Pop,Los Índios Tabajaras,Inglés,1997,9.6,verificado
Se murió de amor,Pop,Bobby Pulido,Inglés,1996,9.6,verificado
Linda guajira,Pop,Mongo Santamaría,Inglés,1993,9.6,verificado
Cuban cutie,Pop,Tito Puente,Inglés,1992,9.6,verificado
La muerte chiquita,Pop,Café Tacvba,Inglés,1999,9.6,verificado
Mis pensamientos,Pop,Las Hermanas Mendoza,Inglés,1991,9.6,verificado
Una palomita,Pop,Los Titanes,Inglés,1995,9.6,verificado
Paranaê,Pop,Grupo de Capoeira Angola Pelourinho,Inglés,1996,9.6,verificado
Tumbando coco,Pop,Conjunto Céspedes,Inglés,1993,9.6,verificado
El paso,Pop,Ray Barretto,Inglés,1995,9.6,verificado
La tracalera,Pop,Selena,Inglés,1993,9.6,verificado
La cosquillita,Pop,Luis Vargas,Inglés,1999,9.6,verificado
My First Child,Pop,Nil Lara,Inglés,1996,9.6,verificado
Vida Mas Simple,Pop,Nil Lara,Inglés,1996,9.6,verificado
Baro,Pop,Nil Lara,Inglés,1996,9.6,verificado
Bleeding,Pop,Nil Lara,Inglés,1996,9.6,verificado
I Like It Like That,Pop,Tito Nieves,Inglés,1997,9.6,verificado
Ublabadu,Pop,Fania All-Stars,Inglés,1997,9.6,verificado
Africa en américa,Pop,Tania Libertad,Inglés,1995,9.6,verificado
Melodía desencadenada (Unchained Melody),Pop,Grupo Yndio,Inglés,1991,9.6,verificado
Payaso,Pop,Molotov,Inglés,1998,9.6,verificado
One Note Samba / Surfboard,Pop,Stereolab,Inglés,1996,9.6,verificado
A Chano Pozo,Pop,Irakere,Inglés,1995,9.6,verificado
Te aprovechas,Pop,Grupo Límite,Inglés,1995,9.6,verificado
Caballo viejo,Pop,Gilberto Santa Rosa,Inglés,1998,9.6,verificado
Mi reina,Pop,La Mákina,Inglés,1996,9.6,verificado
Celoso,Pop,Las Chicas del Can,Inglés,1992,9.6,verificado
El pesudo,Pop,Flaco Jiménez,Inglés,1994,9.6,verificado
Traigo un recuerdo,Pop,Flaco Jiménez,Inglés,1990,9.6,verificado
Rosa María,Pop,Flaco Jiménez,Inglés,1990,9.6,verificado
El gallito,Pop,Flaco Jiménez,Inglés,1990,9.6,verificado
Por una mujer bonita,Pop,Flaco Jiménez,Inglés,1994,9.6,verificado
La paloma,Pop,Flaco Jiménez,Inglés,1999,9.6,verificado
Un viejo amor,Pop,Flaco Jiménez,Inglés,1999,9.6,verificado
Señor de los Milagros,Pop,Susana Baca,Inglés,1997,9.6,verificado
Los hombres no deben llorar,Pop,Pedro Fernández,Inglés,1996,9.6,verificado
Bella (She's All I Ever Had),Pop,Ricky Martin,Inglés,1999,9.6,verificado
Dor e prata,Pop,Djavan,Inglés,1991,9.6,verificado
El reloj cucú,Pop,Maná,Inglés,1995,9.6,verificado
Missing My Baby,Pop,Selena,Inglés,1995,9.6,verificado
Bidi bidi bom bom,Pop,Selena,Inglés,1995,9.6,verificado
Hasta que me olvides,Pop,Luis Miguel,Inglés,1995,9.6,verificado
La media vuelta,Pop,Luis Miguel,Inglés,1995,9.6,verificado
El Galleton,Pop,Tempo 70,Inglés,1992,9.6,verificado
Aquí estás otra vez,Pop,Franco de Vita,Inglés,1992,9.6,verificado
With You in Your Dreams,Pop,Hanson,Inglés,1997,9.6,verificado
Weird,Pop,Hanson,Inglés,1997,9.6,verificado
Yearbook,Pop,Hanson,Inglés,1997,9.6,verificado
Lucy,Pop,Hanson,Inglés,1997,9.6,verificado
Fly,Pop,Céline Dion,Inglés,1996,9.6,verificado
Me and the Major,Pop,Belle and Sebastian,Inglés,1996,9.6,verificado
Rock Island Line,Pop,Lonnie Donegan,Inglés,1993,9.6,verificado
Through Your Hands,Pop,Joan Baez,Inglés,1992,9.6,verificado
Queen Bee,Pop,Chuck Prophet,Inglés,1990,9.6,verificado
Play Me Backwards,Pop,Joan Baez,Inglés,1992,9.6,verificado
The Velvet Underground Medley,Pop,The Mike Flowers Pops,Inglés,1996,9.6,verificado
This Is Your Song,Pop,Ronan Keating,Inglés,1999,9.6,verificado
I Want to Take You Higher,Pop,Marcella Detroit,Inglés,1994,9.6,verificado
I’m No Angel,Pop,Marcella Detroit,Inglés,1994,9.6,verificado
You’ve Got a Friend,Pop,The Brand New Heavies,Inglés,1997,9.6,verificado
Professional Widow,Pop,Tori Amos,Inglés,1997,9.6,verificado
Keep the Fire Burning,Pop,Gwen McCrae,Inglés,1993,9.6,verificado
Feels Like I'm in Love,Pop,Kelly Marie,Inglés,1992,9.6,verificado
Shelter,Pop,The Brand New Heavies,Inglés,1998,9.6,verificado
Hernando's Hideaway,Pop,The Johnston Brothers,Inglés,1999,9.6,verificado
What a Wonderful World,Pop,Alison Moyet,Inglés,1999,9.6,verificado
He Can’t Hold Still,Pop,Joe Brown,Inglés,1992,9.6,verificado
Ecuador,Pop,Sash!,Inglés,1997,9.6,verificado
Città vuota,Pop,Mina,Inglés,1999,9.6,verificado
The Journey,Pop,911,Inglés,1998,9.6,verificado
Come On You Reds,Pop,Manchester United F.C.,Inglés,1994,9.6,verificado
I Want You,Pop,Secret Life,Inglés,1994,9.6,verificado
Instant Replay,Pop,Yell!,Inglés,1992,9.6,verificado
Where Do I Stand,Pop,The Montrose Avenue,Inglés,1998,9.6,verificado
Thirty Days Out / Ohio,Pop,The Montrose Avenue,Inglés,1998,9.6,verificado
Yesterday's Return,Pop,The Montrose Avenue,Inglés,1998,9.6,verificado
Over My Head,Pop,Cilla Black,Inglés,1997,9.6,verificado
That’s Why I Love You,Pop,Cilla Black,Inglés,1997,9.6,verificado
Bud,Grunge,Bush,Inglés,1995,9.6,verificado
Hott People,Hip hop,Lyrics Born,Inglés,1999,9.6,verificado
They Don’t Want It!,Hip hop,Organized Konfusion,Inglés,1997,9.6,verificado
Questions,Hip hop,Organized Konfusion,Inglés,1997,9.6,verificado
Swing,Hip hop,Camp Lo,Inglés,1997,9.6,verificado
C.R.E.A.M.,Hip hop,Wu‐Tang Clan,Inglés,1993,9.6,verificado
Back Seat,Hip hop,LL Cool J,Inglés,1993,9.6,verificado
Best Friends,Hip hop,Missy Elliott,Inglés,1997,9.6,verificado
Friendly Skies,Hip hop,Missy Elliott,Inglés,1997,9.6,verificado
Track,Soul,Lewis Taylor,Inglés,1996,9.6,verificado
Get on the Good Foot,Soul,James Brown,Inglés,1993,9.6,verificado
Feel the Need in Me,Soul,Detroit Emeralds,Inglés,1993,9.6,verificado
"Foot Stomping, Part 1",Soul,The Flares,Inglés,1998,9.6,verificado
Baby You're My Everything,Soul,Little Jerry Williams,Inglés,1998,9.6,verificado
You've Got the Papers (I've Got the Man),Soul,Ann Peebles,Inglés,1993,9.6,verificado
Street Life,Soul,The Crusaders,Inglés,1994,9.6,verificado
That's What the Nitty Gritty Is,Soul,Shirley Ellis,Inglés,1995,9.6,verificado
No One Can Love,Soul,Bill Cosby,Inglés,1995,9.6,verificado
Got to Be Real,Soul,Curtis Mayfield,Inglés,1990,9.6,verificado
Who Was That Lady,Soul,Curtis Mayfield,Inglés,1990,9.6,verificado
I've Got to Move On,Soul,Detroit Emeralds,Inglés,1993,9.6,verificado
Take My Love,Soul,Detroit Emeralds,Inglés,1993,9.6,verificado
You Want It You Got It,Soul,Detroit Emeralds,Inglés,1993,9.6,verificado
I Mo Git U Sucka,Soul,Curtis Mayfield,Inglés,1990,9.6,verificado
Till You Decide to Come Home,Soul,Detroit Emeralds,Inglés,1993,9.6,verificado
True Love,Soul,Al Green,Inglés,1999,9.6,verificado
Darlin' (I Think About You),Soul,Delegation,Inglés,1995,9.6,verificado
Let’s Fall in Love Tonight,Soul,Edwin Starr,Inglés,1999,9.6,verificado
Only the Strong Survive,Soul,Darrell Banks,Inglés,1997,9.6,verificado
Everybody’s Laughing,Soul,The Esquires,Inglés,1998,9.6,verificado
Honey Boy,Soul,Nella Dodds,Inglés,1995,9.6,verificado
Time Waits for No One,Soul,Eddie & Ernie,Inglés,1994,9.6,verificado
Snap Your Fingers,Soul,Joe Henderson,Inglés,1996,9.6,verificado
The Sound of My Man,Soul,Theola Kilgore,Inglés,1996,9.6,verificado
Mama Didn’t Lie,Soul,Jan Bradley,Inglés,1996,9.6,verificado
All in My Mind,Soul,Maxine Brown,Inglés,1998,9.6,verificado
Those Lonely Nights,Soul,Soul Communicators,Inglés,1998,9.6,verificado
You Turned My Bitter Into Sweet,Soul,Mary Love-Comer,Inglés,1996,9.6,verificado
I've Been Hurt,Soul,The Tams,Inglés,1995,9.6,verificado
Request Line,Soul,Zhané,Inglés,1997,9.6,verificado
He’s Got the Whole World in His Hands,Soul,Jackie Wilson,Inglés,1999,9.6,verificado
For These Simple Reasons,Soul,The Mad Lads,Inglés,1997,9.6,verificado
I’m Learning,Soul,The Mad Lads,Inglés,1997,9.6,verificado
Another Day (In the Hood edit),Soul,Buckshot LeFonque,Inglés,1998,9.6,verificado
Cloudburst,Soul,The Mad Lads,Inglés,1997,9.6,verificado
Jerk and Twine,Soul,Jackie Ross,Inglés,1997,9.6,verificado
So Close,Soul,Garnet Mimms,Inglés,1995,9.6,verificado
Ain’t Talking About Dub,House,Apollo 440,Inglés,1997,9.6,verificado
VIP (Francois K vocal edit),House,GusGus,Inglés,1999,9.6,verificado
Should I Ever (Fall in Love),House,Nightcrawlers,Inglés,1996,9.6,verificado
Far Above the Clouds (Timewriter's Big Bag of Secrets),House,Mike Oldfield,Inglés,1999,9.6,verificado
On My Own (Keith Litman on My Other dub),House,Peach,Inglés,1998,9.6,verificado
On My Own (Klubbheads Tribal dub),House,Peach,Inglés,1996,9.6,verificado
Stay Gold,House,Deep Dish,Inglés,1997,9.6,verificado
Autobahn Cruise,House,Paul Johnson,Inglés,1995,9.6,verificado
Bump Talkin',House,Paul Johnson,Inglés,1995,9.6,verificado
What's That Tune? (Doo-Doo-Doo-Doo-Doo-Doo-Doo-Doo-Doo-Doo),House,Dorothy,Inglés,1995,9.6,verificado
Petal,House,Wubble-U,Inglés,1998,9.6,verificado
Fantasise,House,Paul Johnson,Inglés,1995,9.6,verificado
Caught Up in Your Love,House,Paul Johnson,Inglés,1995,9.6,verificado
"Can You Feel It? (Erick ""More"" radio edit)",House,Reel 2 Real,Inglés,1994,9.6,verificado
88 Phat Ivory Keys,House,Terrence Parker,Inglés,1996,9.6,verificado
Windows (original First take),House,Sil,Inglés,1991,9.6,verificado
Skin on Skin,House,Grace,Inglés,1996,9.6,verificado
Take the Long Way Home,House,Faithless,Inglés,1999,9.6,verificado
Church of Freedom (Quivver dub),House,Amos,Inglés,1995,9.6,verificado
Need U Now (Hot Tub dub),House,Marco Polo,Inglés,1992,9.6,verificado
I Know a Place,House,Victor Simonelli,Inglés,1993,9.6,verificado
Don't Stop Movin'  ,House,Livin’ Joy,Inglés,1996,9.6,verificado
I Will Take You There,House,N‐Trance,Inglés,1995,9.6,verificado
Run Away,House,Real McCoy,Inglés,1995,9.6,verificado
New Kicks,House,Johann Bley,Inglés,1996,9.6,verificado
Get Down Saturday Night,House,Oliver Cheatham,Inglés,1995,9.6,verificado
Elements - The Voice,House,Danny Tenaglia,Inglés,1998,9.6,verificado
Lose It (To the Sound),House,Desert,Inglés,1998,9.6,verificado
Jazz It Up (KLM Pumped Up vocal),House,Reel 2 Real,Inglés,1996,9.6,verificado
House Fever,House,The Burger Queens,Inglés,1995,9.6,verificado
Gotta Get Loose (radio edit),House,Mr. & Mrs. Smith,Inglés,1996,9.6,verificado
I Surrender (Mentor/Dredlix radio edit),House,Rosie Gaines,Inglés,1997,9.6,verificado
Mothership Reconnection,House,Scott Grooves,Inglés,1998,9.6,verificado
What Is Your Pleasure?,House,N‐Trance,Inglés,1995,9.6,verificado
Where Can I Find Love,House,Livin’ Joy,Inglés,1996,9.6,verificado
Byrdman's Revenge,House,Mike Delgado,Inglés,1999,9.6,verificado
4 the World,House,Paul Johnson,Inglés,1995,9.6,verificado
VIP (radio edit),House,GusGus,Inglés,1999,9.6,verificado
Jazz It Up (Erick 'More' radio edit),House,Reel 2 Real,Inglés,1996,9.6,verificado
I Believe (Mark Picchiotti dub),House,The Absolute,Inglés,1997,9.6,verificado
The Captain,House,JohNick,Inglés,1999,9.6,verificado
Disco Dollys,House,Dorothy,Inglés,1995,9.6,verificado
Can't Get Enough,House,Soulsearcher,Inglés,1998,9.6,verificado
Get Down Saturday Night (Linden C's Party dub),House,The Grove,Inglés,1995,9.6,verificado
Get Down Saturday Night (Late Night Slam),House,The Grove,Inglés,1995,9.6,verificado
Equilibrium,House,Anthony & Georgio,Inglés,1998,9.6,verificado
India,House,E-Razor,Inglés,1998,9.6,verificado
The Mission,House,Sequential,Inglés,1998,9.6,verificado
The Promethean Groove,House,Kaistar,Inglés,1998,9.6,verificado
All or Nothing ( ),House,Cher,Inglés,1999,9.6,verificado
Mercury and Solace (radio edit),Trance,BT,Inglés,1999,9.6,verificado
Psycho Sonic,Trance,Oforia,Inglés,1998,9.6,verificado
One Night Stand,Trance,The Aloof,Inglés,1997,9.6,verificado
Emerald Eyes,Trance,Art of Trance,Inglés,1996,9.6,verificado
Spiritualised,Trance,The Olmec Heads,Inglés,1999,9.6,verificado
Makes You Move,Trance,Move D,Inglés,1995,9.6,verificado
Cream,Trance,Oforia,Inglés,1998,9.6,verificado
Gouryella,Trance,Gouryella,Inglés,1999,9.6,verificado
Falling Tears,Trance,Earth Nation,Inglés,1996,9.6,verificado
No May Gusta,Trance,Partision,Inglés,1999,9.6,verificado
Distance,Trance,Speaking Sins,Inglés,1999,9.6,verificado
That Zipper Track,Trance,Needle Damage,Inglés,1999,9.6,verificado
A Tribute to Blade Runner,Trance,Cosmic Baby,Inglés,1994,9.6,verificado
Liquid Sky,Trance,System 7,Inglés,1994,9.6,verificado
So Many Dreams (Aquasky radio edit),Trance,A Guy Called Gerald,Inglés,1996,9.6,verificado
Mysterious Traveller,Trance,System 7,Inglés,1994,9.6,verificado
Only Me (Red Jerry edit),Trance,Hyperlogic,Inglés,1995,9.6,verificado
Radiate,Trance,System 7,Inglés,1994,9.6,verificado
Easter Island,Trance,Art of Trance,Inglés,1999,9.6,verificado
Luvstruck  ,Trance,Southside Spinners,Inglés,1998,9.6,verificado
Open Your Mind ’97 (DJ Quicksilver radio edit),Trance,U.S.U.R.A.,Inglés,1997,9.6,verificado
Sentinel II,Trance,Sinus Iridium,Inglés,1994,9.6,verificado
Tycho,Trance,Sinus Iridium,Inglés,1994,9.6,verificado
Endless Wave,Trance,Kamaya Painters,Inglés,1999,9.6,verificado
I Like to Move It,Trance,Reel 2 Real,Inglés,1994,9.6,verificado
Turn It Around,Trance,Alena,Inglés,1999,9.6,verificado
A Voyage Into Trance,Trance,Paul Oakenfold,Inglés,1995,9.6,verificado
Pressure,Trance,Signum,Inglés,1998,9.6,verificado
Gamemaster,Trance,Lost Tribe,Inglés,1997,9.6,verificado
Voyager,Trance,SWP,Inglés,1999,9.6,verificado
Red Sun Rising (radio edit),Trance,Lost Witness,Inglés,1999,9.6,verificado
A Tribute to Blade Runner (Dance Title 1),Trance,Cosmic Baby,Inglés,1994,9.6,verificado
Dew Point,Trance,Oforia,Inglés,1998,9.6,verificado
Dr Livingstone I Presume,Trance,System 7,Inglés,1994,9.6,verificado
Jupiter!,Trance,System 7,Inglés,1994,9.6,verificado
I Can’t Stop Loving You,Trance,Ella Fitzgerald,Inglés,1999,9.6,verificado
"Love, Love, Love Here I Come",Trance,Rollo Goes Mystic,Inglés,1995,9.6,verificado
Walhalla (Hybrid's Matrix dub),Trance,Gouryella,Inglés,1999,9.6,verificado
Rimming,Trance,TG 3,Inglés,1994,9.6,verificado
I Can’t Help Myself (radio edit),Trance,Lucid,Inglés,1997,9.6,verificado
Dreaming (Ruff Driverz Ruff radio edit),Trance,Ruff Driverz,Inglés,1998,9.6,verificado
Gotta Get Loose,Trance,Mr. & Mrs. Smith,Inglés,1997,9.6,verificado
Angelic Particles,Trance,Hallucinogen,Inglés,1995,9.6,verificado
Monsoon,Trance,Art of Trance,Inglés,1999,9.6,verificado
Twixt,Trance,Plastic Boy,Inglés,1999,9.6,verificado
Good Shot,Trance,Hand’s Burn,Inglés,1999,9.6,verificado
Panorama,Trance,Art of Trance,Inglés,1999,9.6,verificado
Gouryella (radio edit),Trance,Gouryella,Inglés,1999,9.6,verificado
Love Will Come,Trance,Tomski,Inglés,1999,9.6,verificado
Communication,Trance,Armin van Buuren,Inglés,1999,9.6,verificado
Brightness,Trance,Aquaplex,Inglés,1998,9.6,verificado
Hold That Sucker Down (Builds Like a Sky Scraper),Trance,O.T. Quartet,Inglés,1999,9.6,verificado
Happiness Happening,Trance,Lost Witness,Inglés,1999,9.6,verificado
Universal Nation,Trance,Push,Inglés,1999,9.6,verificado
Dud UK,Trance,Art of Trance,Inglés,1999,9.6,verificado
"Don’t Imitate, Innovate! (ambient dub)",Trance,Paul van Dyk,Inglés,1996,9.6,verificado
Citizens,Trance,Hal Stucker,Inglés,1999,9.6,verificado
Dead Cities,Trance,V-One,Inglés,1999,9.6,verificado
X‐Files (radio edit),Trance,DJ Dado,Inglés,1996,9.6,verificado
Venus of My Dreams,Trance,Airwave,Inglés,1999,9.6,verificado
Virgo,Trance,Armin van Buuren,Inglés,1999,9.6,verificado
Cybertrance,Trance,Blue Alphabet,Inglés,1993,9.6,verificado
Flaming June (BT & PvD edit),Trance,BT,Inglés,1999,9.6,verificado
"Dimension (7"" edit)",Trance,Salt Tank,Inglés,1999,9.6,verificado
Invisible (original vocal edit),Trance,Tilt,Inglés,1999,9.6,verificado
Your Face (In The Crowd),Trance,Slacker,Inglés,1997,9.6,verificado
Cuss Cuss,Reggae,Lloyd Robinson,Inglés,1998,9.6,verificado
Mission Impossible,Reggae,Randy’s All Stars,Inglés,1999,9.6,verificado
Rebel Soldiering,Reggae,Johnny Clarke,Inglés,1999,9.6,verificado
Vultures,Reggae,Israel Vibration,Inglés,1990,9.6,verificado
Zion a Fe Lion,Reggae,Jah Levi,Inglés,1997,9.6,verificado
I'll Be There,Reggae,John Holt,Inglés,1997,9.6,verificado
Pledging My Love,Reggae,John Holt,Inglés,1997,9.6,verificado
Rainy Night in Georgia,Reggae,John Holt,Inglés,1997,9.6,verificado
Wear You to the Ball,Reggae,John Holt,Inglés,1997,9.6,verificado
Stick by Me,Reggae,John Holt,Inglés,1997,9.6,verificado
The Final Dub,Reggae,The Twinkle Brothers,Inglés,1996,9.6,verificado
Dog Park,Reggae,Singers & Players,Inglés,1997,9.6,verificado
So Far Away,Reggae,Israel Vibration,Inglés,1990,9.6,verificado
Arranged Marriage,Reggae,Apache Indian,Inglés,1993,9.6,verificado
Sweet Jamaica,Reggae,Eric Donaldson,Inglés,1998,9.6,verificado
Carry Go Bring Home,Reggae,Justin Hinds & the Dominoes,Inglés,1991,9.6,verificado
A Love I Can Feel,Reggae,John Holt,Inglés,1997,9.6,verificado
Take It Easy,Reggae,Dillinger,Inglés,1997,9.6,verificado
Nike Air (Hands in the Air),Reggae,Mr. Vegas,Inglés,1998,9.6,verificado
Land of My Birth,Reggae,Eric Donaldson,Inglés,1995,9.6,verificado
"Young, Gifted & Black",Reggae,Bob & Marcia,Inglés,1995,9.6,verificado
Neon Haze,Reggae,UB40,Inglés,1992,9.6,verificado
Kings Row,Reggae,UB40,Inglés,1992,9.6,verificado
Stikki Fingers,Reggae,Heatwave,Inglés,1999,9.6,verificado
Man in the Street,Reggae,Don Drummond,Inglés,1991,9.6,verificado
Willow Tree,Reggae,Gregory Isaacs,Inglés,1998,9.6,verificado
Do You Love Me,Reggae,John Holt,Inglés,1997,9.6,verificado
House Call,Reggae,Shabba Ranks,Inglés,1993,9.6,verificado
Wild Fire,Reggae,Dennis Brown,Inglés,1999,9.6,verificado
Not Because I Smile,Reggae,Gregory Isaacs,Inglés,1994,9.6,verificado
Jah Is There,Reggae,Danny Red,Inglés,1996,9.6,verificado
Moving On,Reggae,Desmond Dekker,Inglés,1992,9.6,verificado
Loving Clear,Reggae,Julian Marley,Inglés,1996,9.6,verificado
Ooh What a Feeling,Reggae,Johnny Nash,Inglés,1993,9.6,verificado
I Wish It Would Go on for Ever,Reggae,Johnny Clarke,Inglés,1991,9.6,verificado
Just a Little Bit Longer,Reggae,Maxi Priest,Inglés,1990,9.6,verificado
Island Music,Reggae,Fil Callendar,Inglés,1995,9.6,verificado
Drums of Africa,Reggae,King Tubby,Inglés,1996,9.6,verificado
Miss Ivy Last Son,Reggae,Bounty Killer,Inglés,1995,9.6,verificado
Who Send Dem,Reggae,Bounty Killer,Inglés,1996,9.6,verificado
I Show You How to Reggae,Reggae,Soulful Dynamics,Inglés,1993,9.6,verificado
Pass It On,Reggae,Bitty McLean,Inglés,1993,9.6,verificado
Fire Pon Rome,Reggae,Anthony B,Inglés,1996,9.6,verificado
Marriage in Kaina,Reggae,Culture,Inglés,1997,9.6,verificado
So Long,Reggae,Count Ossie,Inglés,1997,9.6,verificado
Another Cycle,Reggae,Jimmy Cliff,Inglés,1996,9.6,verificado
I’m No Immigrant,Reggae,Jimmy Cliff,Inglés,1996,9.6,verificado
Synthetic World,Reggae,Jimmy Cliff,Inglés,1996,9.6,verificado
Sit Right Down,Reggae,Toots & The Maytals,Inglés,1994,9.6,verificado
Johnny Cool Man,Reggae,Toots & The Maytals,Inglés,1998,9.6,verificado
Double Barrel,Reggae,Dave & Ansel Collins,Inglés,1993,9.6,verificado
Hot Hot Hot,Reggae,Arrow,Inglés,1997,9.6,verificado
Real and Right,Reggae,Israel Vibration,Inglés,1990,9.6,verificado
Black Roses,Reggae,Barrington Levy,Inglés,1998,9.6,verificado
Drum Pan Sound,Reggae,Reggie Stepper,Inglés,1990,9.6,verificado
The Heathen,Reggae,Bob Marley & The Wailers,Inglés,1997,9.6,verificado
None a Jah Jah Children,Reggae,Ras Michael & The Sons of Negus,Inglés,1995,9.6,verificado
Last Love,Reggae,John Holt,Inglés,1997,9.6,verificado
Every Day and Every Night,Reggae,The Heptones,Inglés,1995,9.6,verificado
What Does It Take to Win Your Love,Reggae,Alton Ellis,Inglés,1996,9.6,verificado
Jahovia,Reggae,The Twinkle Brothers,Inglés,1990,9.6,verificado
It's Growing,Reggae,Garnett Silk,Inglés,1993,9.6,verificado
Rain From the Skies,Reggae,John Holt,Inglés,1997,9.6,verificado
What Goes Around (Comes Around),Reggae,Bitty McLean,Inglés,1993,9.6,verificado
Talkin' to the Wind,Reggae,Bitty McLean,Inglés,1993,9.6,verificado
Them a Fe Get a Beatin',Reggae,Peter Tosh,Inglés,1995,9.6,verificado
You Make Me Feel Brand New,Reggae,Boris Gardiner,Inglés,1995,9.6,verificado
Marijuana in My Brain,Reggae,Dillinger,Inglés,1996,9.6,verificado
Smoke It,Reggae,UB40,Inglés,1992,9.6,verificado
Sea of Love,Reggae,Dennis Brown,Inglés,1990,9.6,verificado
King of the Dub Rock,Reggae,Sir Coxsone Sound,Inglés,1994,9.6,verificado
No Peace,Reggae,Daweh Congo,Inglés,1996,9.6,verificado
Sitting in the Park,Reggae,Slim Smith,Inglés,1992,9.6,verificado
Living Dangerously,Reggae,Barrington Levy,Inglés,1995,9.6,verificado
I Will Always Love You,Reggae,John Holt,Inglés,1997,9.6,verificado
Just Out of Reach,Reggae,John Holt,Inglés,1997,9.6,verificado
I Do Believe / My Destiny,Reggae,Desmond Dekker,Inglés,1992,9.6,verificado
Watchman Dub,Reggae,King Tubby,Inglés,1999,9.6,verificado
Breaking Up,Reggae,Gregory Isaacs,Inglés,1998,9.6,verificado
Talk About Love,Reggae,Pat Kelly,Inglés,1996,9.6,verificado
Umbayao,Reggae,Eddy Grant,Inglés,1993,9.6,verificado
Gisela from Panama,Reggae,Eddy Grant,Inglés,1993,9.6,verificado
Ancient Day Killing,Reggae,Bounty Killer,Inglés,1997,9.6,verificado
Bronco,Reggae,Sir Lord Comic,Inglés,1999,9.6,verificado
Step It in Ethiopia,Reggae,Dillinger,Inglés,1996,9.6,verificado
Come Praise Jah Jah,Reggae,Dillinger,Inglés,1996,9.6,verificado
Shout,Reggae,Louchie Lou & Michie One,Inglés,1993,9.6,verificado
Higher Ranking,Reggae,King Tubby,Inglés,1996,9.6,verificado
Uyadela,Reggae,Miriam Makeba,Inglés,1996,9.6,verificado
Selassie Is the Chapel,Reggae,Winston Jarrett,Inglés,1997,9.6,verificado
The Ethiopian National Anthem,Reggae,The Ethiopians,Inglés,1997,9.6,verificado
"Who Feels It, Knows It",Reggae,Rita Marley,Inglés,1997,9.6,verificado
Blackman Know Yourself,Reggae,Joe Higgs,Inglés,1997,9.6,verificado
Bubblin’ Hot,Reggae,Pato Banton,Inglés,1992,9.6,verificado
Ghetto Youth,Reggae,Anthony B,Inglés,1996,9.6,verificado
Ludi,Reggae,Dream Warriors,Inglés,1991,9.6,verificado
Walking on the Moon,Reggae,Sly & Robbie,Inglés,1997,9.6,verificado
Where Did It Go,Reggae,Jimmy Cliff,Inglés,1999,9.6,verificado
Thank You Lord,Reggae,Bob Marley & The Wailers,Inglés,1992,9.6,verificado
Black Candle,Reggae,Leo Graham,Inglés,1990,9.6,verificado
Goodbye Yesterday,Reggae,Jimmy Cliff,Inglés,1996,9.6,verificado
Keep Your Eyes on the Sparrow,Reggae,Jimmy Cliff,Inglés,1996,9.6,verificado
Going Back West,Reggae,Jimmy Cliff,Inglés,1996,9.6,verificado
Come Into My Life,Reggae,Jimmy Cliff,Inglés,1996,9.6,verificado
Train to Skaville,Reggae,The Ethiopians,Inglés,1991,9.6,verificado
Can Can,Reggae,Bad Manners,Inglés,1993,9.6,verificado
Share My Love,Reggae,Heatwave,Inglés,1999,9.6,verificado
Introducing My Love,Reggae,Heatwave,Inglés,1999,9.6,verificado
Outtro,Reggae,UB40,Inglés,1992,9.6,verificado
Jam Dem,Reggae,Eddy Grant,Inglés,1993,9.6,verificado
Don’t Bother Me,Reggae,Eddy Grant,Inglés,1993,9.6,verificado
If I Follow My Heart,Reggae,Linval Thompson,Inglés,1994,9.6,verificado
History,Reggae,Dennis Brown,Inglés,1998,9.6,verificado
Make It Work,Reggae,Israel Vibration,Inglés,1990,9.6,verificado
Oh She’s a Big Girl Now,Reggae,Judge Dread,Inglés,1994,9.6,verificado
I Love You So,Reggae,The Twinkle Brothers,Inglés,1990,9.6,verificado
Exodus,Reggae,Bob Marley & The Wailers,Inglés,1997,9.6,verificado
Black Man Time,Reggae,I‐Roy,Inglés,1997,9.6,verificado
Rumours of War,Reggae,Israel Vibration,Inglés,1990,9.6,verificado
Jailhouse Rocking,Reggae,Israel Vibration,Inglés,1990,9.6,verificado
Véto de Dieu,Reggae,Alpha Blondy,Inglés,1991,9.6,verificado
Lady Madonna,Reggae,The Crystalites,Inglés,1991,9.6,verificado
Don't Mess With Jill,Reggae,Danny Red,Inglés,1996,9.6,verificado
Keep on Moving,Reggae,Danny Red,Inglés,1996,9.6,verificado
I Can See Clearly Now,Reggae,Johnny Nash,Inglés,1991,9.6,verificado
There Goes My Heart,Reggae,Seven Letters,Inglés,1995,9.6,verificado
Allez the Reggae Boys,Reggae,Macka B,Inglés,1999,9.6,verificado
Nightnurse,Reggae,Sly & Robbie,Inglés,1997,9.6,verificado
Brandy,Reggae,Freddie McGregor,Inglés,1997,9.6,verificado
I Am De Man (Never Get Weary Yet),Reggae,Mutabaruka,Inglés,1997,9.6,verificado
The Lord Is My Light & Salvation,Reggae,Bounty Killer,Inglés,1996,9.6,verificado
Close To Me,Reggae,Derrick Harriott,Inglés,1993,9.6,verificado
Roadrunner,Reggae,Chaka Demus & Pliers,Inglés,1992,9.6,verificado
Want-a-Wine,Reggae,Leo Graham,Inglés,1998,9.6,verificado
Wrapped Around Your Finger (instrumental),Reggae,Jazz Jamaica,Inglés,1997,9.6,verificado
Doctor Demand,Reggae,Leo Graham,Inglés,1990,9.6,verificado
Too Experienced,Reggae,Barrington Levy,Inglés,1990,9.6,verificado
My Time,Reggae,Barrington Levy,Inglés,1998,9.6,verificado
Monkey Girl,Reggae,Toots & The Maytals,Inglés,1998,9.6,verificado
My Cup,Reggae,Bob Marley & The Wailers,Inglés,1992,9.6,verificado
She’s So Modern,Punk,The Boomtown Rats,Inglés,1991,9.6,verificado
No Nukes,Punk,Angelic Upstarts,Inglés,1991,9.6,verificado
Ultra Special,Punk,Voice of a Generation,Inglés,1997,9.6,verificado
Don’t Fade Away,Punk,Satanic Surfers,Inglés,1995,9.6,verificado
New Religion,Punk,Some Chicken,Inglés,1993,9.6,verificado
Top of the Pops,Punk,The Rezillos,Inglés,1996,9.6,verificado
New Rose,Punk,The Damned,Inglés,1996,9.6,verificado
My Way,Punk,Shane MacGowan,Inglés,1996,9.6,verificado
She Cracked,Punk,Jonathan Richman,Inglés,1997,9.6,verificado
Lonely Financial Zone,Punk,Jonathan Richman,Inglés,1997,9.6,verificado
Cubos,Pop,Sôber,Español,1999,9.6,verificado
Wish,Pop,Peter Murphy,Español,1995,9.6,verificado
¿Y tú de quien eres?,Pop,No me pises que llevo chanclas,Español,1996,9.6,verificado
Crystal Wrists (alternate version),Pop,Peter Murphy,Español,1995,9.6,verificado
Little Song,Pop,Jack Frost,Español,1995,9.6,verificado
Lick the Pavement,Pop,Garbage,Español,1998,9.6,verificado
No lo puedes ver,Pop,Lagartija Nick,Español,1991,9.6,verificado
String,Pop,Come,Español,1994,9.6,verificado
Wanna Be Loved,Reggae,Los Pericos,Español,1995,9.6,verificado
Entre mis recuerdos,Pop,Luz Casal,Español,1995,9.6,verificado
Acompáñeme civil,Pop,Juan Luis Guerra 4.40,Español,1990,9.6,verificado
Hot,Pop,Charo,Español,1994,9.6,verificado
Cómo olvidarte,Pop,Ricardo Arjona,Español,1992,9.6,verificado
La mentira,Pop,Ana Belén,Español,1993,9.6,verificado
Ay papacito,Pop,Eliades Ochoa,Español,1999,9.6,verificado
Baila conmigo,Pop,Ricardo Arjona,Español,1992,9.6,verificado
Solo,Pop,Ricardo Arjona,Español,1992,9.6,verificado
Te encontraré,Pop,Ricardo Arjona,Español,1992,9.6,verificado
Así de ilógico,Pop,Ricardo Arjona,Español,1992,9.6,verificado
Naboria / Daca Mayanimacana,Pop,Juan Luis Guerra 4.40,Español,1992,9.6,verificado
"A San Fernando, un ratito a pie y otro caminando",Pop,Manolo García,Español,1998,9.6,verificado
Santa Monica,Pop,Savage Garden,Español,1996,9.6,verificado
Angel in Disguise,Pop,OMC,Español,1996,9.6,verificado
Can Anybody Hear Me,Pop,Neil Diamond,Español,1996,9.6,verificado
Land of Plenty,Pop,OMC,Español,1996,9.6,verificado
Trapecista,Pop,Enrique Iglesias,Español,1995,9.6,verificado
Famous (demo),Pop,bis,Español,1996,9.6,verificado
Mon petit ami,Pop,April March,Español,1996,9.6,verificado
Carnival (Puck version),Pop,The Cardigans,Español,1995,9.6,verificado
Déjeuner en paix,Pop,Stephan Eicher,Español,1991,9.6,verificado
I’ll Make Your Bed,Pop,Dolly Parton,Español,1993,9.6,verificado
Si tú te vas,Pop,Enrique Iglesias,Español,1995,9.6,verificado
Joyride,Pop,Roxette,Español,1991,9.6,verificado
Promises,Pop,Savage Garden,Español,1997,9.6,verificado
To the Moon & Back,Pop,Savage Garden,Español,1996,9.6,verificado
A Thousand Words,Pop,Savage Garden,Español,1997,9.6,verificado
Soolaimon,Pop,Neil Diamond,Español,1994,9.6,verificado
You’ve Lost That Lovin Feelin’,Pop,Neil Diamond,Español,1994,9.6,verificado
Song Sung Blue,Pop,Neil Diamond,Español,1994,9.6,verificado
Happy Birthday Sweet Sixteen,Pop,Neil Diamond,Español,1993,9.6,verificado
Take Me to the River,Pop,Annie Lennox,Español,1995,9.6,verificado
Up on the Roof,Pop,Neil Diamond,Español,1994,9.6,verificado
Thin Line Between Love and Hate,Pop,Annie Lennox,Español,1995,9.6,verificado
You Don’t Bring Me Flowers,Pop,Neil Diamond,Español,1994,9.6,verificado
River Deep - Mountain High,Pop,Neil Diamond,Español,1994,9.6,verificado
Lady Oh,Pop,Neil Diamond,Español,1994,9.6,verificado
The World Tonight,Pop,Paul McCartney,Español,1997,9.6,verificado
Never Coming Back,Pop,OMC,Español,1996,9.6,verificado
Κι αν σε θέλω,Pop,Γιώργος Νταλάρας,Español,1997,9.6,verificado
Dance With Me Henry,Pop,Georgia Gibbs,Español,1991,9.6,verificado
Superman,Pop,Celi Bee & the Buzzy Bunch,Español,1998,9.6,verificado
Mi novio volvió,Pop,Onda Vaselina,Español,1990,9.6,verificado
Yo te esperaré,Pop,Onda Vaselina,Español,1990,9.6,verificado
El doctor brujo,Pop,Onda Vaselina,Español,1990,9.6,verificado
Que triste es el primer adiós,Pop,Onda Vaselina,Español,1990,9.6,verificado
Grandes luces de fuego,Pop,Onda Vaselina,Español,1990,9.6,verificado
Días de escuela,Pop,Onda Vaselina,Español,1990,9.6,verificado
Vámonos al mar,Pop,Onda Vaselina,Español,1990,9.6,verificado
Charm,Pop,Wild Colonials,Español,1998,9.6,verificado
Acid Bath,Pop,Savage Thrust,Español,1990,9.6,verificado
Seed of Demon,Pop,Savage Thrust,Español,1990,9.6,verificado
Can’t Help Falling in Love,Pop,Al Martino,Español,1992,9.6,verificado
I Call Your Name,Pop,Billy J. Kramer,Español,1991,9.6,verificado
Change,Pop,The Lightning Seeds,Español,1995,9.6,verificado
Love Hit Me,Pop,Maxine Nightingale,Español,1990,9.6,verificado
¿Lo ves? (piano y voz),Pop,Alejandro Sanz,Español,1995,9.6,verificado
Mi soledad y yo,Pop,Alejandro Sanz,Español,1995,9.6,verificado
Försvarstal,Pop,Lars Winnerbäck,Español,1996,9.6,verificado
I Believe,Pop,Sounds of Blackness,Español,1994,9.6,verificado
When You Believe (from The Prince of Egypt),Pop,Mariah Carey,Español,1998,9.6,verificado
Madman Marz,Pop,Savage Thrust,Español,1990,9.6,verificado
Eat 'em Raw,Pop,Savage Thrust,Español,1990,9.6,verificado
The Trouble With Me Is You,Pop,Nat King Cole,Español,1997,9.6,verificado
Südlich von mir,Pop,Roland Kaiser,Español,1992,9.6,verificado
El amar y el querer,Pop,Azul Violeta,Español,1998,9.6,verificado
Lágrimas,Pop,Pastilla,Español,1998,9.6,verificado
Volcán,Pop,Mœnia,Español,1998,9.6,verificado
Shirley,Pop,Billy Bragg,Español,1999,9.6,verificado
Nimble Foot Ska,Reggae,The Skatalites,Español,1991,9.6,verificado
Don’t Blame Me,Punk,Marky Ramone and The Intruders,Español,1999,9.6,verificado
God,Punk,Public Image Ltd,Español,1992,9.6,verificado
Can't Die Tonight,Rock argentino,W.A.S.P.,Español,1999,9.5,verificado
High on the Flames,Rock argentino,W.A.S.P.,Español,1999,9.5,verificado
Truth or Consequence,Rock argentino,Anvil,Español,1996,9.5,verificado
Face Pull,Rock argentino,Anvil,Español,1996,9.5,verificado
Guilty,Rock argentino,Anvil,Español,1996,9.5,verificado
Piss Test,Rock argentino,Anvil,Español,1997,9.5,verificado
Black or White,Rock argentino,Anvil,Español,1997,9.5,verificado
Red Light,Rock argentino,Anvil,Español,1997,9.5,verificado
Dirty Balls,Rock argentino,W.A.S.P.,Español,1999,9.5,verificado
Drive By,Rock argentino,W.A.S.P.,Español,1999,9.5,verificado
Smokin’ Green,Rock argentino,Anvil,Español,1996,9.5,verificado
Deliberately Limited Preliminary Prelude Period in Z,Rock argentino,Helloween,Español,1998,9.5,verificado
Racial Hostility,Rock argentino,Anvil,Español,1996,9.5,verificado
Killer Hill,Rock argentino,Anvil,Español,1996,9.5,verificado
Rubber Neck,Rock argentino,Anvil,Español,1997,9.5,verificado
Green Jesus,Rock argentino,Anvil,Español,1997,9.5,verificado
Hair Pie,Rock argentino,Anvil,Español,1997,9.5,verificado
Five Knuckle Shuffle,Rock argentino,Anvil,Español,1996,9.5,verificado
Doctor Kevorkian,Rock argentino,Anvil,Español,1996,9.5,verificado
I’m Trying to Sleep,Rock argentino,Anvil,Español,1996,9.5,verificado
Destined for Doom,Rock argentino,Anvil,Español,1996,9.5,verificado
Hero by Death,Rock argentino,Anvil,Español,1997,9.5,verificado
Don't Cry (Just Suck),Rock argentino,W.A.S.P.,Español,1999,9.5,verificado
Hot Rods to Hell (Helldorado Reprise),Rock argentino,W.A.S.P.,Español,1999,9.5,verificado
Man on the Edge,Rock argentino,Iron Maiden,Español,1995,9.5,verificado
Shadowboxin’,Rock argentino,GZA/Genius,Español,1995,9.5,verificado
Betcha Can't Love Me Just Once,Rock argentino,Raydio,Español,1998,9.5,verificado
Save Me,Rock argentino,Leslie Parrish,Español,1997,9.5,verificado
Minneapolis Bass Treatment,Rock argentino,Neil Landstrumm,Español,1997,9.5,verificado
Fistful of Sand,Rock argentino,Five Iron Frenzy,Español,1997,9.5,verificado
Supertones Strike Back,Rock argentino,The O.C. Supertones,Español,1997,9.5,verificado
La pachanga,Rock argentino,Vilma Palma e Vampiros,Español,1997,9.5,verificado
Hamp's Hump,Funk,Galactic,Inglés,1998,9.5,verificado
Acid Attack,House,Avalanche,Inglés,1999,9.5,verificado
Release the Joy,House,Opus III,Inglés,1994,9.5,verificado
When She Rises,House,Opus III,Inglés,1994,9.5,verificado
Fantasy,Pop,Pete Escovedo,Inglés,1997,9.5,verificado
Poinciana cha cha,Pop,Poncho Sanchez,Inglés,1995,9.5,verificado
Sambacu,Pop,Pete Escovedo,Inglés,1997,9.5,verificado
Historia,Pop,Ricardo Arjona,Inglés,1999,9.5,verificado
La Familia,Pop,Pete Escovedo,Inglés,1997,9.5,verificado
Aquarius,Pop,Sérgio Mendes & Brasil '65,Inglés,1993,9.5,verificado
No te olvidaré,Pop,Gloria Estefan,Inglés,1990,9.5,verificado
Yo soy tiburón,Pop,Sierra Maestra,Inglés,1997,9.5,verificado
Sabor a mí,Pop,Lila Downs,Inglés,1999,9.5,verificado
Defect 1: Gene,Pop,Tom Zé,Inglés,1998,9.5,verificado
Emotiva no. 1,Pop,Badi Assad,Inglés,1997,9.5,verificado
Ruptura,Pop,Gipsy Kings,Inglés,1990,9.5,verificado
20 de diciembre,Pop,Rubén Blades,Inglés,1999,9.5,verificado
Boogaloo in Room 802,Pop,Willie Bobo,Inglés,1995,9.5,verificado
Claudia,Pop,Irakere,Inglés,1993,9.5,verificado
Píntate los labios María,Pop,Eliades Ochoa,Inglés,1999,9.5,verificado
Saludo compay,Pop,Eliades Ochoa,Inglés,1999,9.5,verificado
Sunset Boulevard,Pop,Cal Tjader,Inglés,1999,9.5,verificado
Es mentiroso,Pop,Olga Tañón,Inglés,1994,9.5,verificado
Don't Let Me Leave,Pop,Marc Anthony,Inglés,1999,9.5,verificado
Represento,Pop,Gilberto Santa Rosa,Inglés,1995,9.5,verificado
Vivir sin ella,Pop,Gilberto Santa Rosa,Inglés,1995,9.5,verificado
El negro está cocinando,Pop,Los Van Van,Inglés,1999,9.5,verificado
María (Spanish radio edit),Pop,Ricky Martin,Inglés,1995,9.5,verificado
No me vuelvo a enamorar,Pop,Gloria Estefan,Inglés,1990,9.5,verificado
Manila,Pop,Poncho Sanchez,Inglés,1996,9.5,verificado
Dulce amor,Pop,Poncho Sanchez,Inglés,1996,9.5,verificado
Little Sunflower,Pop,Arturo Sandoval,Inglés,1993,9.5,verificado
Co-Incidence,Trance,Voodoo People,Inglés,1994,9.5,verificado
Evolution,Trance,Man With No Name,Inglés,1994,9.5,verificado
Blue Owl,Trance,Art of Trance,Inglés,1996,9.5,verificado
Hypnotic,Trance,U.K.W,Inglés,1999,9.5,verificado
Believe,Trance,The Traveller & In Motion,Inglés,1999,9.5,verificado
Step Right On,Trance,Paul van Dyk,Inglés,1998,9.5,verificado
Stimuli,Trance,The Infinity Project,Inglés,1994,9.5,verificado
Sugar Rush,Trance,Man With No Name,Inglés,1994,9.5,verificado
Only Love Can Break Your Heart,Trance,Saint Etienne,Inglés,1994,9.5,verificado
Eugina (Pacific Diva),Trance,Salt Tank,Inglés,1994,9.5,verificado
Everyday,Trance,Agnelli & Nelson,Inglés,1999,9.5,verificado
Buthelezi Trump Card,Reggae,Mad Professor,Inglés,1995,9.5,verificado
Forward Not Back,Reggae,Dub Syndicate,Inglés,1992,9.5,verificado
Well Tuned Now,Reggae,Dub Syndicate,Inglés,1992,9.5,verificado
En algún lugar,Hard rock,Taifa,Español,1999,9.5,verificado
Donde me lleve el viento,Hard rock,Taifa,Español,1999,9.5,verificado
Arde el deseo,Hard rock,Taifa,Español,1999,9.5,verificado
Un mar de sueños,Hard rock,Taifa,Español,1999,9.5,verificado
Jesucristo García,Hard rock,Extremoduro,Español,1997,9.5,verificado
Y lo llamas amor,Hard rock,Taifa,Español,1999,9.5,verificado
Con el corazón,Hard rock,Taifa,Español,1999,9.5,verificado
Luna de cristal,Hard rock,Taifa,Español,1999,9.5,verificado
(Guitarra) Espejo de mi alma,Hard rock,Taifa,Español,1999,9.5,verificado
Detrás del sol,Hard rock,Taifa,Español,1999,9.5,verificado
Un nuevo día,Hard rock,Taifa,Español,1999,9.5,verificado
Amanece,Hard rock,Taifa,Español,1999,9.5,verificado
Pepe Botika (¿Dónde están mis amigos?),Hard rock,Extremoduro,Español,1997,9.5,verificado
Les Funérailles de Toutankhamon,Dance,Rinôçérôse,Español,1996,9.5,verificado
Super Distorsion Kid,Dance,Rinôçérôse,Español,1996,9.5,verificado
Bloodsport,Dance,Rinôçérôse,Español,1997,9.5,verificado
Rinôçérôse 3000 in Dub,Dance,Rinôçérôse,Español,1997,9.5,verificado
Blue (Da Ba Dee) (original Ice Pop radio edit),Dance,Eiffel 65,Español,1999,9.5,verificado
Knockin,Dance,Double Vision,Español,1994,9.5,verificado
Metal Mental Club,Dance,Rinôçérôse,Español,1997,9.5,verificado
Love Sees No Colour,Dance,U96,Español,1993,9.5,verificado
Pacific Motion,Dance,Rinôçérôse,Español,1996,9.5,verificado
Groove Machine 5,House,Dr. Alban,Español,1992,9.5,verificado
Back Into the Groove,House,2 Unlimited,Español,1998,9.5,verificado
Macarena (Bass Bumpers Radio Edit),House,Los del Río,Español,1995,9.5,verificado
Inner Life (529),Techno,Jeff Mills,Español,1997,9.5,verificado
Glitch,Techno,Jay Denham,Español,1998,9.5,verificado
Acidney,Techno,Mandala,Español,1994,9.5,verificado
Here’s Johnny,Techno,Hocus Pocus,Español,1993,9.5,verificado
My Life Is Hell,Techno,DJ Hell,Español,1994,9.5,verificado
Hemen nago,Techno,Esplendor Geométrico,Español,1997,9.5,verificado
Dali Bop Horizon,Techno,The Modernist,Español,1997,9.5,verificado
"No hagas el indio, haz el cherokee  ",Techno,Cherry Coke,Español,1995,9.5,verificado
Children of the Sea,Heavy metal,Jag Panzer,Español,1999,9.5,verificado
Saints in Hell,Heavy metal,Fates Warning,Español,1996,9.5,verificado
Are You Missin’ My Love?,Hip hop,Jesse Powell,Español,1998,9.5,verificado
Josie,Punk,blink‐182,Español,1997,9.5,verificado
3 Cheers for You,Punk,Marky Ramone and The Intruders,Español,1996,9.5,verificado
Nowhere Man,Punk,Marky Ramone and The Intruders,Español,1999,9.5,verificado
Puss,Rock argentino,The Jesus Lizard,Español,1992,9.4,verificado
La luna y tú,Rock argentino,Ráfaga,Español,1998,9.4,verificado
Hate Me Now,Rock argentino,Nas,Español,1999,9.4,verificado
Shifftee,Rock argentino,Onyx,Español,1993,9.4,verificado
Phat (’n’ All Dat),Rock argentino,Onyx,Español,1993,9.4,verificado
Les boys bandent,Rock argentino,MC Solaar,Español,1997,9.4,verificado
Boogie Down Brown,Rock argentino,Beginner,Español,1996,9.4,verificado
None of Your Business,Rock argentino,Salt‐N‐Pepa,Español,1993,9.4,verificado
Zoom,Rock argentino,MC Solaar,Español,1997,9.4,verificado
Just Another Day…,Rock argentino,Queen Latifah,Español,1993,9.4,verificado
Rap Miles,Rock argentino,Beginner,Español,1996,9.4,verificado
Get Funky Bulle,Rock argentino,Beginner,Español,1996,9.4,verificado
Dr. Octopuss TV,Rock argentino,Beginner,Español,1996,9.4,verificado
On est encore là,Rock argentino,Suprême NTM,Español,1998,9.4,verificado
K‐I‐SS‐I‐N‐G,Rock argentino,Nas,Español,1999,9.4,verificado
Hardcore sur le beat,Rock argentino,Suprême NTM,Español,1998,9.4,verificado
Is It You Girl,Rock argentino,Betty Wright,Español,1992,9.4,verificado
Go On Move,Rock argentino,Reel 2 Real,Español,1994,9.4,verificado
A Foggy Day,Rock argentino,Frank Sinatra,Español,1994,9.4,verificado
Crazy Ones,Rock argentino,Cathy Dennis,Español,1996,9.4,verificado
The Night the Lights Went Out (The Black Science NY Story Part 1),Rock argentino,The Trammps,Español,1998,9.4,verificado
Who’s Gonna Kiss That Man?,Rock argentino,Marisa Turner,Español,1995,9.4,verificado
Love of the Common People,Rock argentino,Nicky Thomas,Español,1995,9.4,verificado
Insecto urbano,Rock argentino,Ska-P,Español,1996,9.4,verificado
Paramilitar,Rock argentino,Ska-P,Español,1998,9.4,verificado
Juan sin Tierra,Rock argentino,Ska-P,Español,1998,9.4,verificado
Sectas,Rock argentino,Ska-P,Español,1996,9.4,verificado
Sexo y religión,Rock argentino,Ska-P,Español,1996,9.4,verificado
Animales de laboratorio,Rock argentino,Ska-P,Español,1996,9.4,verificado
España va bien,Rock argentino,Ska-P,Español,1998,9.4,verificado
Romero el madero,Rock argentino,Ska-P,Español,1996,9.4,verificado
La sesera no va,Rock argentino,Ska-P,Español,1996,9.4,verificado
No te pares,Rock argentino,Ska-P,Español,1996,9.4,verificado
Revistas del corazón,Rock argentino,Ska-P,Español,1996,9.4,verificado
Cannabis,Rock argentino,Ska-P,Español,1996,9.4,verificado
Simpático holgazán,Rock argentino,Ska-P,Español,1998,9.4,verificado
No me fío,Rock argentino,Luis Miguel,Español,1999,9.4,verificado
Dímelo en un beso,Rock argentino,Luis Miguel,Español,1999,9.4,verificado
Tu mirada,Rock argentino,Luis Miguel,Español,1999,9.4,verificado
Quiero,Rock argentino,Luis Miguel,Español,1999,9.4,verificado
"Sol, arena y mar",Rock argentino,Luis Miguel,Español,1999,9.4,verificado
O tú o ninguna,Rock argentino,Luis Miguel,Español,1999,9.4,verificado
Tú sólo tú,Rock argentino,Luis Miguel,Español,1999,9.4,verificado
Ese momento,Rock argentino,Luis Miguel,Español,1999,9.4,verificado
Soy yo,Rock argentino,Luis Miguel,Español,1999,9.4,verificado
Dale alegría a mi corazón,Rock argentino,Mercedes Sosa,Español,1993,9.4,verificado
Jungle Jazz,Funk,Kool & the Gang,Inglés,1993,9.4,verificado
Good for Your Heart,Funk,Mint Condition,Inglés,1993,9.4,verificado
"The Bertha Butt Boogie, Part 1",Funk,The Jimmy Castor Bunch,Inglés,1998,9.4,verificado
Southern Nights,Funk,Allen Toussaint,Inglés,1991,9.4,verificado
Funk the Dumb Stuff,Funk,Tower of Power,Inglés,1991,9.4,verificado
Get Up to Get Down,Funk,Brass Construction,Inglés,1993,9.4,verificado
Everybody Wants Some (Part 2),Funk,Galactic,Inglés,1996,9.4,verificado
Twilight,Funk,Maze,Inglés,1995,9.4,verificado
The Vision,Funk,Victor Wooten,Inglés,1996,9.4,verificado
It’s a New Day,Funk,James Brown,Inglés,1992,9.4,verificado
Changin',Funk,Brass Construction,Inglés,1993,9.4,verificado
Yinin' and Yangin',Funk,Victor Wooten,Inglés,1999,9.4,verificado
Movin' On,Funk,Mother’s Finest,Inglés,1990,9.4,verificado
Turn Me Loose,Funk,Roy Ayers,Inglés,1995,9.4,verificado
It All Comes Back,Funk,Tower of Power,Inglés,1993,9.4,verificado
Mama Lied,Funk,Tower of Power,Inglés,1993,9.4,verificado
The Urban Turban,Funk,Victor Wooten,Inglés,1999,9.4,verificado
The Thang,Funk,Lou Donaldson,Inglés,1998,9.4,verificado
Space Cowboy (Babinstrumental),Funk,Jamiroquai,Inglés,1994,9.4,verificado
I’m a Good Woman,Funk,Cold Blood,Inglés,1995,9.4,verificado
Come on With It,Funk,Tower of Power,Inglés,1993,9.4,verificado
Renaissance (I'm Coming Home),Dance,M People,Inglés,1994,9.4,verificado
Elisir,Dance,Gigi D’Agostino,Inglés,1999,9.4,verificado
Night Returning,Dance,Sister Machine Gun,Inglés,1993,9.4,verificado
One More Night,Dance,Amber,Inglés,1999,9.4,verificado
Hello,Dance,The Beloved,Inglés,1990,9.4,verificado
Everybody,Dance,Backstreet Boys,Inglés,1998,9.4,verificado
Jazz It Up,Dance,Reel 2 Real,Inglés,1996,9.4,verificado
"Uh, Ungawaa!",Dance,The Jock Jams Cheerleaders,Inglés,1995,9.4,verificado
100% Pure Love,Dance,Crystal Waters,Inglés,1997,9.4,verificado
Point of No Return,Dance,Exposé,Inglés,1996,9.4,verificado
Fired Up!,House,Funky Green Dogs,Inglés,1996,9.4,verificado
Musiek,House,The Man,Inglés,1997,9.4,verificado
Immerse,House,Outa the Blue,Inglés,1997,9.4,verificado
Spirit Catcher,House,The Mod Wheel,Inglés,1997,9.4,verificado
Filter,House,Jan Driver,Inglés,1998,9.4,verificado
Feel This,House,Robbie Rivera,Inglés,1999,9.4,verificado
Get Funky,House,Circuit Boy,Inglés,1998,9.4,verificado
Bodega Queen,House,Bodega Queen,Inglés,1998,9.4,verificado
Beautiful Love (extended),House,Adeva,Inglés,1990,9.4,verificado
You’re the Reason,House,Wamdue Project,Inglés,1998,9.4,verificado
Off,House,Motorbass,Inglés,1996,9.4,verificado
Schars World,House,Fly by Wire,Inglés,1997,9.4,verificado
Global Grooves,House,Acorn Arts,Inglés,1997,9.4,verificado
Push It (Calderone dub),House,Garbage,Inglés,1999,9.4,verificado
Theme From Love (Hex Drum dub),House,De Giacomo,Inglés,1999,9.4,verificado
FX (Mayday Upgrade),House,A Guy Called Gerald,Inglés,1990,9.4,verificado
Manual,House,Continuous Cool,Inglés,1997,9.4,verificado
You Go Girl,House,Fierce Men on Wax,Inglés,1998,9.4,verificado
If Madonna Calls...,House,Junior Vasquez,Inglés,1998,9.4,verificado
It's Not Over,House,Inhouse,Inglés,1998,9.4,verificado
Walk 4 Me,House,Tronco Traxx,Inglés,1998,9.4,verificado
Drama,House,Club 69,Inglés,1998,9.4,verificado
LSD,House,DJ HMC,Inglés,1997,9.4,verificado
Flash,House,Kosmic Messenger,Inglés,1997,9.4,verificado
Get Busy,House,Mr. Lee,Inglés,1990,9.4,verificado
I’'s Over Now (Hex Hector dub),House,Deborah Cox,Inglés,1999,9.4,verificado
Lummox,House,Lux-Trax,Inglés,1997,9.4,verificado
Sonar,House,Sarcoblast,Inglés,1997,9.4,verificado
Computer Talk,House,Primordial Soup,Inglés,1997,9.4,verificado
Supermodel (You Better Work),House,RuPaul,Inglés,1998,9.4,verificado
Work Me Gadamit,House,Old School Junkies,Inglés,1998,9.4,verificado
The Message,House,Zen Experience,Inglés,1998,9.4,verificado
Acid Wiss (L),House,DJ Skull,Inglés,1997,9.4,verificado
Run,House,DJ Funk,Inglés,1998,9.4,verificado
Impact,House,Sound Enforcer,Inglés,1997,9.4,verificado
I Want to Fall,House,Freaky Chakra,Inglés,1997,9.4,verificado
Do It Properly,House,The Collaboration,Inglés,1999,9.4,verificado
Fabulous,House,Motorbass,Inglés,1996,9.4,verificado
Hot,House,Purveyors of Fine Funk,Inglés,1997,9.4,verificado
Groovejet,House,Spiller,Inglés,1999,9.4,verificado
Genius,House,Motorbass,Inglés,1996,9.4,verificado
Raw Update,House,Technotronic,Inglés,1990,9.4,verificado
Loca Vida: Tu Chocha a Pesta,House,Funkella,Inglés,1998,9.4,verificado
I'm Talking to You (Bitch),House,Shampale Cartier,Inglés,1998,9.4,verificado
La Puta,House,Rosabel,Inglés,1998,9.4,verificado
"Shame, Shame, Shame",House,Lady Bunny,Inglés,1998,9.4,verificado
Are You There,House,Wink,Inglés,1997,9.4,verificado
Revolution 909 (a cappella),House,Daft Punk,Inglés,1996,9.4,verificado
Guru Mother,House,Opus III,Inglés,1994,9.4,verificado
Hold That Sucker Down (radio edit),House,O.T. Quartet,Inglés,1994,9.4,verificado
Pigsty,House,Funky Green Dogs,Inglés,1996,9.4,verificado
The Resurrection E.P.,House,Medway,Inglés,1998,9.4,verificado
If I Fall (Jay’s Urban dub),House,Naked Music NYC,Inglés,1998,9.4,verificado
Solid Space Business,House,Attaboy,Inglés,1998,9.4,verificado
Psionic,House,Mana,Inglés,1998,9.4,verificado
Love Catalogue,House,Bassomatic,Inglés,1990,9.4,verificado
Ease on By,House,Bassomatic,Inglés,1990,9.4,verificado
Amour,House,Porn Kings,Inglés,1999,9.4,verificado
"Papua New Guinea, Part Two",House,The Future Sound of London,Inglés,1996,9.4,verificado
Autobahnana,House,Mortal,Inglés,1998,9.4,verificado
I Love You,House,Electrotête,Inglés,1996,9.4,verificado
Steffan,House,Stef,Inglés,1999,9.4,verificado
Shecan,House,L.S.G.,Inglés,1999,9.4,verificado
Then Came You,House,Euphonic 7,Inglés,1998,9.4,verificado
Da Ya Think I’m Sexy? (radio edit),House,N‐Trance,Inglés,1997,9.4,verificado
Turn Me On,House,Danny Tenaglia,Inglés,1998,9.4,verificado
Read My Lips,House,Danny Tenaglia,Inglés,1998,9.4,verificado
Un pépé dans la dentelle,House,Pépé Bradock,Inglés,1998,9.4,verificado
In the Realm of the Senses,House,Bassomatic,Inglés,1990,9.4,verificado
Zombie Mantra,House,Bassomatic,Inglés,1990,9.4,verificado
Noticias Uno,House,Funky Green Dogs,Inglés,1996,9.4,verificado
She and Mrs. Jones,House,Lords of Acid,Inglés,1994,9.4,verificado
Phantoms in the Mirror,Heavy metal,W.A.S.P.,Inglés,1998,9.4,verificado
Chainsaw Charlie (Murders in the New Morgue),Heavy metal,W.A.S.P.,Inglés,1992,9.4,verificado
Seventh Sign,Heavy metal,Yngwie Malmsteen,Inglés,1998,9.4,verificado
The Eulogy,Heavy metal,W.A.S.P.,Inglés,1992,9.4,verificado
America,Heavy metal,Motörhead,Inglés,1992,9.4,verificado
(Don’t Let ’Em) Grind Ya Down,Heavy metal,Motörhead,Inglés,1992,9.4,verificado
Hell Patrol,Heavy metal,Raven,Inglés,1991,9.4,verificado
Vicious Rumors,Heavy metal,Blitzkrieg,Inglés,1998,9.4,verificado
Bad Times,Heavy metal,Tygers of Pan Tang,Inglés,1993,9.4,verificado
Blitzkrieg,Heavy metal,Blitzkrieg,Inglés,1992,9.4,verificado
Hold On,Heavy metal,Tribe After Tribe,Inglés,1993,9.4,verificado
Blitzkrieg (demo),Heavy metal,Blitzkrieg,Inglés,1990,9.4,verificado
Smell of Roses,Heavy metal,Blitzkrieg,Inglés,1998,9.4,verificado
I Am the Doctor (Who Are You?),Heavy metal,Blitzkrieg,Inglés,1998,9.4,verificado
Jealous Love,Heavy metal,Blitzkrieg,Inglés,1995,9.4,verificado
No Class,Heavy metal,Motörhead,Inglés,1992,9.4,verificado
Halford Finds Priest (interview),Heavy metal,Judas Priest,Inglés,1995,9.4,verificado
What’s in a Name (interview),Heavy metal,Judas Priest,Inglés,1995,9.4,verificado
The Mighty 'A',Heavy metal,Blitzkrieg,Inglés,1998,9.4,verificado
Interview With Lemmy,Heavy metal,Motörhead,Inglés,1997,9.4,verificado
Rising Force,Heavy metal,Yngwie Malmsteen,Inglés,1998,9.4,verificado
Heart of Stone,Heavy metal,Motörhead,Inglés,1992,9.4,verificado
If I Leave,Heavy metal,Freak of Nature,Inglés,1993,9.4,verificado
Countess Bathory,Heavy metal,Blitzkrieg,Inglés,1995,9.4,verificado
Taking Care of Business,Heavy metal,Blitzkrieg,Inglés,1995,9.4,verificado
Princess for the World,Heavy metal,Blitzkrieg,Inglés,1998,9.4,verificado
Take a Look Around,Heavy metal,Blitzkrieg,Inglés,1995,9.4,verificado
The Wraith,Heavy metal,Blitzkrieg,Inglés,1995,9.4,verificado
Let’s Go Outside,Heavy metal,Tribe After Tribe,Inglés,1993,9.4,verificado
Nikita,Heavy metal,Tribe After Tribe,Inglés,1993,9.4,verificado
The Chase Is Better Than the Catch,Heavy metal,Motörhead,Inglés,1992,9.4,verificado
Don't Take Nothing,Heavy metal,Tygers of Pan Tang,Inglés,1993,9.4,verificado
Last Caress / Am I Evil? / Battery,Heavy metal,Metallica,Inglés,1992,9.4,verificado
Gull Records (interview),Heavy metal,Judas Priest,Inglés,1995,9.4,verificado
I Am One,Heavy metal,W.A.S.P.,Inglés,1992,9.4,verificado
I Wanna Be Somebody,Heavy metal,W.A.S.P.,Inglés,1992,9.4,verificado
Braveheart,Heavy metal,Yngwie Malmsteen,Inglés,1998,9.4,verificado
Halloween,Heavy metal,Impellitteri,Inglés,1997,9.4,verificado
Everything Is You,Heavy metal,Impellitteri,Inglés,1997,9.4,verificado
On and On,Heavy metal,Impellitteri,Inglés,1997,9.4,verificado
World of Promise,Heavy metal,Tribe After Tribe,Inglés,1993,9.4,verificado
Congo Sky,Heavy metal,Tribe After Tribe,Inglés,1993,9.4,verificado
Delight,Heavy metal,Tribe After Tribe,Inglés,1993,9.4,verificado
Ice Below,Heavy metal,Tribe After Tribe,Inglés,1993,9.4,verificado
I Spit,Heavy metal,Tribe After Tribe,Inglés,1993,9.4,verificado
Proud & Beautiful,Heavy metal,Tribe After Tribe,Inglés,1993,9.4,verificado
House of Pleasure,Heavy metal,Blitzkrieg,Inglés,1995,9.4,verificado
Hair Trigger (Pull the Trigger),Heavy metal,Blitzkrieg,Inglés,1995,9.4,verificado
Unholy Trinity,Heavy metal,Blitzkrieg,Inglés,1995,9.4,verificado
Opening Theme,Heavy metal,Saxon,Inglés,1990,9.4,verificado
Easy Way Out,Heavy metal,Blitzkrieg,Inglés,1995,9.4,verificado
"I Was Having a Great Time and Stayed Longer Than I Should, So When I Got to the Railway Station, the Last Train Had Gone!",Heavy metal,Blitzkrieg,Inglés,1998,9.4,verificado
Calming the Savage Beast,Heavy metal,Blitzkrieg,Inglés,1995,9.4,verificado
(We Are) The Road Crew,Heavy metal,Motörhead,Inglés,1992,9.4,verificado
Turn the Other Way,Heavy metal,Freak of Nature,Inglés,1993,9.4,verificado
The Spell,Heavy metal,Tribe After Tribe,Inglés,1993,9.4,verificado
Dance of the Wu Li Masters,Heavy metal,Tribe After Tribe,Inglés,1993,9.4,verificado
Field of Dreams,Heavy metal,Blitzkrieg,Inglés,1995,9.4,verificado
Another Interview?,Heavy metal,Blitzkrieg,Inglés,1998,9.4,verificado
Love's Too Late,Heavy metal,Blitzkrieg,Inglés,1998,9.4,verificado
After Dark,Heavy metal,Blitzkrieg,Inglés,1995,9.4,verificado
Zip,Heavy metal,Blitzkrieg,Inglés,1995,9.4,verificado
Closer to Home,Heavy metal,Helloween,Inglés,1994,9.4,verificado
Bleed in Silence,Heavy metal,Impellitteri,Inglés,1997,9.4,verificado
Fuel for the Fire,Heavy metal,Impellitteri,Inglés,1997,9.4,verificado
Hard Ride,Heavy metal,Raven,Inglés,1991,9.4,verificado
The Invisible Boy,Heavy metal,W.A.S.P.,Inglés,1992,9.4,verificado
The Great Misconception of Me,Heavy metal,W.A.S.P.,Inglés,1992,9.4,verificado
Listen With Nicko! Part III,Heavy metal,Iron Maiden,Inglés,1990,9.4,verificado
The Real Me,Heavy metal,W.A.S.P.,Inglés,1992,9.4,verificado
Gates of Babylon,Heavy metal,Yngwie Malmsteen,Inglés,1998,9.4,verificado
Never Die,Heavy metal,Yngwie Malmsteen,Inglés,1998,9.4,verificado
Struck a Nerve (demo),Heavy metal,Machine Head,Inglés,1997,9.4,verificado
Throw Down,Heavy metal,Shaun Baxter,Inglés,1993,9.4,verificado
Tear Ya Down,Heavy metal,Motörhead,Inglés,1997,9.4,verificado
Priest Finds Audience (interview),Heavy metal,Judas Priest,Inglés,1995,9.4,verificado
Dual Guitars (interview),Heavy metal,Judas Priest,Inglés,1995,9.4,verificado
Call It Love,Dance,Deuce,Inglés,1995,9.4,verificado
Say You’ll Be There (Junior’s Main Pass),Dance,Spice Girls,Inglés,1996,9.4,verificado
U R the Best Thing,Dance,D:Ream,Inglés,1993,9.4,verificado
GTI,Techno,Steve Stoll,Inglés,1998,9.4,verificado
Model T,Techno,Steve Stoll,Inglés,1998,9.4,verificado
Reciproheat,Techno,Steve Stoll,Inglés,1998,9.4,verificado
Slipstream,Techno,Steve Stoll,Inglés,1998,9.4,verificado
Drop Zone,Techno,Steve Stoll,Inglés,1998,9.4,verificado
Funky,Techno,Julian Sandell,Inglés,1999,9.4,verificado
Love (This Way),Techno,Ulanbator,Inglés,1993,9.4,verificado
Choke on It,Techno,Mongoose,Inglés,1999,9.4,verificado
Containment,Techno,Portion Reform,Inglés,1998,9.4,verificado
Coherance,Techno,Chris McCormack,Inglés,1998,9.4,verificado
Funky,Techno,Mark Verbos,Inglés,1999,9.4,verificado
Hard,Techno,Mark Verbos,Inglés,1999,9.4,verificado
Q,Techno,Fawn,Inglés,1995,9.4,verificado
Cycle,Techno,Fawn,Inglés,1995,9.4,verificado
Cool Hand Flute,Techno,Fluke,Inglés,1993,9.4,verificado
Wave,Techno,Surgeon,Inglés,1996,9.4,verificado
Sleeping Giants,Techno,Millsart,Inglés,1997,9.4,verificado
Trance in Saigon,Techno,Pablo Gargano,Inglés,1997,9.4,verificado
Vier Megahertz,Techno,Der Dritte Raum,Inglés,1996,9.4,verificado
Gama,Techno,Tony Brown,Inglés,1996,9.4,verificado
In-Tbilisi,Techno,Female,Inglés,1997,9.4,verificado
Rise,Techno,Regis,Inglés,1999,9.4,verificado
Slave,Techno,Female,Inglés,1996,9.4,verificado
Language Barrier,Techno,Surgeon,Inglés,1995,9.4,verificado
Barrier Method,Techno,Surgeon,Inglés,1995,9.4,verificado
Seconds of Joy,Techno,Female,Inglés,1998,9.4,verificado
Solution (music),Techno,Regis,Inglés,1999,9.4,verificado
Cold Water,Techno,Regis,Inglés,1996,9.4,verificado
Careless Pedestrian,Techno,Regis,Inglés,1996,9.4,verificado
Dark and Long,Techno,Underworld,Inglés,1995,9.4,verificado
Red 2,Techno,Dave Clarke,Inglés,1997,9.4,verificado
Untitled,Techno,Regis,Inglés,1996,9.4,verificado
Initial Order,Techno,Hostage,Inglés,1993,9.4,verificado
Drill,Techno,Portion Reform,Inglés,1997,9.4,verificado
Space Travel,Techno,Linea Alba,Inglés,1991,9.4,verificado
Sonar Sequences,Techno,U96,Inglés,1992,9.4,verificado
Distant Drum,Techno,Distant Drums,Inglés,1997,9.4,verificado
Credits,Techno,Tom Celsys,Inglés,1997,9.4,verificado
"Paragon, Part 2",Techno,Leo Anibaldi,Inglés,1996,9.4,verificado
"Evidence, Part 2",Techno,Leo Anibaldi,Inglés,1996,9.4,verificado
"Void, Part 2",Techno,Leo Anibaldi,Inglés,1996,9.4,verificado
Pure (Energy),Techno,GTO,Inglés,1990,9.4,verificado
Sprung aus den Wolken,Techno,DJ Hell,Inglés,1995,9.4,verificado
The New Wave (full length),Techno,Daft Punk,Inglés,1994,9.4,verificado
Aquarius,Techno,Laurent Garnier,Inglés,1995,9.4,verificado
Rachando o Bico,Techno,Laurent Garnier,Inglés,1995,9.4,verificado
8th Wonder,Techno,Stacey Pullen,Inglés,1996,9.4,verificado
Optic,Techno,Surgeon,Inglés,1996,9.4,verificado
Particle,Techno,Surgeon,Inglés,1996,9.4,verificado
Lose No Time,Techno,Darren Price,Inglés,1997,9.4,verificado
Skin Test,Techno,Female,Inglés,1998,9.4,verificado
Made in Two Minutes (Prodigy),Techno,Bug Kann & The Plastic Jam,Inglés,1994,9.4,verificado
E-Dancer,Techno,Kevin Saunderson,Inglés,1996,9.4,verificado
Sizzling Love,Techno,PH 1,Inglés,1995,9.4,verificado
Birth of a Disco Dancer,Techno,Reload,Inglés,1995,9.4,verificado
Inside the Line,Techno,Female,Inglés,1997,9.4,verificado
Viva,Techno,Female,Inglés,1997,9.4,verificado
Narkose,Techno,Der Dritte Raum,Inglés,1996,9.4,verificado
Captivate,Techno,Jeff Mills,Inglés,1996,9.4,verificado
3rd From the Sun,Techno,Dan Curtin,Inglés,1995,9.4,verificado
In-Istanbul,Techno,Female,Inglés,1997,9.4,verificado
[untitled],Techno,Umek,Inglés,1998,9.4,verificado
Unrest,Techno,Portion Reform,Inglés,1998,9.4,verificado
The Antidote,Techno,A+E Dept,Inglés,1999,9.4,verificado
Cubes,Techno,Modular Expansion,Inglés,1991,9.4,verificado
Deep,Techno,Mark Verbos,Inglés,1999,9.4,verificado
Surface,Techno,Regis,Inglés,1996,9.4,verificado
Cross Country,Techno,Regis,Inglés,1996,9.4,verificado
Resident,Techno,Portion Reform,Inglés,1998,9.4,verificado
Who Is Elvis?,Techno,Interactive,Inglés,1992,9.4,verificado
Pigalle,Techno,Laurent Garnier,Inglés,1995,9.4,verificado
Cold Steel,Techno,Female,Inglés,1997,9.4,verificado
"Disturbance, Part 2",Techno,Female,Inglés,1997,9.4,verificado
Klip,Techno,Fawn,Inglés,1995,9.4,verificado
Mind to Mind,Techno,Second Phase,Inglés,1991,9.4,verificado
My Dream,Trance,ATB,Inglés,1999,9.4,verificado
Lost You Somewhere  ,Trance,Chicane,Inglés,1997,9.4,verificado
Red Skies,Trance,Chicane,Inglés,1997,9.4,verificado
Three Minute Hero,Ska,The Selecter,Inglés,1996,9.4,verificado
History Book Version,Ska,The Toasters,Inglés,1992,9.4,verificado
Little Bitch,Ska,The Specials,Inglés,1996,9.4,verificado
Whipping Boy,Ska,Less Than Jake,Inglés,1995,9.4,verificado
Rocksteady Breakfast,Ska,Bad Manners,Inglés,1994,9.4,verificado
Ploughshares Into Guns,Ska,The Toasters,Inglés,1992,9.4,verificado
Too Much Pressure ’96,Ska,The Selecter,Inglés,1996,9.4,verificado
Ain't No Place Like Home,Rap,DJ Jazzy Jeff & the Fresh Prince,Español,1993,9.4,verificado
Slave to the Music,Dance,Twenty 4 Seven,Español,1993,9.4,verificado
When I Fall in Love,House,A:xus,Español,1998,9.4,verificado
Who Stole It?,House,Snap!,Español,1992,9.4,verificado
I Am Ready,House,2 Unlimited,Español,1998,9.4,verificado
I Can Love Forever (techno radio),House,John Wesley,Español,1998,9.4,verificado
Technocat,House,Tom Wilson,Español,1995,9.4,verificado
Tremendous Pain (Suite 904),House,Yello,Español,1995,9.4,verificado
Give a Little Love,House,Ziggy Marley and the Melody Makers,Español,1991,9.4,verificado
The First Rebirth,House,Jones & Stephenson,Español,1993,9.4,verificado
Back in My Life (club vocal),House,Alice DeeJay,Español,1999,9.4,verificado
The Funk Phenomena,House,Armand van Helden,Español,1995,9.4,verificado
I Can Love Forever (maxi techno),House,John Wesley,Español,1998,9.4,verificado
I Can Love Forever (maxi club),House,John Wesley,Español,1998,9.4,verificado
It's A Fine Day,House,jenny01,Español,1999,9.4,verificado
Dreams of Spain,Pop,Charo,Español,1994,9.4,verificado
El último verano,Pop,Julio Iglesias,Español,1995,9.4,verificado
Por amor,Pop,José Luis Perales,Español,1994,9.4,verificado
El amor,Pop,José Luis Perales,Español,1994,9.4,verificado
Ven devórame otra vez,Pop,Azúcar Moreno,Español,1990,9.4,verificado
Sin excusas ni rodeos,Pop,Julio Iglesias,Español,1995,9.4,verificado
Cosas de la vida,Pop,Julio Iglesias,Español,1995,9.4,verificado
Mal de amores,Pop,Julio Iglesias,Español,1995,9.4,verificado
Te quiero,Pop,José Luis Perales,Español,1994,9.4,verificado
Si...,Pop,José Luis Perales,Español,1994,9.4,verificado
Nadie como ella,Pop,Marc Anthony,Español,1995,9.4,verificado
Tiempo en una botella,Pop,Ricardo Arjona,Español,1992,9.4,verificado
Pero a tu lado,Pop,Los Secretos,Español,1996,9.4,verificado
Derroche,Pop,Julio Iglesias,Español,1995,9.4,verificado
Danzón,Hip hop,Control Machete,Español,1999,9.4,verificado
Grita,Hip hop,Control Machete,Español,1999,9.4,verificado
I’ll Close My Eyes,Soul,Jimmy Smith,Español,1994,9.4,verificado
The Barber of Seville: Overture,House,London Festival Orchestra,Español,1990,9.4,verificado
El Carnal de las Estrellas,Punk,Molotov,Español,1998,9.4,verificado
World’s on Heroin,Punk,ALL,Español,1998,9.4,verificado
Captain Hook,Punk,Bowling for Soup,Español,1998,9.4,verificado
Ack!!,Punk,Bowling for Soup,Español,1998,9.4,verificado
Le Renard,Punk,Bérurier Noir,Español,1990,9.4,verificado
La Nuit noire,Punk,Bérurier Noir,Español,1990,9.4,verificado
La Mort au choix,Punk,Bérurier Noir,Español,1990,9.4,verificado
On a faim,Punk,Bérurier Noir,Español,1990,9.4,verificado
Lobotomie,Punk,Bérurier Noir,Español,1990,9.4,verificado
Petit Agité,Punk,Bérurier Noir,Español,1990,9.4,verificado
Tight Black Pants,Punk,Plasmatics,Español,1993,9.4,verificado
Thespian,Punk,Bowling for Soup,Español,1998,9.4,verificado
Cody,Punk,Bowling for Soup,Español,1998,9.4,verificado
I Don’t Know,Punk,Bowling for Soup,Español,1998,9.4,verificado
2113,Punk,Bowling for Soup,Español,1998,9.4,verificado
Manifeste,Punk,Bérurier Noir,Español,1990,9.4,verificado
Mineurs en danger,Punk,Bérurier Noir,Español,1990,9.4,verificado
Protesta,Punk,Bérurier Noir,Español,1990,9.4,verificado
If the Kids Are United,Punk,Bérurier Noir,Español,1990,9.4,verificado
Ibrahim,Punk,Bérurier Noir,Español,1990,9.4,verificado
Lust for Glory,Punk,Angelic Upstarts,Español,1994,9.4,verificado
Corndog,Punk,Bowling for Soup,Español,1998,9.4,verificado
Wisk,Punk,Bowling for Soup,Español,1998,9.4,verificado
Fuck Christmas,Punk,Bad Religion,Español,1994,9.4,verificado
Vivre libre ou mourir,Punk,Bérurier Noir,Español,1990,9.4,verificado
Il tua son petit frère,Punk,Bérurier Noir,Español,1990,9.4,verificado
Camouflage,Punk,Bérurier Noir,Español,1990,9.4,verificado
Panik,Punk,Bérurier Noir,Español,1990,9.4,verificado
Les Béruriers sont les rois,Punk,Bérurier Noir,Español,1998,9.4,verificado
Vive l’armée… du salut,Rock argentino,Molodoï,Español,1991,9.3,verificado
Ultranol,Rock argentino,Blur,Español,1995,9.3,verificado
Angel,Rock argentino,Pearl Jam,Español,1993,9.3,verificado
Stay With Me,Rock argentino,Manic Street Preachers,Español,1994,9.3,verificado
Little Bones,Rock argentino,The Tragically Hip,Español,1991,9.3,verificado
Come as You Are,Rock argentino,Nirvana,Español,1995,9.3,verificado
Mars Landing Party,Rock argentino,Placebo,Español,1998,9.3,verificado
Irrécupérables,Rock argentino,Molodoï,Español,1991,9.3,verificado
Hasta tu estrella,Rock argentino,Noir Désir,Español,1997,9.3,verificado
Strip It Down,Rock argentino,Manic Street Preachers,Español,1990,9.3,verificado
Love Torn Us Under,Rock argentino,Manic Street Preachers,Español,1994,9.3,verificado
Montana/Autumn/78,Rock argentino,Manic Street Preachers,Español,1998,9.3,verificado
Threadneedle Street,Rock argentino,Blur,Español,1994,9.3,verificado
Vulgar Before Me,Rock argentino,Candlebox,Español,1995,9.3,verificado
Mr. Jones,Rock argentino,Counting Crows,Español,1997,9.3,verificado
About a Girl,Rock argentino,Nirvana,Español,1992,9.3,verificado
This IS a Rebel Song,Rock argentino,Sinéad O’Connor,Español,1997,9.3,verificado
You Don’t Care About Us (radio edit),Rock argentino,Placebo,Español,1998,9.3,verificado
Territorial Pissings,Rock argentino,Nirvana,Español,1995,9.3,verificado
The Innocence of Sleep,Rock argentino,Placebo,Español,1998,9.3,verificado
Last Exit on Yesterday,Rock argentino,Manic Street Preachers,Español,1990,9.3,verificado
Dandy Rock CLub,Rock argentino,DDT,Español,1996,9.3,verificado
Outro,Rock argentino,MC Solaar,Español,1997,9.3,verificado
Le 11e Choc,Rock argentino,MC Solaar,Español,1997,9.3,verificado
Intro,Rock argentino,MC Solaar,Español,1997,9.3,verificado
And To Beauty,Rock argentino,Brian Hughes,Español,1996,9.3,verificado
What About Me,Rock argentino,Haddaway,Español,1997,9.3,verificado
My Way,Grunge,Pearl Jam,Inglés,1994,9.3,verificado
Sitting on the Dock of the Bay,Grunge,Pearl Jam,Inglés,1994,9.3,verificado
Satan's Bed,Grunge,Pearl Jam,Inglés,1994,9.3,verificado
Once,Grunge,Pearl Jam,Inglés,1994,9.3,verificado
Love,Grunge,Poster Children,Inglés,1991,9.3,verificado
Crawl,Grunge,Soul Asylum,Inglés,1995,9.3,verificado
Hollow,Grunge,Mind Funk,Inglés,1993,9.3,verificado
Drowning,Grunge,Mind Funk,Inglés,1993,9.3,verificado
Mayonnaise and Malaise,Grunge,Local H,Inglés,1995,9.3,verificado
Touch Me I'm Sick,Grunge,Mudhoney,Inglés,1998,9.3,verificado
What Are We Taking?,Grunge,Seaweed,Inglés,1999,9.3,verificado
Krist's Eulogy,Grunge,Nirvana,Inglés,1996,9.3,verificado
Zootiehead,Grunge,Mind Funk,Inglés,1993,9.3,verificado
In the Way Eye,Grunge,Mind Funk,Inglés,1993,9.3,verificado
Teen Lambchop,Grunge,Wellwater Conspiracy,Inglés,1999,9.3,verificado
Indifference,Grunge,Pearl Jam,Inglés,1994,9.3,verificado
Boys in Blue,Grunge,Janitor Joe,Inglés,1993,9.3,verificado
Bee Girl,Grunge,Pearl Jam,Inglés,1994,9.3,verificado
Bold Leaps of Unreason... Part II,Grunge,Jack Endino,Inglés,1992,9.3,verificado
Thistle Suit,Grunge,Tad,Inglés,1995,9.3,verificado
Weakling,Grunge,Tad,Inglés,1995,9.3,verificado
Hold Me,Grunge,Pearl Jam,Inglés,1994,9.3,verificado
Porch,Grunge,Pearl Jam,Inglés,1994,9.3,verificado
Rats,Grunge,Pearl Jam,Inglés,1994,9.3,verificado
Blood,Grunge,Pearl Jam,Inglés,1994,9.3,verificado
Last Exit,Grunge,Pearl Jam,Inglés,1994,9.3,verificado
Tremor Void,Grunge,Three Fish,Inglés,1999,9.3,verificado
Bite My Hand,Grunge,Sweet 75,Inglés,1996,9.3,verificado
HIV Baby,Grunge,Soundgarden,Inglés,1994,9.3,verificado
Hogwallow,Grunge,Mind Funk,Inglés,1993,9.3,verificado
Billygoat,Grunge,Mind Funk,Inglés,1993,9.3,verificado
Goddess,Grunge,Mind Funk,Inglés,1993,9.3,verificado
In the Middle,Grunge,Seaweed,Inglés,1999,9.3,verificado
Change Has Come,Grunge,Screaming Trees,Inglés,1991,9.3,verificado
Courtney Love's Complete Eulogy for Kurt Cobain,Grunge,Nirvana,Inglés,1994,9.3,verificado
Love Canal,Grunge,Melvins,Inglés,1992,9.3,verificado
Big Metal Birds,Grunge,Janitor Joe,Inglés,1993,9.3,verificado
State of Love and Trust,Grunge,Pearl Jam,Inglés,1992,9.3,verificado
W.M.A.,Grunge,Pearl Jam,Inglés,1994,9.3,verificado
Fuck Me in the Brain,Grunge,Pearl Jam,Inglés,1994,9.3,verificado
Bubbles,Grunge,Bush,Inglés,1995,9.3,verificado
When I Ran Off & Left Her,Grunge,Soul Asylum,Inglés,1996,9.3,verificado
11 Ton Butterfly,Grunge,Mind Funk,Inglés,1993,9.3,verificado
Jefferson Experiment,Grunge,Wellwater Conspiracy,Inglés,1999,9.3,verificado
Dementia,Grunge,Tad,Inglés,1995,9.3,verificado
Crazyhorse Mongoose,Funk,Galactic,Inglés,1998,9.3,verificado
Witch Doctor,Funk,Galactic,Inglés,1998,9.3,verificado
Wonderful World,Techno,Tin Star,Inglés,1998,9.3,verificado
Paris France,Techno,Lords of Acid,Inglés,1996,9.3,verificado
"Digital Percussion, Part 1",Techno,Black One,Inglés,1995,9.3,verificado
Channelin,Techno,DJ Hyperactive,Inglés,1997,9.3,verificado
Behold,Techno,E-Dancer,Inglés,1998,9.3,verificado
AK47,Techno,Space DJz,Inglés,1998,9.3,verificado
Yahoo,Techno,Radioactive Goldfish,Inglés,1992,9.3,verificado
What the Hell,Techno,Radioactive Goldfish,Inglés,1992,9.3,verificado
Algorithm E.,Techno,Radioactive Goldfish,Inglés,1992,9.3,verificado
Psychopathic,Techno,Radioactive Goldfish,Inglés,1992,9.3,verificado
B2,Techno,Grain,Inglés,1999,9.3,verificado
User (02)-B2,Techno,Richard Harvey,Inglés,1999,9.3,verificado
Captivater,Techno,Jeff Mills,Inglés,1997,9.3,verificado
[untitled],Techno,Jeff Mills,Inglés,1994,9.3,verificado
More Phantom,Techno,Derrick May,Inglés,1997,9.3,verificado
Starlight,Techno,Model 500,Inglés,1995,9.3,verificado
2 BAD,Techno,Chosen Effect,Inglés,1998,9.3,verificado
Kung Kung Ka,Techno,CJ Bolland,Inglés,1996,9.3,verificado
Bidibodibu / Moltke Str.,Techno,Aspiryna 03,Inglés,1993,9.3,verificado
Race Over,Techno,Tim Swan,Inglés,1995,9.3,verificado
Intro,Techno,Underground Resistance,Inglés,1999,9.3,verificado
Midnite Sunshine,Techno,Suburban Knight,Inglés,1999,9.3,verificado
Urban Chillage,Techno,PlatEAU,Inglés,1997,9.3,verificado
Black Shaolin,Techno,Carl Cox,Inglés,1999,9.3,verificado
Hyper Prism,Techno,Imagitec Design Inc.,Inglés,1995,9.3,verificado
Original Feel Surreal,Techno,Derrick May,Inglés,1997,9.3,verificado
Spaz / Helikopter,Techno,Plastikman,Inglés,1995,9.3,verificado
Leader Rouge,Techno,Jeff Mills,Inglés,1997,9.3,verificado
"What the Hell, Bring It Back",Techno,Radioactive Goldfish,Inglés,1992,9.3,verificado
Loop 1,Techno,Kenny Larkin,Inglés,1995,9.3,verificado
Breathless,Techno,Laurent Garnier,Inglés,1993,9.3,verificado
Phobia (Latin for Fear),Techno,Radioactive Goldfish,Inglés,1992,9.3,verificado
Punisher,Techno,Underground Resistance,Inglés,1991,9.3,verificado
Cars,Techno,Dave Clarke,Inglés,1997,9.3,verificado
Solid Session,Techno,Format,Inglés,1991,9.3,verificado
World of Deep (original) (interlude),Techno,E-Dancer,Inglés,1998,9.3,verificado
The Human Bond (original),Techno,E-Dancer,Inglés,1998,9.3,verificado
Banjo,Techno,E-Dancer,Inglés,1998,9.3,verificado
Amethyst,Techno,Kenny Larkin,Inglés,1995,9.3,verificado
Let’s Get High,Techno,Lords of Acid,Inglés,1991,9.3,verificado
God of Abraham,Techno,Praga Khan,Inglés,1993,9.3,verificado
Ascesión,Techno,The Aztec Mystic,Inglés,1999,9.3,verificado
Dreamdancing,Techno,Martian 044,Inglés,1999,9.3,verificado
Groove,Techno,Kenny Larkin,Inglés,1995,9.3,verificado
I Want You (New Orleans edit),Techno,Utah Saints,Inglés,1993,9.3,verificado
Butterfly,Techno,Alaska,Inglés,1995,9.3,verificado
La Force,Techno,Jeff Mills,Inglés,1997,9.3,verificado
Vertical,Techno,Jeff Mills,Inglés,1994,9.3,verificado
Utopia,Techno,Jeff Mills,Inglés,1994,9.3,verificado
Whatever Happen to Peace,Techno,X-101,Inglés,1991,9.3,verificado
Gateway of Zen,Techno,Millsart,Inglés,1993,9.3,verificado
Pink Pottassium,Techno,Radioactive Goldfish,Inglés,1992,9.3,verificado
Mitosis,Techno,Radioactive Goldfish,Inglés,1992,9.3,verificado
Blue Song,Techno,Radioactive Goldfish,Inglés,1992,9.3,verificado
Fly Guy,Techno,Jeff Mills,Inglés,1996,9.3,verificado
Go Film (Disco Calculi),Techno,Covenant,Inglés,1998,9.3,verificado
Raincheck,Techno,Tin Star,Inglés,1998,9.3,verificado
Don’t Say,Techno,Tin Star,Inglés,1998,9.3,verificado
Picture of a Girl,Techno,Tin Star,Inglés,1998,9.3,verificado
Airspace,Techno,Darren Price,Inglés,1998,9.3,verificado
Dragonfighters,Techno,Quazar,Inglés,1993,9.3,verificado
Cry for the Future,Techno,E-Dancer,Inglés,1998,9.3,verificado
Warp,Techno,E-Dancer,Inglés,1998,9.3,verificado
RX Tribe,Techno,DJ Hyperactive,Inglés,1997,9.3,verificado
[untitled],Techno,Derrick May,Inglés,1997,9.3,verificado
The Mask (Swept Q),Techno,Aftrax,Inglés,1998,9.3,verificado
Mind’s Eye,Techno,Imagitec Design Inc.,Inglés,1995,9.3,verificado
Feel Surreal Begins / Beyond Kaos,Techno,Derrick May,Inglés,1997,9.3,verificado
Bike,Techno,Autechre,Inglés,1993,9.3,verificado
3 Nudes (Having Sax on Acid),Techno,Hawke,Inglés,1993,9.3,verificado
Destruction,Techno,Tin Star,Inglés,1998,9.3,verificado
Cor Ten,Techno,Plastikman,Inglés,1998,9.3,verificado
Astralia,Techno,Mandala,Inglés,1994,9.3,verificado
No More Trouble,Techno,Bob Marley,Inglés,1999,9.3,verificado
I Must Increase My Bust,Techno,Lords of Acid,Inglés,1991,9.3,verificado
Hey Ho!,Techno,Lords of Acid,Inglés,1991,9.3,verificado
Firestarter (instrumental),Techno,The Prodigy,Inglés,1996,9.3,verificado
Lap Times,Techno,Tim Swan,Inglés,1995,9.3,verificado
Schoolcraft Bump,Techno,M.I.A,Inglés,1999,9.3,verificado
Ultraviolet Images,Techno,The Martian,Inglés,1999,9.3,verificado
Illuminator,Techno,Mad Mike,Inglés,1999,9.3,verificado
Evolution (Commander Club dub),Techno,Mandala,Inglés,1995,9.3,verificado
Victory,Techno,Tim Swan,Inglés,1995,9.3,verificado
Adrenalin,Techno,N‐Joi,Inglés,1991,9.3,verificado
Aztlan,Techno,Mad Mike,Inglés,1999,9.3,verificado
VOID/Comm,Techno,Cmetric,Inglés,1996,9.3,verificado
Digeridoo,Techno,Aphex Twin,Inglés,1992,9.3,verificado
Ginger,Techno,Speedy J,Inglés,1993,9.3,verificado
De-Orbit,Techno,Speedy J,Inglés,1991,9.3,verificado
Down in a Hole (radio edit),Grunge,Alice in Chains,Inglés,1993,9.3,verificado
Dying (original demo),Grunge,Hole,Inglés,1998,9.3,verificado
20 Years in the Dakota...,Grunge,Hole,Inglés,1993,9.3,verificado
Stoned,Grunge,Silverchair,Inglés,1994,9.3,verificado
Drag,Grunge,Hole,Inglés,1998,9.3,verificado
"It's All Over Now, Baby Blue",Grunge,Hole,Inglés,1998,9.3,verificado
Personal Holloway,Grunge,Bush,Inglés,1996,9.3,verificado
Tell Me the Way (House edit),Dance,Cappella,Inglés,1995,9.3,verificado
Neuro '99,Trance,X-Cabs,Inglés,1999,9.3,verificado
Give Me Life,Trance,Mr. V,Inglés,1994,9.3,verificado
Possessed,Trance,Man With No Name,Inglés,1998,9.3,verificado
Lost You Somewhere (radio edit),Trance,Chicane,Inglés,1997,9.3,verificado
Vavoom!,Trance,Man With No Name,Inglés,1998,9.3,verificado
Waiting for a New Life,Trance,Total Eclipse,Inglés,1994,9.3,verificado
Rushin’ (Revolutions Per Minute),Trance,Paul van Dyk,Inglés,1994,9.3,verificado
Rhapsody in Venice,Trance,Pablo Gargano,Inglés,1997,9.3,verificado
Heaven's Tears,Trance,Cosmic Baby,Inglés,1992,9.3,verificado
Dawn Chorus,Trance,Man With No Name,Inglés,1996,9.3,verificado
Silicon Trip,Trance,Shakta,Inglés,1997,9.3,verificado
Party Droid,Trance,Etnica,Inglés,1996,9.3,verificado
Kabalah,Trance,Astral Projection,Inglés,1996,9.3,verificado
Cosmic Echoes,Trance,Man With No Name,Inglés,1996,9.3,verificado
The First Day (Horizon),Trance,Man With No Name,Inglés,1998,9.3,verificado
Guardian Angel,Trance,Juno Reactor,Inglés,1995,9.3,verificado
Pulsar Glitch,Trance,Total Eclipse,Inglés,1996,9.3,verificado
Subterfuge,Trance,Man With No Name,Inglés,1996,9.3,verificado
Deep East,Trance,Etnica,Inglés,1996,9.3,verificado
Steps to the Stars,Trance,Miranda,Inglés,1996,9.3,verificado
Klein Aber Doctor (original version by Atmos),Trance,Atmos,Inglés,1998,9.3,verificado
Human,Trance,Resistance D,Inglés,1993,9.3,verificado
Living for the Night (High-Waisted Flares),Trance,Paul van Dyk,Inglés,1996,9.3,verificado
Screaming Butterfly,Trance,Etnica,Inglés,1996,9.3,verificado
The Calling (Still Waters edit),Trance,Solarstone,Inglés,1997,9.3,verificado
Footprint ('97 Revamp edit),Trance,Disco Citizens,Inglés,1997,9.3,verificado
Space Pussy,Trance,Hallucinogen,Inglés,1996,9.3,verificado
The Hummer,Trance,Art of Trance,Inglés,1999,9.3,verificado
Overload,Trance,MFG,Inglés,1996,9.3,verificado
Low Commotion,Trance,Man With No Name,Inglés,1996,9.3,verificado
Skydiving,Trance,Man With No Name,Inglés,1996,9.3,verificado
Pump This Party (video edit),Trance,Paul van Dyk,Inglés,1994,9.3,verificado
The Breech,Trance,Man With No Name,Inglés,1998,9.3,verificado
Phenomena,Trance,Miranda,Inglés,1996,9.3,verificado
Stealth,Trance,Art of Trance,Inglés,1999,9.3,verificado
You Never Blow Your Trip Forever (Gong but Not Forgotten),Trance,Gong,Inglés,1997,9.3,verificado
Kraft,Trance,Eternal Basement,Inglés,1995,9.3,verificado
Cycles of Life,Trance,Transwave,Inglés,1995,9.3,verificado
Avenue,Trance,Paul van Dyk,Inglés,1999,9.3,verificado
Chakra Active 8,Trance,Etnica,Inglés,1996,9.3,verificado
The Age of Love (Jam & Spoon radio edit),Trance,Age of Love,Inglés,1992,9.3,verificado
Deranger,Trance,Hallucinogen,Inglés,1996,9.3,verificado
Don’t Change,Pop,Goo Goo Dolls,Español,1995,9.3,verificado
Oh Well,Pop,Joe Jackson,Español,1991,9.3,verificado
Chup Chup,Pop,Australian Blonde,Español,1993,9.3,verificado
Crying Shoes,Pop,Fromheadtotoe,Español,1999,9.3,verificado
The Return (Time to Say Goodbye),Soul,DJ Visage,Español,1999,9.3,verificado
Change,Soul,Barry White,Español,1995,9.3,verificado
Ooola La,Soul,Betty Wright,Español,1992,9.3,verificado
Why You Get Funky on Me,Soul,Today,Español,1990,9.3,verificado
Ex‐Factor (radio edit),Soul,Ms. Lauryn Hill,Español,1999,9.3,verificado
Ever Changing Times,Soul,Aretha Franklin,Español,1991,9.3,verificado
Love in Slow Motion,Soul,Angela Bofill,Español,1996,9.3,verificado
You Belong to Me,Soul,Anita Baker,Español,1990,9.3,verificado
Chain of Fools (unedited version),Soul,Aretha Franklin,Español,1995,9.3,verificado
(S)Crapage,Dance,Front 242,Español,1993,9.3,verificado
Flag,Dance,Front 242,Español,1993,9.3,verificado
Melt,Dance,Front 242,Español,1993,9.3,verificado
Tragedy ▷For You◁,Dance,Front 242,Español,1990,9.3,verificado
Be Free,House,Basement Jaxx,Español,1995,9.3,verificado
You’re My Angel,House,DJ Sammy,Español,1995,9.3,verificado
Broken Bones (Love Inc's Having a Party at Peter's Place),House,Love Inc.,Español,1998,9.3,verificado
Face to Face,House,2 Unlimited,Español,1994,9.3,verificado
Someone to Get There,House,2 Unlimited,Español,1998,9.3,verificado
Broken Bones (Magical Mystery D-Tour),House,Love Inc.,Español,1998,9.3,verificado
Broken Bones,House,Love Inc.,Español,1998,9.3,verificado
Broken Bones (Take a Ride on a Purple Airplane),House,Love Inc.,Español,1998,9.3,verificado
Spin Spin Sugar,House,Sneaker Pimps,Español,1997,9.3,verificado
What’s Mine Is Mine,House,2 Unlimited,Español,1994,9.3,verificado
Groove la Chord,House,Aril Brikha,Español,1999,9.3,verificado
Inside (Naked Lovers dub),House,Terra Deva,Español,1999,9.3,verificado
Omen III (maxi version),House,Magic Affair,Español,1993,9.3,verificado
The Funk Phenomena (radio edit),House,Armand van Helden,Español,1996,9.3,verificado
Children (Message version),House,Robert Miles,Español,1995,9.3,verificado
Don’t Be Shy,House,Snap!,Español,1992,9.3,verificado
Never Surrender,House,2 Unlimited,Español,1998,9.3,verificado
Prince of Love,Trance,DJ Sammy,Español,1995,9.3,verificado
Tú serás la historia de mi vida,Pop,Shakira,Español,1993,9.3,verificado
Brujería,Pop,Shakira,Español,1993,9.3,verificado
Controlas mi destino,Pop,Shakira,Español,1993,9.3,verificado
Último momento,Pop,Shakira,Español,1993,9.3,verificado
Este amor es lo más bello del mundo,Pop,Shakira,Español,1993,9.3,verificado
Victrola,Pop,Veruca Salt,Español,1994,9.3,verificado
Dos niños,Pop,Café Tacvba,Español,1999,9.3,verificado
Para que me engaño,Cumbia,Rosita y Casablanca,Español,1993,9.3,verificado
Nube pasajera (Nuben passageira),Cumbia,Rosita y Casablanca,Español,1993,9.3,verificado
Penas,Cumbia,Rosita y Casablanca,Español,1993,9.3,verificado
Mueve tus caderas,Cumbia,Rayito Colombiano,Español,1996,9.3,verificado
A mi manera,Cumbia,Rayito Colombiano,Español,1996,9.3,verificado
"Mejor es morir, morir",Cumbia,Rosita y Casablanca,Español,1993,9.3,verificado
Tu eres,Cumbia,Rayito Colombiano,Español,1996,9.3,verificado
Mi locura,Cumbia,Rayito Colombiano,Español,1996,9.3,verificado
Ya no soy de ti,Cumbia,Rayito Colombiano,Español,1996,9.3,verificado
Tus lindos ojos,Cumbia,Rayito Colombiano,Español,1996,9.3,verificado
En carne viva,Cumbia,Rosita y Casablanca,Español,1993,9.3,verificado
Sin ti corro peligro,Cumbia,Rosita y Casablanca,Español,1993,9.3,verificado
Huyes de mi (Foge de mim),Cumbia,Rosita y Casablanca,Español,1993,9.3,verificado
Cambios,Cumbia,Rayito Colombiano,Español,1996,9.3,verificado
Volveras,Cumbia,Rosita y Casablanca,Español,1993,9.3,verificado
La sirena,Cumbia,Rayito Colombiano,Español,1996,9.3,verificado
No me importa,Cumbia,Rayito Colombiano,Español,1996,9.3,verificado
Castigo,Cumbia,Rayito Colombiano,Español,1996,9.3,verificado
El me dejo,Cumbia,Rosita y Casablanca,Español,1993,9.3,verificado
Maldito amor,Cumbia,Rosita y Casablanca,Español,1993,9.3,verificado
Esto no es vida,Cumbia,Rosita y Casablanca,Español,1993,9.3,verificado
Maldito vicio,Cumbia,Rayito Colombiano,Español,1996,9.3,verificado
Voice of the Soul,Rock argentino,Dokken,Español,1999,9.2,verificado
Capricho árabe / Preludio obsesivo,Rock argentino,Rata Blanca,Español,1996,9.2,verificado
La boca del lobo,Rock argentino,Rata Blanca,Español,1991,9.2,verificado
Is Anyone Home?,Rock argentino,Alice Cooper,Español,1997,9.2,verificado
Switchback,Rock argentino,Biohazard,Español,1999,9.2,verificado
School’s Out,Rock argentino,Alice Cooper,Español,1997,9.2,verificado
Crazy Mary Goes Round,Rock argentino,Dokken,Español,1999,9.2,verificado
Haunted Lullabye,Rock argentino,Dokken,Español,1999,9.2,verificado
Quizá empieces otra vez,Rock argentino,Rata Blanca,Español,1991,9.2,verificado
Los ojos del dragón,Rock argentino,Rata Blanca,Español,1991,9.2,verificado
Anarchy in the U.K.,Rock argentino,Megadeth,Español,1997,9.2,verificado
Back in Black,Rock argentino,Joe Lynn Turner,Español,1997,9.2,verificado
Heaven in the Back Seat,Rock argentino,Eddie Money,Español,1991,9.2,verificado
Alone,Rock argentino,Heart,Español,1995,9.2,verificado
Strange Kind of Woman,Rock argentino,Deep Purple,Español,1993,9.2,verificado
Don’t Be Afraid of the Dark,Rock argentino,Y&T,Español,1990,9.2,verificado
Do It (The Way You Do It),Rock argentino,James Gang,Español,1998,9.2,verificado
Pray for the Wicked,Rock argentino,Babylon A.D.,Español,1992,9.2,verificado
Barracuda,Rock argentino,Heart,Español,1995,9.2,verificado
Bad Place Alone,Rock argentino,Alice Cooper,Español,1994,9.2,verificado
Nas Is Like,Rock argentino,Nas,Español,1999,9.2,verificado
Únete pueblo,Rock argentino,Control Machete,Español,1996,9.2,verificado
"¿Comprendes, Mendes?",Rock argentino,Control Machete,Español,1996,9.2,verificado
Slow Ya Roll,Rock argentino,Mac,Español,1998,9.2,verificado
Paranoid,Rock argentino,Mac,Español,1998,9.2,verificado
Born to Roll,Rock argentino,Masta Ace Incorporated,Español,1995,9.2,verificado
Faut qu’j’travaille,Rock argentino,Princess Erika,Español,1995,9.2,verificado
Jigga My Nigga,Rock argentino,Ruff Ryders,Español,1999,9.2,verificado
Rock das Haus,Rock argentino,Beginner,Español,1996,9.2,verificado
Dum Dum (Diedel Dum Dum),Rock argentino,Beginner,Español,1996,9.2,verificado
Tournicoti,Rock argentino,MC Solaar,Español,1997,9.2,verificado
Bust Dat Ass,Rock argentino,Onyx,Español,1993,9.2,verificado
Da Nex Niguz,Rock argentino,Onyx,Español,1993,9.2,verificado
Stik ’n’ Muve,Rock argentino,Onyx,Español,1993,9.2,verificado
Bichasbootleguz,Rock argentino,Onyx,Español,1993,9.2,verificado
Atak of da Bal‐hedz,Rock argentino,Onyx,Español,1993,9.2,verificado
Onyx Is Here,Rock argentino,Onyx,Español,1993,9.2,verificado
Da Mad Face Invasion,Rock argentino,Onyx,Español,1993,9.2,verificado
Getdafucout,Rock argentino,Onyx,Español,1993,9.2,verificado
Bacdafucup,Rock argentino,Onyx,Español,1993,9.2,verificado
Blac Vagina Finda,Rock argentino,Onyx,Español,1993,9.2,verificado
Bichasniguz,Rock argentino,Onyx,Español,1993,9.2,verificado
Da Bounca Nigga,Rock argentino,Onyx,Español,1993,9.2,verificado
Buenos Aires,Rock argentino,Carlos Gardel,Español,1998,9.2,verificado
Pussycat Meow,Rock argentino,Deee‐Lite,Español,1992,9.2,verificado
Mi Buenos Aires querido,Rock argentino,Carlos Gardel,Español,1991,9.2,verificado
Latinos,Rock argentino,Proyecto Uno,Español,1997,9.2,verificado
I Can’t Stand It,Rock argentino,Twenty 4 Seven,Español,1990,9.2,verificado
Kiss Me With the Wind,Rock argentino,Brenda Russell,Español,1990,9.2,verificado
Stupid Love,Rock argentino,Brenda Russell,Español,1990,9.2,verificado
Think of You (radio edit),Rock argentino,Whigfield,Español,1995,9.2,verificado
Who Do You Love (Matrix radio edit),Rock argentino,Haddaway,Español,1998,9.2,verificado
Reggae Gone Ragga,Rock argentino,Dr. Alban,Español,1992,9.2,verificado
Lover Be Thy Name,Rock argentino,Haddaway,Español,1993,9.2,verificado
Mama’s House,Rock argentino,Haddaway,Español,1993,9.2,verificado
What Is Love (Todd Terry’s TNT radio edit ’99),Rock argentino,Haddaway,Español,1999,9.2,verificado
This House,Rock argentino,Tracie Spencer,Español,1990,9.2,verificado
Step Back in Time,Rock argentino,Kylie Minogue,Español,1990,9.2,verificado
Stir It Up,Rock argentino,Haddaway,Español,1993,9.2,verificado
Be a Man,Rock argentino,Aqua,Español,1997,9.2,verificado
Good Morning Sunshine,Rock argentino,Aqua,Español,1997,9.2,verificado
Ballad of Love,Rock argentino,Scatman John,Español,1996,9.2,verificado
Unite,Rock argentino,The O.C. Supertones,Español,1997,9.2,verificado
Al turrón,Rock argentino,Ska-P,Español,1998,9.2,verificado
Little Man,Rock argentino,The O.C. Supertones,Español,1997,9.2,verificado
Resolution,Rock argentino,The O.C. Supertones,Español,1997,9.2,verificado
El vals del obrero,Rock argentino,Ska-P,Español,1996,9.2,verificado
América Latina ¡¡Libre!!,Rock argentino,Ska-P,Español,1998,9.2,verificado
Kémalo,Rock argentino,Ska-P,Español,1998,9.2,verificado
Inolvidable,Rock argentino,Grupo Sombras,Español,1994,9.2,verificado
Pedro Urdemales,Rock argentino,Violeta Parra,Español,1994,9.2,verificado
Chant et Fugue,Rock argentino,Astor Piazzolla,Español,1991,9.2,verificado
Pia-Sol-La-Sol,Rock argentino,Astor Piazzolla,Español,1991,9.2,verificado
Persecuta,Rock argentino,Astor Piazzolla,Español,1991,9.2,verificado
Bandoneón,Rock argentino,Astor Piazzolla,Español,1993,9.2,verificado
Como la cigarra,Rock argentino,Mercedes Sosa,Español,1993,9.2,verificado
Canción para Carito,Rock argentino,Mercedes Sosa,Español,1993,9.2,verificado
Rasguña las piedras,Rock argentino,Sui Generis,Español,1993,9.2,verificado
El temporal,Rock argentino,Tulio Zuloaga,Español,1997,9.2,verificado
No me vuelvo a enamorar,Rock argentino,Grupo Sombras,Español,1994,9.2,verificado
Te quiero,Rock argentino,Los Temerarios,Español,1998,9.2,verificado
Yo canto la diferencia,Rock argentino,Violeta Parra,Español,1994,9.2,verificado
Qué he sacado con quererte,Rock argentino,Violeta Parra,Español,1994,9.2,verificado
La Juana Rosa,Rock argentino,Violeta Parra,Español,1994,9.2,verificado
La petaquita,Rock argentino,Violeta Parra,Español,1994,9.2,verificado
Biyuya,Rock argentino,Astor Piazzolla,Español,1993,9.2,verificado
Años de soledad,Rock argentino,Astor Piazzolla,Español,1993,9.2,verificado
Fuga y Misterio,Rock argentino,Astor Piazzolla,Español,1997,9.2,verificado
Nuestro juramento,Rock argentino,Julio Jaramillo,Español,1993,9.2,verificado
Besos,Rock argentino,Grupo Sombras,Español,1994,9.2,verificado
La chica del baile,Rock argentino,Grupo Sombras,Español,1994,9.2,verificado
Regresa con tu amante,Rock argentino,Grupo Sombras,Español,1994,9.2,verificado
El regalito,Rock argentino,Grupo Sombras,Español,1994,9.2,verificado
Rub & Dub,Rock argentino,Los Cafres,Español,1995,9.2,verificado
La jardinera,Rock argentino,Violeta Parra,Español,1994,9.2,verificado
Tonada por ponderación [Una chacra que sembré],Rock argentino,Violeta Parra,Español,1994,9.2,verificado
Entre san Juan y san Peiro,Rock argentino,Violeta Parra,Español,1994,9.2,verificado
Queen From the Ghetto,Rock argentino,Los Fabulosos Cadillacs,Español,1995,9.2,verificado
María va,Rock argentino,Mercedes Sosa,Español,1993,9.2,verificado
L'evasion,Rock argentino,Astor Piazzolla,Español,1993,9.2,verificado
Moderato Tangabile,Rock argentino,Astor Piazzolla,Español,1991,9.2,verificado
Windy,Rock argentino,Astor Piazzolla,Español,1991,9.2,verificado
Comandante do seu coração,Rock argentino,Roberto Carlos,Español,1996,9.2,verificado
Niña caprichosa,Rock argentino,Grupo Sombras,Español,1994,9.2,verificado
Veneno para olvidar,Rock argentino,Grupo Sombras,Español,1994,9.2,verificado
Nunca voy a olvidarte,Rock argentino,Grupo Sombras,Español,1994,9.2,verificado
Noche estrellada,Rock argentino,Grupo Sombras,Español,1994,9.2,verificado
Papel de plata,Rock argentino,Inti‐Illimani,Español,1994,9.2,verificado
Sin documentos,Rock argentino,Los Rodríguez,Español,1993,9.2,verificado
Déjame bailar,Rock argentino,No Te Va Gustar,Español,1999,9.2,verificado
Une chilienne à Paris,Rock argentino,Violeta Parra,Español,1994,9.2,verificado
Blanca Flor y Filumena,Rock argentino,Violeta Parra,Español,1994,9.2,verificado
Tomo y obligo,Rock argentino,Carlos Gardel,Español,1998,9.2,verificado
Largo Tangabile,Rock argentino,Astor Piazzolla,Español,1991,9.2,verificado
Al Jardín de la República,Rock argentino,Mercedes Sosa,Español,1993,9.2,verificado
Luna tucumana,Rock argentino,Mercedes Sosa,Español,1993,9.2,verificado
El puente de los suspiros,Rock argentino,Mercedes Sosa,Español,1994,9.2,verificado
Duerme,Rock argentino,Ricardo Arjona,Español,1996,9.2,verificado
Te propongo esta noche,Rock argentino,Luis Miguel,Español,1999,9.2,verificado
Amarte es un placer,Rock argentino,Luis Miguel,Español,1999,9.2,verificado
Monkey Beams,Rock argentino,Cal Tjader,Español,1994,9.2,verificado
Abarrotería de amor,Rock argentino,Ricardo Arjona,Español,1996,9.2,verificado
Dormir contigo,Rock argentino,Luis Miguel,Español,1999,9.2,verificado
Ming,Rock argentino,Cal Tjader,Español,1994,9.2,verificado
Gasoline,Grunge,Moist,Inglés,1996,9.2,verificado
Theme From Cola,Grunge,Moist,Inglés,1996,9.2,verificado
Synapse,Grunge,Bush,Inglés,1996,9.2,verificado
Straight No Chaser,Grunge,Bush,Inglés,1996,9.2,verificado
Cold Contagious,Grunge,Bush,Inglés,1996,9.2,verificado
Communicator,Grunge,Bush,Inglés,1996,9.2,verificado
Bonedriven,Grunge,Bush,Inglés,1996,9.2,verificado
A Tendency to Start Fires,Grunge,Bush,Inglés,1996,9.2,verificado
Hate,Grunge,Moist,Inglés,1996,9.2,verificado
Mouth,Grunge,Bush,Inglés,1996,9.2,verificado
Can You Handle It?,Funk,Graham Central Station,Inglés,1996,9.2,verificado
Suck My Dick,Funk,Blowfly,Inglés,1996,9.2,verificado
When You Touch Me,Funk,Skyy,Inglés,1995,9.2,verificado
Confusion,Funk,Inez & Charlie Foxx,Inglés,1994,9.2,verificado
Where’s Life?,Funk,Keziah Jones,Inglés,1992,9.2,verificado
I Like Your Style,Funk,Tower of Power,Inglés,1999,9.2,verificado
Pleasure Principle,Funk,Parlet,Inglés,1994,9.2,verificado
Love U 2 the Limit,Funk,Mac Band,Inglés,1990,9.2,verificado
Somewhere in My Life,Funk,The Delfonics,Inglés,1999,9.2,verificado
She's the Kinda Girl,Funk,The Delfonics,Inglés,1999,9.2,verificado
The Cantaloupe Woman,Funk,Grant Green,Inglés,1995,9.2,verificado
Break Your Promise (2000),Funk,The Delfonics,Inglés,1999,9.2,verificado
My World Revolves Around You,Funk,The Delfonics,Inglés,1999,9.2,verificado
Soul Train,Funk,Roy Head,Inglés,1995,9.2,verificado
Living for the City,Funk,Stevie Wonder,Inglés,1995,9.2,verificado
Ashley's Roachclip,Funk,Chuck Brown & The Soul Searchers,Inglés,1997,9.2,verificado
Horny Pony,Funk,Prince,Inglés,1991,9.2,verificado
Dirty Harri,Funk,The J.B.’s,Inglés,1995,9.2,verificado
Limbo Jimbo,Funk,James Brown,Inglés,1993,9.2,verificado
You’ve Got to Change Your Mind,Funk,Bobby Byrd,Inglés,1995,9.2,verificado
Sudsy,Funk,James Brown,Inglés,1993,9.2,verificado
If I Could,Funk,Regina Belle,Inglés,1993,9.2,verificado
Surprise! You’re Dead!,Funk,Faith No More,Inglés,1993,9.2,verificado
"Stop, Look, Listen (to Your Heart) / Blowin’ in the Wind, Pts. 1 & 2",Funk,Kool & the Gang,Inglés,1997,9.2,verificado
Lovin a Different Woman Ain't the Same,Funk,Lee ‘Shot’ Williams,Inglés,1996,9.2,verificado
Down in the Hood,Funk,Lee ‘Shot’ Williams,Inglés,1996,9.2,verificado
Boogie Down on the Weekend,Funk,Lee ‘Shot’ Williams,Inglés,1995,9.2,verificado
One Night Affair,Funk,Chuck Strong,Inglés,1999,9.2,verificado
I'm in Need of a Good Woman,Funk,Chuck Strong,Inglés,1999,9.2,verificado
Rainbow 2000,Funk,Chuck Strong,Inglés,1999,9.2,verificado
Funky Mama,Funk,Clarence “Gatemouth” Brown,Inglés,1993,9.2,verificado
Groovin' For the Groove,Funk,The Propositions,Inglés,1994,9.2,verificado
Africana,Funk,The Propositions,Inglés,1994,9.2,verificado
Sweet Lucy,Funk,The Propositions,Inglés,1994,9.2,verificado
Free & Easy,Funk,The Propositions,Inglés,1994,9.2,verificado
I Want U (Purple version),Funk,Rosie Gaines,Inglés,1995,9.2,verificado
Can You Handle It,Funk,Rosie Gaines,Inglés,1995,9.2,verificado
Concrete Jungle,Funk,Rosie Gaines,Inglés,1995,9.2,verificado
December 25th,Funk,Rosie Gaines,Inglés,1995,9.2,verificado
Turn Your Lights Down Low,Funk,Rosie Gaines,Inglés,1995,9.2,verificado
My Tender Heart,Funk,Rosie Gaines,Inglés,1995,9.2,verificado
Heroes,Funk,George Duke,Inglés,1991,9.2,verificado
I Shot the Sheriff,Funk,Warren G,Inglés,1997,9.2,verificado
"My Brother, Part 1 & 2",Funk,The J.B.’s,Inglés,1995,9.2,verificado
Flash Light,Funk,Parliament-Funkadelic,Inglés,1990,9.2,verificado
No One Knows,Funk,The Delfonics,Inglés,1999,9.2,verificado
"Kiburi, Part 1",Funk,Incredible Bongo Band,Inglés,1996,9.2,verificado
Broken Hearted Fool,Funk,Inez & Charlie Foxx,Inglés,1994,9.2,verificado
Angel in Your Arms,Funk,Millie Jackson,Inglés,1997,9.2,verificado
The Power of Equality,Funk,Red Hot Chili Peppers,Inglés,1991,9.2,verificado
Somebody Took My Girl and Gone,Funk,Lee ‘Shot’ Williams,Inglés,1996,9.2,verificado
You've Got to Try Me,Funk,Lee ‘Shot’ Williams,Inglés,1996,9.2,verificado
You Are So Special to Me,Funk,Chuck Strong,Inglés,1999,9.2,verificado
Where Did My Love Go,Funk,Chuck Strong,Inglés,1999,9.2,verificado
I'll Take the Risk,Funk,Lee ‘Shot’ Williams,Inglés,1996,9.2,verificado
Bad Seed,Funk,The Propositions,Inglés,1994,9.2,verificado
I Almost Lost You,Funk,Rosie Gaines,Inglés,1995,9.2,verificado
I Idolize You,Funk,Ike & Tina Turner,Inglés,1993,9.2,verificado
Cold Sweat (guitar),Funk,James Brown,Inglés,1997,9.2,verificado
"Soul Food, Parts 1 & 2",Funk,James Brown,Inglés,1993,9.2,verificado
Joggin’ Along,Funk,James Brown,Inglés,1993,9.2,verificado
Mashed Potatoes ’66,Funk,James Brown,Inglés,1993,9.2,verificado
The King,Funk,James Brown,Inglés,1993,9.2,verificado
Every Beat of My Heart,Funk,James Brown,Inglés,1993,9.2,verificado
Funky Drummer,Funk,James Brown,Inglés,1993,9.2,verificado
Payback,Funk,James Brown,Inglés,1994,9.2,verificado
Coldblooded,Funk,The Bar‐Kays,Inglés,1994,9.2,verificado
Escape‐ism (complete take),Funk,James Brown,Inglés,1992,9.2,verificado
Eyesight,Funk,James Brown,Inglés,1992,9.2,verificado
Sail On,Funk,Commodores,Inglés,1998,9.2,verificado
The Bump,Funk,Commodores,Inglés,1995,9.2,verificado
Imagine,Funk,Blues Traveler,Inglés,1995,9.2,verificado
Floot Juice,Funk,Yada Yada,Inglés,1999,9.2,verificado
Soul Record,Funk,Meshell Ndegeocello,Inglés,1999,9.2,verificado
Just Come to Me,Funk,The Delfonics,Inglés,1999,9.2,verificado
The Klan,Funk,Gil Scott‐Heron,Inglés,1990,9.2,verificado
La De Dah I Love You,Funk,Inez & Charlie Foxx,Inglés,1994,9.2,verificado
Give Up the Funk (Tear the Roof Off the Sucker),Funk,Parliament-Funkadelic,Inglés,1990,9.2,verificado
Hang Time,Funk,Dallas Brass,Inglés,1994,9.2,verificado
Are You Ready,Funk,Rosie Gaines,Inglés,1995,9.2,verificado
Forever New,Funk,The Delfonics,Inglés,1999,9.2,verificado
You,Funk,Al Jarreau,Inglés,1999,9.2,verificado
Do Your Thing,Funk,Charles Wright & the Watts 103rd Street Rhythm Band,Inglés,1993,9.2,verificado
Vamping,Funk,The Propositions,Inglés,1994,9.2,verificado
Outside Woman,Funk,Chuck Strong,Inglés,1999,9.2,verificado
Rainbow 2000 Part II,Funk,Chuck Strong,Inglés,1999,9.2,verificado
Intoxicated Love,Funk,Chuck Strong,Inglés,1999,9.2,verificado
Let Me Satisfy You,Funk,Chuck Strong,Inglés,1999,9.2,verificado
Love & Understanding (Come Together),Funk,Kool & the Gang,Inglés,1993,9.2,verificado
Keep Your Monster on a Leash,Funk,Tower of Power,Inglés,1991,9.2,verificado
Someone New,Funk,Tower of Power,Inglés,1991,9.2,verificado
Keep Comin' Back,Funk,Tower of Power,Inglés,1995,9.2,verificado
Sexy Soul,Funk,Tower of Power,Inglés,1995,9.2,verificado
Soul With a Capital ‘S’,Funk,Tower of Power,Inglés,1999,9.2,verificado
Did it done it wit it,Funk,Bill Summers,Inglés,1997,9.2,verificado
Ghetto Getup,Funk,Bill Summers,Inglés,1997,9.2,verificado
Bahia lady,Funk,Bill Summers,Inglés,1997,9.2,verificado
Kuumba,Funk,Bill Summers,Inglés,1997,9.2,verificado
Imani,Funk,Bill Summers,Inglés,1997,9.2,verificado
Umoja,Funk,Bill Summers,Inglés,1997,9.2,verificado
Big John Is My Name,Funk,Rare Earth,Inglés,1998,9.2,verificado
Sure we,Funk,Bill Summers,Inglés,1997,9.2,verificado
Nia,Funk,Bill Summers,Inglés,1997,9.2,verificado
Ujimaa,Funk,Bill Summers,Inglés,1997,9.2,verificado
Kujichgulia,Funk,Bill Summers,Inglés,1997,9.2,verificado
Yekola,Funk,Bill Summers,Inglés,1997,9.2,verificado
Percussion Interlude,Funk,Galactic,Inglés,1996,9.2,verificado
Get It Together,Funk,James Brown,Inglés,1991,9.2,verificado
Attitude Dance,Funk,Tower of Power,Inglés,1991,9.2,verificado
Who Do You Think You Are,Funk,Tower of Power,Inglés,1991,9.2,verificado
Mr. Toad's Wild Ride,Funk,Tower of Power,Inglés,1991,9.2,verificado
Gotta Make a Change,Funk,Tower of Power,Inglés,1995,9.2,verificado
Undercurrent,Funk,Tower of Power,Inglés,1995,9.2,verificado
Soothe You,Funk,Tower of Power,Inglés,1995,9.2,verificado
Once You Get a Taste,Funk,Tower of Power,Inglés,1995,9.2,verificado
Sexy Ida (Part 1),Funk,Ike & Tina Turner,Inglés,1990,9.2,verificado
Shine On,Funk,George Duke,Inglés,1991,9.2,verificado
Everybody Wants Some (Part 3),Funk,Galactic,Inglés,1996,9.2,verificado
Alligator Woman,Funk,Cameo,Inglés,1996,9.2,verificado
New and Improved Bonin',Funk,Fishbone,Inglés,1990,9.2,verificado
Ujima,Funk,Bill Summers,Inglés,1997,9.2,verificado
Tra La La La La,Funk,Ike & Tina Turner,Inglés,1991,9.2,verificado
Do You Wanna (Make Love to Me),Funk,Tower of Power,Inglés,1995,9.2,verificado
Just Like You,Funk,Tower of Power,Inglés,1995,9.2,verificado
Personal Possessions,Funk,Tower of Power,Inglés,1991,9.2,verificado
Luminaries,Dance,Mentallo & the Fixer,Inglés,1999,9.2,verificado
Resonant Echo,Dance,Mentallo & the Fixer,Inglés,1999,9.2,verificado
Find the Key to Your Life,Dance,Cathy Dennis,Inglés,1991,9.2,verificado
Go,Dance,DJ Rap,Inglés,1999,9.2,verificado
Bad Girl,Dance,DJ Rap,Inglés,1998,9.2,verificado
Earthbase 1,Dance,Texas Audio,Inglés,1993,9.2,verificado
Hole in the Ground,Dance,Sister Machine Gun,Inglés,1995,9.2,verificado
Good Times,Dance,Zhané,Inglés,1997,9.2,verificado
Changes,Dance,DJ Rap,Inglés,1998,9.2,verificado
Bad Behaviour,Dance,DJ Rap,Inglés,1998,9.2,verificado
God Was the First Cop,Dance,Black Lung,Inglés,1994,9.2,verificado
Endless,Dance,Iris,Inglés,1999,9.2,verificado
"Turn On, Tune In, Find Joy",Dance,Freak Power,Inglés,1995,9.2,verificado
Bamboogie (radio edit),Dance,Bamboo,Inglés,1998,9.2,verificado
Color,Dance,Zhané,Inglés,1997,9.2,verificado
Temporary Thing,Dance,Zhané,Inglés,1997,9.2,verificado
Agora e seu tempo,Dance,Joe Claussell,Inglés,1998,9.2,verificado
Tan solo,Dance,Mijares,Inglés,1995,9.2,verificado
Happy Earthday,Dance,Qkumba Zoo,Inglés,1995,9.2,verificado
Rain,Dance,Qkumba Zoo,Inglés,1995,9.2,verificado
Time Out,Dance,Kitachi,Inglés,1996,9.2,verificado
Lose in Wanting,Dance,Iris,Inglés,1999,9.2,verificado
Saving Time,Dance,Iris,Inglés,1999,9.2,verificado
Obsolete,Dance,2nd Injection,Inglés,1993,9.2,verificado
Voodoo Fire,Dance,10-AC,Inglés,1993,9.2,verificado
The Djinni,Dance,DJ JD,Inglés,1993,9.2,verificado
Keep Pushin',Dance,Boris Dlugosch,Inglés,1997,9.2,verificado
"Total Eclipse of the Heart (7"" edit)",Dance,Nicki French,Inglés,1995,9.2,verificado
Saturday Night,Dance,Zhané,Inglés,1997,9.2,verificado
Soldier's Joy,Dance,Nashville Washboard Band,Inglés,1996,9.2,verificado
Moai Message (In dub),Dance,Jestofunk,Inglés,1997,9.2,verificado
An Accident in Paradise (single edit),Dance,Sven Väth,Inglés,1993,9.2,verificado
Addiction (Sasha Rips the System),Dance,Sister Machine Gun,Inglés,1992,9.2,verificado
Viviré,Dance,Juan Luis Guerra 4.40,Inglés,1994,9.2,verificado
Generation,Dance,Cause & Effect,Inglés,1997,9.2,verificado
Big,Dance,Qkumba Zoo,Inglés,1995,9.2,verificado
Be My Lover (radio edit 1),Dance,La Bouche,Inglés,1995,9.2,verificado
Nothin’s Fallin’,Dance,Nils Lofgren,Inglés,1995,9.2,verificado
Heavy Hats,Dance,Nils Lofgren,Inglés,1995,9.2,verificado
Dignified (DJ Allan McLoud Dream edit),Dance,The Highlander,Inglés,1999,9.2,verificado
Sex Machine,Dance,20 Fingers,Inglés,1995,9.2,verificado
"Navigator, Part One",Dance,Forma Tadre,Inglés,1996,9.2,verificado
FX on a Human Subject,Dance,Forma Tadre,Inglés,1996,9.2,verificado
Serpent Charmer,Dance,Forma Tadre,Inglés,1996,9.2,verificado
Freak Like Me (LP version),Dance,Adina Howard,Inglés,1995,9.2,verificado
Endless Nights,Dance,Cynthia,Inglés,1992,9.2,verificado
You Put a Spell on Me,Dance,Transvision Vamp,Inglés,1991,9.2,verificado
Creation,Dance,Stereo MC’s,Inglés,1993,9.2,verificado
I Know Where It’s At,Dance,The Countdown Dance Masters,Inglés,1999,9.2,verificado
Mystery Babylon,Dance,My Life With the Thrill Kill Kult,Inglés,1991,9.2,verificado
A Martini Built for 2,Dance,My Life With the Thrill Kill Kult,Inglés,1991,9.2,verificado
Zine a Zine,Dance,Khaled,Inglés,1993,9.2,verificado
El taqui taqui,Dance,Ilegales,Inglés,1997,9.2,verificado
Please Help Me,Dance,Underworld,Inglés,1999,9.2,verificado
Life,Dance,Sister Machine Gun,Inglés,1993,9.2,verificado
Everyday Girl,Dance,DJ Rap,Inglés,1998,9.2,verificado
The Infamous,Dance,Inspecter 7,Inglés,1997,9.2,verificado
Uh La La La,Dance,Alexia,Inglés,1997,9.2,verificado
"Deep Shit, Parts 1 & 2",Dance,Kruder & Dorfmeister,Inglés,1995,9.2,verificado
Georgie the Parasite,Dance,The Tear Garden,Inglés,1997,9.2,verificado
Human Kind,Dance,DJ Rap,Inglés,1999,9.2,verificado
You Get Around,Dance,DJ Rap,Inglés,1999,9.2,verificado
Can You Feel the Beat,Dance,Lisa Lisa & Cult Jam,Inglés,1994,9.2,verificado
Old Friend,Dance,Peggy Seeger,Inglés,1996,9.2,verificado
Danger Is the Shame,Dance,Iris,Inglés,1999,9.2,verificado
Different Strokes,Dance,Isotonik,Inglés,1992,9.2,verificado
Weeping,Dance,Qkumba Zoo,Inglés,1996,9.2,verificado
Virtual Reality,Dance,Alexia,Inglés,1997,9.2,verificado
Wired,Dance,Sister Machine Gun,Inglés,1994,9.2,verificado
“Great Men’s Dub”,Dance,Burning Spear,Inglés,1994,9.2,verificado
Overload,Dance,Sister Machine Gun,Inglés,1995,9.2,verificado
Last Dance,Dance,Zhané,Inglés,1997,9.2,verificado
Red,Dance,Sister Machine Gun,Inglés,1995,9.2,verificado
Naked,Dance,Scala,Inglés,1996,9.2,verificado
Heart of Glass,Dance,Scala,Inglés,1996,9.2,verificado
Last of the Dogmen,Dance,David Arnold,Inglés,1995,9.2,verificado
(There's a) Party Going 'On,Dance,Debbie Deb,Inglés,1999,9.2,verificado
Better Than Me,Dance,Sister Machine Gun,Inglés,1995,9.2,verificado
Just Like That,Dance,Zhané,Inglés,1997,9.2,verificado
"Annie, Would I Lie to You",Dance,Iris,Inglés,1995,9.2,verificado
Mechanic of the Sequence,Dance,Neuroticfish,Inglés,1999,9.2,verificado
Watcha Weigh Me,Dance,A+,Inglés,1998,9.2,verificado
Just a Freak,Dance,Crystal Waters,Inglés,1997,9.2,verificado
Pressure Times,Dance,Transvision Vamp,Inglés,1991,9.2,verificado
Don't Believe the Type,Dance,Transvision Vamp,Inglés,1991,9.2,verificado
Setting Sun,Dance,Nils Lofgren,Inglés,1995,9.2,verificado
Damaged Goods,Dance,Nils Lofgren,Inglés,1995,9.2,verificado
Inacceptable,Dance,Rinôçérôse,Inglés,1996,9.2,verificado
"Navigator, Part Two",Dance,Forma Tadre,Inglés,1996,9.2,verificado
Celebrate the Cult,Dance,Forma Tadre,Inglés,1996,9.2,verificado
Looking Glass Men,Dance,Forma Tadre,Inglés,1996,9.2,verificado
All That She Wants (extended dub),Dance,Ace of Base,Inglés,1993,9.2,verificado
Strange Ways,Dance,Ace of Base,Inglés,1995,9.2,verificado
Swing City,Dance,Roger Brown and Swing City,Inglés,1996,9.2,verificado
Touch Me (All Night Long),Dance,Cathy Dennis,Inglés,1991,9.2,verificado
Release (edit),Dance,Afro Celt Sound System,Inglés,1999,9.2,verificado
Rendez-Vous,Dance,Zhané,Inglés,1997,9.2,verificado
Piece It Together,Dance,Zhané,Inglés,1997,9.2,verificado
My Word Is Bond,Dance,Zhané,Inglés,1997,9.2,verificado
Loom,Dance,Iris,Inglés,1999,9.2,verificado
For the Longest Time,Dance,Zhané,Inglés,1997,9.2,verificado
Maritime / [untitled],Dance,Kenny Larkin,Inglés,1994,9.2,verificado
Say It Again (Wild Magnolia),Dance,Jestofunk,Inglés,1997,9.2,verificado
JB 2000,Dance,Jestofunk,Inglés,1997,9.2,verificado
Time of Wonder,Dance,Qkumba Zoo,Inglés,1995,9.2,verificado
Mermaids,Dance,Qkumba Zoo,Inglés,1995,9.2,verificado
Astral Way,Dance,Etnica,Inglés,1996,9.2,verificado
A Lack of Comfort,Dance,ADULT.,Inglés,1998,9.2,verificado
Love Makes You,Dance,Samantha Fox,Inglés,1997,9.2,verificado
Waves Crash In,Dance,Iris,Inglés,1999,9.2,verificado
Such a Night,Dance,Conway Twitty,Inglés,1994,9.2,verificado
Apostasy (Decree),Dance,Oneiroid Psychosis,Inglés,1996,9.2,verificado
M.E.,Dance,Earl Brutus,Inglés,1997,9.2,verificado
Call Me,Dance,Le Click,Inglés,1998,9.2,verificado
Disease,Dance,Sister Machine Gun,Inglés,1995,9.2,verificado
Confusion,Dance,Zhané,Inglés,1997,9.2,verificado
Let the Music Play,Dance,Shannon,Inglés,1999,9.2,verificado
Fuck With Your Head,Dance,DJ Rap,Inglés,1998,9.2,verificado
Scarlet Beautiful,Dance,The Beloved,Inglés,1990,9.2,verificado
Ain’t No Rules,Dance,Transvision Vamp,Inglés,1991,9.2,verificado
Crawl Out Your Window,Dance,Transvision Vamp,Inglés,1991,9.2,verificado
Twangy Wigout,Dance,Transvision Vamp,Inglés,1991,9.2,verificado
Somebody to Love,Dance,Cafe Society,Inglés,1997,9.2,verificado
Scummie,Dance,Crucial Conflict,Inglés,1998,9.2,verificado
Theme,Dance,Mentallo & the Fixer,Inglés,1999,9.2,verificado
Tell Me,Dance,Dru Hill,Inglés,1996,9.2,verificado
In the Room,Dance,Nils Lofgren,Inglés,1995,9.2,verificado
Broken English,Dance,Sunscreem,Inglés,1993,9.2,verificado
It’s Only a Game,Dance,Jam & Spoon,Inglés,1998,9.2,verificado
Date Unknown,Dance,Forma Tadre,Inglés,1996,9.2,verificado
"Navigator, Part Three",Dance,Forma Tadre,Inglés,1996,9.2,verificado
Dreamland,Dance,Black Box,Inglés,1990,9.2,verificado
Maqsoum,Dance,محمود فضل,Inglés,1997,9.2,verificado
Good Vibrations,Dance,Marky Mark and the Funky Bunch,Inglés,1998,9.2,verificado
Give a Little Love,Pop,Real McCoy,Inglés,1997,9.2,verificado
Christmasland,Pop,Pharao,Inglés,1994,9.2,verificado
Dance of the Snake,Pop,Pharao,Inglés,1994,9.2,verificado
Take a Look at Your Life,Pop,Real McCoy,Inglés,1997,9.2,verificado
Rupture,Dance,Plastic Digger,Inglés,1997,9.2,verificado
Sounds of Wickedness (PF Project radio edit),Dance,Tzant,Inglés,1998,9.2,verificado
Palace,Dance,Scala,Inglés,1998,9.2,verificado
Be Together,Dance,Scala,Inglés,1998,9.2,verificado
Breaking Point,Dance,Scala,Inglés,1998,9.2,verificado
Colt,Dance,Scala,Inglés,1998,9.2,verificado
Megablast,Dance,Real McCoy,Inglés,1994,9.2,verificado
Vitamin X,Dance,Scala,Inglés,1997,9.2,verificado
Caveman Boogie,Dance,Lesette Wilson,Inglés,1994,9.2,verificado
More and More,Dance,Captain Hollywood Project,Inglés,1993,9.2,verificado
Let's Get Together Again,Dance,The Glitter Band,Inglés,1998,9.2,verificado
Empty White,Dance,G.D. Luxxe,Inglés,1999,9.2,verificado
Comebacker,Dance,G.D. Luxxe,Inglés,1999,9.2,verificado
Disconnected,Dance,G.D. Luxxe,Inglés,1999,9.2,verificado
The Flow,Dance,Model 500,Inglés,1995,9.2,verificado
Understood,Dance,Must,Inglés,1996,9.2,verificado
Long Time Gone,Dance,Galliano,Inglés,1997,9.2,verificado
Helen,Dance,LFO,Inglés,1995,9.2,verificado
Apparently Nothin’ (Soul River),Dance,Young Disciples,Inglés,1991,9.2,verificado
Moonbeat,Dance,LTJ Xperience,Inglés,1999,9.2,verificado
Dancin' With You,Dance,Bini & Martini,Inglés,1998,9.2,verificado
Kolinda,Dance,BeauSoleil,Inglés,1998,9.2,verificado
Don't You Want Me,Dance,[unknown],Inglés,1995,9.2,verificado
U Got the Look,Dance,[unknown],Inglés,1995,9.2,verificado
Son of a Gun (original Hooj edit),Dance,JX,Inglés,1995,9.2,verificado
So Emotional,Dance,[unknown],Inglés,1995,9.2,verificado
Airforce One,Dance,G.D. Luxxe,Inglés,1999,9.2,verificado
Miami Beach Sunrise,Dance,G.D. Luxxe,Inglés,1999,9.2,verificado
Superamerica,Dance,G.D. Luxxe,Inglés,1999,9.2,verificado
Take You There,Dance,The Experts,Inglés,1996,9.2,verificado
Black Orchid,Dance,Appleseed,Inglés,1997,9.2,verificado
Slide,Dance,Scala,Inglés,1997,9.2,verificado
Still,Dance,Scala,Inglés,1998,9.2,verificado
Pass the Vibe,Dance,Definition of Sound,Inglés,1997,9.2,verificado
God Made Me Funky,Dance,The Headhunters,Inglés,1994,9.2,verificado
’round Midnight,Dance,Nighthawks,Inglés,1999,9.2,verificado
Just Another Dream,Dance,Cathy Dennis,Inglés,1990,9.2,verificado
Such a Good Feeling,Dance,Brothers in Rhythm,Inglés,1991,9.2,verificado
When You Touch Me,Dance,A Guy Called Gerald,Inglés,1995,9.2,verificado
Blank Narrow Shut,Dance,Scala,Inglés,1998,9.2,verificado
Sunchyme,Dance,Dario G,Inglés,1997,9.2,verificado
New Religion,Dance,Empirion,Inglés,1996,9.2,verificado
Word Up,Dance,[unknown],Inglés,1995,9.2,verificado
Holiday,Dance,[unknown],Inglés,1995,9.2,verificado
Bayou Pon Pon,Dance,Michael Doucet,Inglés,1998,9.2,verificado
Search for Marden Hill…,Dance,45 Dip,Inglés,1999,9.2,verificado
Step Right On (Dub),Dance,Young Disciples,Inglés,1991,9.2,verificado
Long Hot Summer ’89,Dance,The Style Council,Inglés,1998,9.2,verificado
Plasmic Head,Dance,Freakniks,Inglés,1995,9.2,verificado
Disco Elements Volume 5 (original),Dance,Sensory Productions,Inglés,1996,9.2,verificado
Don’t Speak,Dance,No Doubt,Inglés,1997,9.2,verificado
Faces,Dance,2 Unlimited,Inglés,1993,9.2,verificado
Get Loose,Dance,Tony De Vit,Inglés,1997,9.2,verificado
Love Will Bring Us Back Together,Dance,Roy Ayers,Inglés,1992,9.2,verificado
Reactor A,Dance,The Ladder,Inglés,1997,9.2,verificado
Devil in a Sports Shirt,Dance,Midfield General,Inglés,1997,9.2,verificado
Subzero,Dance,Red Myers,Inglés,1997,9.2,verificado
Supersub,Dance,Monoman,Inglés,1997,9.2,verificado
Lion Generation,Dance,Adelphi,Inglés,1997,9.2,verificado
Remember How to Breathe,Dance,Scala,Inglés,1998,9.2,verificado
Wires,Dance,Scala,Inglés,1998,9.2,verificado
Out for a Day,Dance,G.D. Luxxe,Inglés,1999,9.2,verificado
Geisha Girl,Dance,G.D. Luxxe,Inglés,1999,9.2,verificado
Can You Feel the Force,Dance,The Real Thing,Inglés,1996,9.2,verificado
Trigger Hippie (Diabolical Beats),Dance,Morcheeba,Inglés,1996,9.2,verificado
Found a Cure,Dance,Ultra Naté,Inglés,1998,9.2,verificado
Chicago Song,Dance,David Sanborn,Inglés,1991,9.2,verificado
Poo Poo La La,Dance,Roy Ayers,Inglés,1991,9.2,verificado
Ayahuasca,Dance,Empirion,Inglés,1996,9.2,verificado
Calling Your Name,Trance,Libra,Inglés,1999,9.2,verificado
Moon,Trance,Virus,Inglés,1996,9.2,verificado
Banks of Babylon,Trance,State of Emergency,Inglés,1996,9.2,verificado
Implode,Trance,Cassidy,Inglés,1999,9.2,verificado
Another Way,Trance,Paul van Dyk,Inglés,1999,9.2,verificado
Inner City Life,Trance,Metalheads,Inglés,1994,9.2,verificado
The Biggest Bean You’ve Ever Seen,Ska,Judge Dread,Inglés,1994,9.2,verificado
All in the Mind,Ska,Judge Dread,Inglés,1994,9.2,verificado
Double Shot,Ska,Beverley’s All Stars,Inglés,1999,9.2,verificado
Rock Steady,Ska,Alton Ellis,Inglés,1992,9.2,verificado
The Blue Cross Code,Ska,Judge Dread,Inglés,1994,9.2,verificado
Rudy Got Soul,Ska,Desmond Dekker,Inglés,1993,9.2,verificado
Nite Club,Ska,The Specials,Inglés,1999,9.2,verificado
Magical Feeling,Ska,The International Beat,Inglés,1990,9.2,verificado
Pied Piper,Ska,Bob & Marcia,Inglés,1995,9.2,verificado
Freedom Street,Ska,Ken Boothe,Inglés,1994,9.2,verificado
Judge Dread In Court,Ska,Derrick Morgan,Inglés,1993,9.2,verificado
Sammy Dead,Ska,Desmond Dekker,Inglés,1993,9.2,verificado
Christine Keeler,Ska,The Skatalites,Inglés,1997,9.2,verificado
Humpty Dumpty,Ska,Desmond Dekker,Inglés,1993,9.2,verificado
Version,Ska,The Specials,Inglés,1993,9.2,verificado
Drugs and Poison,Ska,The Upsetters,Inglés,1998,9.2,verificado
True Confession,Ska,U‐Roy,Inglés,1995,9.2,verificado
Julie Julie,Ska,The Hotknives,Inglés,1993,9.2,verificado
Go Jimmy Go,Ska,The Wailers,Inglés,1991,9.2,verificado
The Israelites,Ska,Desmond Dekker,Inglés,1991,9.2,verificado
Average Man,Ska,Maroon Town,Inglés,1990,9.2,verificado
Suzanne Beware of the Devil,Ska,Dandy Livingstone,Inglés,1995,9.2,verificado
Grandad’s Flannelette Nightshirt,Ska,Judge Dread,Inglés,1994,9.2,verificado
Donkey Dick,Ska,Judge Dread,Inglés,1994,9.2,verificado
Belle of Snodland Town,Ska,Judge Dread,Inglés,1994,9.2,verificado
Sweet Sensation,Ska,The Melodians,Inglés,1992,9.2,verificado
Jamaica Ska,Ska,Byron Lee,Inglés,1998,9.2,verificado
007 Shanty Town,Ska,Byron Lee,Inglés,1997,9.2,verificado
You Can Get It If You Really Want It,Ska,Desmond Dekker,Inglés,1995,9.2,verificado
This Heart of Mine,Ska,Delroy Wilson,Inglés,1995,9.2,verificado
Oh Little Girl (take 2),Ska,Lloyd & Glen,Inglés,1998,9.2,verificado
Keep My Love From Fading,Ska,Ken Boothe,Inglés,1999,9.2,verificado
Living in a Suitcase,Ska,The Loafers,Inglés,1996,9.2,verificado
Bongo Tango,Ska,Roland Alphonso,Inglés,1991,9.2,verificado
Monkey Man,Ska,Toots & The Maytals,Inglés,1991,9.2,verificado
Lockdown,Ska,Less Than Jake,Inglés,1996,9.2,verificado
Rock‐n‐Roll Pizzeria,Ska,Less Than Jake,Inglés,1996,9.2,verificado
Midnight Track,Ska,Owen Gray,Inglés,1993,9.2,verificado
Baggy Trousers,Ska,Jive Bunny & the Mastermixers,Inglés,1999,9.2,verificado
Jamaica Jerk (Off),Ska,Judge Dread,Inglés,1991,9.2,verificado
Long Shot Kick de Bucket,Ska,The Specials,Inglés,1992,9.2,verificado
Mind the Doors,Ska,Judge Dread,Inglés,1994,9.2,verificado
Dread’s Law,Ska,Judge Dread,Inglés,1994,9.2,verificado
Big Nine,Ska,Judge Dread,Inglés,1994,9.2,verificado
Take Off Your Clothes,Ska,Judge Dread,Inglés,1994,9.2,verificado
Big One,Ska,Judge Dread,Inglés,1994,9.2,verificado
Sit Down Servant,Ska,Jackie Opel,Inglés,1991,9.2,verificado
Knockout Punch,Ska,Don Drummond,Inglés,1997,9.2,verificado
Ska Skank,Ska,Natural Rhythm,Inglés,1996,9.2,verificado
Dreader Than Dread,Ska,Honey Boy Martin,Inglés,1992,9.2,verificado
Y Viva Suspenders,Ska,Judge Dread,Inglés,1998,9.2,verificado
Run Away,Ska,The Slackers,Inglés,1996,9.2,verificado
Jungle Music,Ska,Rico Rodriguez,Inglés,1997,9.2,verificado
Carnaby Street,Ska,The Volecanoes,Inglés,1995,9.2,verificado
What Kung Fu Dat,Ska,Judge Dread,Inglés,1994,9.2,verificado
Mary Ann,Ska,Judge Dread,Inglés,1994,9.2,verificado
Happyman,Ska,Less Than Jake,Inglés,1996,9.2,verificado
I’ll Get Along Without You,Ska,The Melodians,Inglés,1992,9.2,verificado
King Solomon,Ska,The Skatalites,Inglés,1997,9.2,verificado
Bangarang,Ska,Stranger Cole,Inglés,1993,9.2,verificado
Gonna Get Along Without You Now (radio edit),Ska,Bad Manners,Inglés,1996,9.2,verificado
Them a Laugh and a Kiki,Ska,Soulmates,Inglés,1990,9.2,verificado
Molly,Ska,Judge Dread,Inglés,1994,9.2,verificado
Right on King Hammond,Ska,King Hammond,Inglés,1996,9.2,verificado
Look at Me Now,Ska,The Volecanoes,Inglés,1996,9.2,verificado
Ding a Ling,Ska,Judge Dread,Inglés,1994,9.2,verificado
Dread’s Almanack,Ska,Judge Dread,Inglés,1994,9.2,verificado
Ska Fever,Ska,Judge Dread,Inglés,1996,9.2,verificado
Lovers Rock,Ska,Judge Dread,Inglés,1998,9.2,verificado
Broadway Jungle,Ska,Toots & The Maytals,Inglés,1997,9.2,verificado
Caught in Session,Ska,Snuff,Inglés,1996,9.2,verificado
Ska Pig,Ska,Mark Foggo's Skasters,Inglés,1994,9.2,verificado
Skatanic,Ska,Reel Big Fish,Inglés,1995,9.2,verificado
Last Call,Ska,The Silverstars,Inglés,1993,9.2,verificado
Enjoy Yourself,Ska,Prince Buster,Inglés,1993,9.2,verificado
Little Did You Know,Ska,The Techniques,Inglés,1993,9.2,verificado
Ska La Parisienne,Ska,The Skatalites,Inglés,1997,9.2,verificado
9th at Pine,Ska,Less Than Jake,Inglés,1996,9.2,verificado
Krazy Glue,Ska,Less Than Jake,Inglés,1996,9.2,verificado
Let Your Yeah Be Yeah,Ska,The Pioneers,Inglés,1991,9.2,verificado
Spirits in the Material World,Ska,Pato Banton,Inglés,1997,9.2,verificado
Liquor Store,Ska,Less Than Jake,Inglés,1995,9.2,verificado
Big,Ska,Less Than Jake,Inglés,1995,9.2,verificado
Blindsided,Ska,Less Than Jake,Inglés,1995,9.2,verificado
Johnny Quest Thinks We’re Sellouts,Ska,Less Than Jake,Inglés,1995,9.2,verificado
Shotgun,Ska,Less Than Jake,Inglés,1995,9.2,verificado
"Alternative, Baby",Ska,Reel Big Fish,Inglés,1996,9.2,verificado
Motto,Ska,Less Than Jake,Inglés,1998,9.2,verificado
Nervous in the Alley,Ska,Less Than Jake,Inglés,1998,9.2,verificado
Last One Out of Liberty City,Ska,Less Than Jake,Inglés,1998,9.2,verificado
My Very Own Flag,Ska,Less Than Jake,Inglés,1995,9.2,verificado
Where in the Hell Is Mike Sinkovich?,Ska,Less Than Jake,Inglés,1995,9.2,verificado
Growing Up on a Couch,Ska,Less Than Jake,Inglés,1995,9.2,verificado
Modern World,Ska,Less Than Jake,Inglés,1999,9.2,verificado
Jackie's Theme,Ska,Jackie Mittoo,Inglés,1999,9.2,verificado
Where’d You Go?,Ska,The Mighty Mighty Bosstones,Inglés,1995,9.2,verificado
Theme Song for H Street,Ska,Less Than Jake,Inglés,1998,9.2,verificado
Big Crash,Ska,Less Than Jake,Inglés,1998,9.2,verificado
The Kids Don’t Like It,Ska,Reel Big Fish,Inglés,1998,9.2,verificado
Out of the Crowd,Ska,Less Than Jake,Inglés,1995,9.2,verificado
Throw the Brick,Ska,Less Than Jake,Inglés,1995,9.2,verificado
Woman of the Ghetto,Ska,Phyllis Dillon,Inglés,1998,9.2,verificado
Night and Day,Ska,Toots & The Maytals,Inglés,1998,9.2,verificado
Rocksteady,Ska,Byron Lee,Inglés,1999,9.2,verificado
I’ll Never Be,Ska,Reel Big Fish,Inglés,1996,9.2,verificado
Danny Says,Ska,Less Than Jake,Inglés,1998,9.2,verificado
Great American Sharpshooter,Ska,Less Than Jake,Inglés,1998,9.2,verificado
Five State Drive,Ska,Less Than Jake,Inglés,1998,9.2,verificado
One Last Cigarette / Laverne and Shirley,Ska,Less Than Jake,Inglés,1995,9.2,verificado
"Snoop Dog, Baby",Ska,Reel Big Fish,Inglés,1995,9.2,verificado
S.R.,Ska,Reel Big Fish,Inglés,1995,9.2,verificado
Jen Doesn’t Like Me Anymore,Ska,Less Than Jake,Inglés,1995,9.2,verificado
History of a Boring Town,Ska,Less Than Jake,Inglés,1998,9.2,verificado
Scott Farcas Takes It on the Chin,Ska,Less Than Jake,Inglés,1998,9.2,verificado
"Richard Allen George…No, It’s Just Cheez",Ska,Less Than Jake,Inglés,1998,9.2,verificado
Bad Seed,Hard rock,Wayne Kramer,Español,1995,9.2,verificado
Wind of Change,Hard rock,Scorpions,Español,1991,9.2,verificado
True to the Game,Hip hop,Ice Cube,Español,1991,9.2,verificado
Siete,Hip hop,7 Notas 7 Colores,Español,1999,9.2,verificado
Scream,Hip hop,DJ Jazzy Jeff & the Fresh Prince,Español,1993,9.2,verificado
Just Kickin' It,Hip hop,DJ Jazzy Jeff & the Fresh Prince,Español,1993,9.2,verificado
Shadow Dreams,Hip hop,DJ Jazzy Jeff & the Fresh Prince,Español,1993,9.2,verificado
Somethin' Like Dis,Hip hop,DJ Jazzy Jeff & the Fresh Prince,Español,1993,9.2,verificado
Man’s Best Friend,Hip hop,Ice Cube,Español,1991,9.2,verificado
I Wanna Kill Sam,Hip hop,Ice Cube,Español,1991,9.2,verificado
Kiss of Life,Soul,Sade,Español,1992,9.2,verificado
Soñar y nada más,Dance,Alfredo De Angelis,Español,1993,9.2,verificado
Pay No Mind (radio edit),Dance,Culture Beat,Español,1998,9.2,verificado
Beat It,Dance,Michael Jackson,Español,1997,9.2,verificado
Found Love,Dance,Double Dee,Español,1990,9.2,verificado
Celebration (radio Party vocal),Dance,Fun Factory,Español,1995,9.2,verificado
Suavemente,Dance,Elvis Crespo,Español,1998,9.2,verificado
Mamboleo,Dance,Loona,Español,1999,9.2,verificado
Paradise...,House,Vengaboys,Español,1998,9.2,verificado
Look Who’s Talking (long),House,Dr. Alban,Español,1994,9.2,verificado
Flashback,House,Laurent Garnier,Español,1997,9.2,verificado
Rendez-Vous (radio edit),House,Culture Beat,Español,1998,9.2,verificado
Let’s Celebrate,House,2 Unlimited,Español,1998,9.2,verificado
Ruf Mich An (Call Me Now),Trance,Paffendorf,Español,1998,9.2,verificado
Gouryella (short extended),Trance,Gouryella,Español,1999,9.2,verificado
The Spirit,Trance,Dagon,Español,1999,9.2,verificado
The 7th Hallucination (The 7th main),Trance,Datura,Español,1994,9.2,verificado
Heart of a Lion,Reggae,Shabba Ranks,Español,1996,9.2,verificado
Vacaciones en el Prat,Reggae,Decibelios,Español,1998,9.2,verificado
Reina de corazones,Pop,Los Secretos,Español,1999,9.2,verificado
Blanca del sal (bulerías),Pop,Remedios Amaya,Español,1997,9.2,verificado
Tratante de vara larga (Jaleos extremeños),Pop,Remedios Amaya,Español,1997,9.2,verificado
Bailando en el desván,Pop,Los Secretos,Español,1999,9.2,verificado
El Jamaiquino,Pop,Niño Rivera,Español,1991,9.2,verificado
Rezo,Pop,El Lebrijano,Español,1998,9.2,verificado
Vuelve conmigo,Pop,Anabel Conde,Español,1996,9.2,verificado
Quiero beber hasta perder el control,Pop,Los Secretos,Español,1996,9.2,verificado
Lágrimas negras,Pop,Vieja Trova Santiaguera,Español,1994,9.2,verificado
Mujer perjura,Pop,Vieja Trova Santiaguera,Español,1994,9.2,verificado
Ya me olvidé de ti,Pop,Los Secretos,Español,1991,9.2,verificado
Fantasy,Pop,Charo,Español,1994,9.2,verificado
Un negrito en La Habana,Pop,Eliades Ochoa,Español,1999,9.2,verificado
La comparsa,Pop,Eliades Ochoa,Español,1995,9.2,verificado
Casapuerta,Pop,Mayte Martín,Español,1995,9.2,verificado
Laila,Pop,Flamenco sin fronteras,Español,1997,9.2,verificado
Capullito de alhelí,Pop,Vieja Trova Santiaguera,Español,1994,9.2,verificado
La chacarera del 55,Pop,Mercedes Sosa,Español,1995,9.2,verificado
A Pepe “Habichuela” (soleá),Pop,Adam Del Monte,Español,1997,9.2,verificado
Neshamá (tarantas),Pop,Adam Del Monte,Español,1997,9.2,verificado
Sevilla,Pop,Adam Del Monte,Español,1997,9.2,verificado
Mi calderito,Pop,Compay Segundo,Español,1996,9.2,verificado
Silencio,Pop,Compay Segundo,Español,1996,9.2,verificado
Soledad,Pop,Radio Tarifa,Español,1993,9.2,verificado
Yo sé quien soy,Pop,Daniel Viglietti,Español,1993,9.2,verificado
De cabeza,Pop,Daniel Viglietti,Español,1993,9.2,verificado
Prólogo,Pop,Daniel Viglietti,Español,1993,9.2,verificado
Arrolla cubano,Pop,María Teresa Vera,Español,1990,9.2,verificado
Bubbles,Pop,Charo,Español,1994,9.2,verificado
Legend,Pop,Charo,Español,1994,9.2,verificado
Yo vengo aquí,Pop,Compay Segundo,Español,1996,9.2,verificado
Buscando,Pop,Los Secretos,Español,1996,9.2,verificado
Amiga mala suerte,Pop,Los Secretos,Español,1996,9.2,verificado
Frío,Pop,Los Secretos,Español,1991,9.2,verificado
Salada claridad,Pop,El Lebrijano,Español,1998,9.2,verificado
El paralítico,Pop,Vieja Trova Santiaguera,Español,1994,9.2,verificado
Volver,Pop,Eliades Ochoa,Español,1999,9.2,verificado
El sueño vencio al león,Pop,El Lebrijano,Español,1998,9.2,verificado
Hoy no,Pop,Los Secretos,Español,1996,9.2,verificado
Zafiro i luna,Pop,Mayte Martín,Español,1995,9.2,verificado
Pastora Holiday,Pop,Mayte Martín,Español,1995,9.2,verificado
El trío y el ciclón,Pop,Eliades Ochoa,Español,1995,9.2,verificado
Colgada de la luna,Pop,Azúcar Moreno,Español,1994,9.2,verificado
Me gustas mucho,Pop,Rocío Dúrcal,Español,1992,9.2,verificado
Amarraita en tu pelo (tangos),Pop,Remedios Amaya,Español,1997,9.2,verificado
Macorina,Pop,Chavela Vargas,Español,1994,9.2,verificado
Turu turai (tangos),Pop,Remedios Amaya,Español,1997,9.2,verificado
Torre del viento (bulerías),Pop,Remedios Amaya,Español,1997,9.2,verificado
Echo de menos,Pop,Kiko Veneno,Español,1993,9.2,verificado
Vaya con Dios,Pop,Nana Mouskouri,Español,1991,9.2,verificado
Ni tú ni yo,Pop,Sergio Vargas,Español,1996,9.2,verificado
Mi guajirita,Pop,Eliades Ochoa,Español,1999,9.2,verificado
Lo bueno y lo malo,Pop,Duquende,Español,1993,9.2,verificado
Chilares,Pop,Mayte Martín,Español,1995,9.2,verificado
Cariño falso,Pop,Eliades Ochoa,Español,1999,9.2,verificado
Al calzón quitao,Pop,El Lebrijano,Español,1998,9.2,verificado
Cariño trianero,Pop,Carmen Sevilla,Español,1998,9.2,verificado
Las mañanitas,Pop,Nat King Cole,Español,1993,9.2,verificado
Muñeca cruel,Pop,Enrique Iglesias,Español,1995,9.2,verificado
Esdrújulo,Pop,Daniel Viglietti,Español,1993,9.2,verificado
Mucho poquito y nada,Pop,Daniel Viglietti,Español,1993,9.2,verificado
Delinco,Pop,Daniel Viglietti,Español,1993,9.2,verificado
Los que iban cantando,Pop,Daniel Viglietti,Español,1993,9.2,verificado
Epílogo,Pop,Daniel Viglietti,Español,1993,9.2,verificado
Tengo un amigo,Pop,Daniel Viglietti,Español,1993,9.2,verificado
Vaivenes,Pop,Daniel Viglietti,Español,1993,9.2,verificado
Los tejados,Pop,Cómplices,Español,1990,9.2,verificado
No ha parado de llover,Pop,Maná,Español,1995,9.2,verificado
Si juras regresar,Pop,Enrique Iglesias,Español,1995,9.2,verificado
Menéalo (radio),Pop,Fransheska,Español,1991,9.2,verificado
Romance Of Love,Pop,Charo,Español,1994,9.2,verificado
Seduction (Medley),Pop,Charo,Español,1994,9.2,verificado
Chicharrones,Pop,Compay Segundo,Español,1996,9.2,verificado
Borriquito,Pop,Peret,Español,1992,9.2,verificado
Plaza de los algibes,Pop,Mayte Martín,Español,1995,9.2,verificado
Chasqueona,Pop,Mayte Martín,Español,1995,9.2,verificado
Teje que teje,Pop,Eliades Ochoa,Español,1999,9.2,verificado
La Llorona,Pop,Chavela Vargas,Español,1993,9.2,verificado
Dos caras distintas,Pop,Los Secretos,Español,1996,9.2,verificado
Agárrate a mí María,Pop,Los Secretos,Español,1996,9.2,verificado
Retorna,Pop,Vieja Trova Santiaguera,Español,1994,9.2,verificado
Olvido,Pop,Vieja Trova Santiaguera,Español,1994,9.2,verificado
Blancas azucenas,Pop,Vieja Trova Santiaguera,Español,1994,9.2,verificado
Bulerías de la perla,Pop,Triana Pura,Español,1998,9.2,verificado
En esta tarde gris,Pop,Martirio,Español,1999,9.2,verificado
Pleamar,Pop,Vicente Amigo,Español,1997,9.2,verificado
Alma de roca,Pop,Vieja Trova Santiaguera,Español,1994,9.2,verificado
Your Body Heat,Pop,Charo,Español,1994,9.2,verificado
Sobre un vidrio mojado,Pop,Los Secretos,Español,1992,9.2,verificado
Del placer que irrita,Pop,El Lebrijano,Español,1998,9.2,verificado
A canela y menta,Pop,El Lebrijano,Español,1998,9.2,verificado
Tunisia (Tangos),Pop,Rafael Riqueni,Español,1990,9.2,verificado
El hotel del amor,Pop,Los Secretos,Español,1999,9.2,verificado
Cada minuto,Pop,Álvaro Urquijo,Español,1999,9.2,verificado
Dos toreros (tanguillos),Pop,Remedios Amaya,Español,1997,9.2,verificado
Llantos de la Juderia (seguiríya),Pop,Adam Del Monte,Español,1997,9.2,verificado
Blue Rumba (rumba),Pop,Adam Del Monte,Español,1997,9.2,verificado
El otro rostro,Pop,Daniel Viglietti,Español,1993,9.2,verificado
Las agujas de un reloj,Pop,Daniel Viglietti,Español,1993,9.2,verificado
El talismán,Pop,Rosana,Español,1996,9.2,verificado
Hoy ten miedo de mí,Pop,Fernando Delgadillo,Español,1992,9.2,verificado
Derroche,Pop,Ana Belén,Español,1993,9.2,verificado
Habichuela en Rama (Bulerías),Pop,Pepe Habichuela,Español,1997,9.2,verificado
Vino amargo,Pop,Rafael Farina,Español,1996,9.2,verificado
Libre,Pop,Ricardo Arjona,Español,1991,9.2,verificado
Experiencia religiosa,Pop,Enrique Iglesias,Español,1995,9.2,verificado
No he podido verte,Pop,Emmanuel,Español,1990,9.2,verificado
Alevosía,Pop,Luis Eduardo Aute,Español,1995,9.2,verificado
Este mundo,Pop,Gipsy Kings,Español,1991,9.2,verificado
No volvere,Pop,Gipsy Kings,Español,1991,9.2,verificado
Necesito amarte,Pop,Marc Anthony,Español,1993,9.2,verificado
Reforéstame,Pop,Juan Luis Guerra 4.40,Español,1990,9.2,verificado
Chiquito,Pop,Paco de Lucía,Español,1995,9.2,verificado
Sin ella,Pop,Gipsy Kings,Español,1991,9.2,verificado
Habla me,Pop,Gipsy Kings,Español,1991,9.2,verificado
Baila morena,Pop,Julio Iglesias,Español,1995,9.2,verificado
Oy,Pop,Gipsy Kings,Español,1991,9.2,verificado
"Lola, Lola",Pop,Ricky Martin,Español,1998,9.2,verificado
Mi vida,Pop,Gipsy Kings,Español,1991,9.2,verificado
Oh maï,Pop,Gipsy Kings,Español,1991,9.2,verificado
Compadres,Pop,Paco de Lucía,Español,1995,9.2,verificado
Danza ritual del fuego (De “El amor brujo”),Pop,Paco de Lucía,Español,1995,9.2,verificado
La cueva del gato,Pop,Paco de Lucía,Español,1995,9.2,verificado
Ternuras,Pop,Gipsy Kings,Español,1991,9.2,verificado
Oh Eh Oh Eh,Pop,Gipsy Kings,Español,1998,9.2,verificado
The Ripper,Hard rock,Lita Ford,Español,1990,9.2,verificado
I Know,Soul,Dionne Farris,Español,1994,9.2,verificado
Born Slippy .NUXX (Deep Pan),Techno,Underworld,Español,1996,9.2,verificado
I Should Have Known Better,Reggae,The Skatalites,Español,1994,9.2,verificado
Cleopatra,Reggae,The Skatalites,Español,1997,9.2,verificado
Two for One,Reggae,The Skatalites,Español,1997,9.2,verificado
Killer Diller,Reggae,The Skatalites,Español,1997,9.2,verificado
Hot Cargo,Reggae,The Skatalites,Español,1997,9.2,verificado
Dance the Ska,Reggae,The Skatalites,Español,1994,9.2,verificado
Bandiera rossa,Reggae,Les Motivés,Español,1997,9.2,verificado
Exodus,Reggae,The Skatalites,Español,1997,9.2,verificado
Hanging Tree,Reggae,The Skatalites,Español,1997,9.2,verificado
Minha alma (A paz que eu não quero),Reggae,O Rappa,Español,1999,9.2,verificado
Theme From an Imaginary Film,Rock argentino,Blur,Español,1994,9.1,verificado
I Don’t Think So,Rock argentino,Dinosaur Jr.,Español,1994,9.1,verificado
M.O.R. (road version),Rock argentino,Blur,Español,1997,9.1,verificado
Love and Money,Rock argentino,Dolly,Español,1997,9.1,verificado
Negative Creep,Rock argentino,Nirvana,Español,1995,9.1,verificado
High,Rock argentino,Feeder,Español,1997,9.1,verificado
Black Dog on My Shoulder,Rock argentino,Manic Street Preachers,Español,1998,9.1,verificado
M.O.R.,Rock argentino,Blur,Español,1997,9.1,verificado
Trapeze Freak,Rock argentino,Fu Manchu,Español,1995,9.1,verificado
Pennyroyal Tea,Rock argentino,Nirvana,Español,1993,9.1,verificado
All Apologies,Rock argentino,Nirvana,Español,1993,9.1,verificado
Been a Son,Rock argentino,Nirvana,Español,1995,9.1,verificado
Mal bicho,Rock argentino,Los Fabulosos Cadillacs,Español,1998,9.1,verificado
U47’s,Rock argentino,Cornershop,Español,1998,9.1,verificado
Hedonism (Just Because You Feel Good),Rock argentino,Skunk Anansie,Español,1996,9.1,verificado
Drain You,Rock argentino,Nirvana,Español,1995,9.1,verificado
Don’t Cry for Me Argentina,Rock argentino,Sinéad O’Connor,Español,1992,9.1,verificado
I Can’t Be With You,Rock argentino,The Cranberries,Español,1994,9.1,verificado
Say What You Want,Rock argentino,Texas,Español,1997,9.1,verificado
Hook,Rock argentino,Blues Traveler,Español,1994,9.1,verificado
Dreams,Rock argentino,The Cranberries,Español,1992,9.1,verificado
Mr. Wendal,Rock argentino,Arrested Development,Español,1992,9.1,verificado
I Stand Accused,Rock argentino,Public Enemy,Español,1994,9.1,verificado
Death of a Carjacka,Rock argentino,Public Enemy,Español,1994,9.1,verificado
Hitler Day,Rock argentino,Public Enemy,Español,1994,9.1,verificado
Godd Complexx,Rock argentino,Public Enemy,Español,1994,9.1,verificado
Pray,Rock argentino,MC Hammer,Español,1990,9.1,verificado
Down Bottom,Rock argentino,Ruff Ryders,Español,1999,9.1,verificado
Terrible,Rock argentino,Insane Clown Posse,Español,1999,9.1,verificado
Bring It On,Rock argentino,Insane Clown Posse,Español,1999,9.1,verificado
Play With Me,Rock argentino,Insane Clown Posse,Español,1999,9.1,verificado
Love Won’t Let Me Wait,Rock argentino,Major Harris,Español,1990,9.1,verificado
Give It Up (Turn It Loose),Rock argentino,Tyrone Davis,Español,1996,9.1,verificado
Mr Blobby,Rock argentino,Mr Blobby,Español,1993,9.1,verificado
Is This a Love Thing,Rock argentino,Raydio,Español,1998,9.1,verificado
Stay the Night,Rock argentino,Ray Parker Jr.,Español,1998,9.1,verificado
Get Ready for This,Rock argentino,2 Unlimited,Español,1991,9.1,verificado
Do Ya Feel,Rock argentino,Right Said Fred,Español,1992,9.1,verificado
No One on Earth,Rock argentino,Right Said Fred,Español,1992,9.1,verificado
Upon My Heart,Rock argentino,Right Said Fred,Español,1992,9.1,verificado
Swan,Rock argentino,Right Said Fred,Español,1992,9.1,verificado
Is It True About Love?,Rock argentino,Right Said Fred,Español,1992,9.1,verificado
Roll Down Di Rubber Man,Rock argentino,Dr. Alban,Español,1992,9.1,verificado
Too Much of a Good Thing,Rock argentino,Kylie Minogue,Español,1991,9.1,verificado
Macarena (Non Stop version),Rock argentino,Los del Río,Español,1996,9.1,verificado
Heart of Stone,Rock argentino,Taylor Dayne,Español,1995,9.1,verificado
Electrica Salsa (Extended),Rock argentino,Clotta,Español,1998,9.1,verificado
Shut Your Mouth and Open Your Mind,Rock argentino,Scatman John,Español,1996,9.1,verificado
Rio,Rock argentino,坂本龍一,Español,1995,9.1,verificado
A day in the park,Rock argentino,坂本龍一,Español,1995,9.1,verificado
Crazy Chance,Rock argentino,Kavana,Español,1996,9.1,verificado
La Niña (Del Pañuelo Colorado) (The Afterhours Meme Dub),Rock argentino,Los del Río,Español,1996,9.1,verificado
Cafe Del Mar,Rock argentino,Energy 52,Español,1997,9.1,verificado
Macarena (Keith Litman Tribal dub),Rock argentino,Los del Río,Español,1998,9.1,verificado
Falésia Do Amor,Rock argentino,Santamaria,Español,1999,9.1,verificado
Tension in New York,Rock argentino,Neil Landstrumm,Español,1997,9.1,verificado
Turn the Beat Around,Dance,Vicki Sue Robinson,Inglés,1997,9.1,verificado
Sean’s Waltz,Dance,Wild Asparagus,Inglés,1997,9.1,verificado
Obsession,Dance,Fem 2 Fem,Inglés,1997,9.1,verificado
Twilight Zone,Dance,2 Unlimited,Inglés,1995,9.1,verificado
Ray of Light,Dance,Madonna,Inglés,1999,9.1,verificado
Gridiron Groove...,Dance,[unknown],Inglés,1995,9.1,verificado
Don’t Wanna Fall in Love,Dance,Jane Child,Inglés,1991,9.1,verificado
Love Revolution,Dance,Army of Lovers,Inglés,1990,9.1,verificado
Itchycoo Park,Dance,M People,Inglés,1995,9.1,verificado
Music for Boys,Dance,Pet Shop Boys,Inglés,1991,9.1,verificado
Superstring,Trance,Akira Inc.,Inglés,1999,9.1,verificado
Carte Blanche (radio edit),Trance,Veracocha,Inglés,1999,9.1,verificado
Beautiful Place (alternative radio edit),Trance,Paul van Dyk,Inglés,1996,9.1,verificado
El Niño (radio edit),Trance,Agnelli & Nelson,Inglés,1999,9.1,verificado
Paradise (Micro dub),Trance,Miro,Inglés,1998,9.1,verificado
Alternator,Trance,Node,Inglés,1995,9.1,verificado
The Phaser,Trance,The Holy Ghost,Inglés,1995,9.1,verificado
Iron Sun,Trance,Dimension 5,Inglés,1997,9.1,verificado
Oxygen Cult,Trance,Deviant Electronics,Inglés,1997,9.1,verificado
Anathema,Trance,Atahualpa,Inglés,1993,9.1,verificado
Atlantis,Trance,Dance 2 Trance,Inglés,1992,9.1,verificado
Touch the Sun,Trance,Sundog,Inglés,1996,9.1,verificado
Centurion,Trance,L.S.G.,Inglés,1997,9.1,verificado
Novastorm,Trance,L.S.G.,Inglés,1997,9.1,verificado
Netherworld (vinyl cut),Trance,L.S.G.,Inglés,1997,9.1,verificado
Animal,Trance,Lost It.com,Inglés,1996,9.1,verificado
7:7 Expansion,Trance,System 7,Inglés,1993,9.1,verificado
A Cool Dry Place,Trance,System 7,Inglés,1993,9.1,verificado
Sinbad,Trance,System 7,Inglés,1993,9.1,verificado
Faydeaudeau,Trance,System 7,Inglés,1993,9.1,verificado
Pandomia,Trance,DJ Randy,Inglés,1997,9.1,verificado
Blue Fear (Trouser Enthusiasts E.B.E. instrumental),Trance,Armin van Buuren,Inglés,1997,9.1,verificado
Space,Trance,Jupiterhead,Inglés,1996,9.1,verificado
Protect Your Mind (For the Love of a Princess) (edit),Trance,DJ Sakin,Inglés,1999,9.1,verificado
Mental Movement,Trance,Overtone,Inglés,1999,9.1,verificado
Nade Mas,Trance,XS,Inglés,1996,9.1,verificado
Perfect Day,Trance,The Visions of Shiva,Inglés,1997,9.1,verificado
Deeper Love (Paul van Dyk dub),Trance,Digi Valley,Inglés,1997,9.1,verificado
Cincinatti Kid,Ska,Prince Buster,Inglés,1999,9.1,verificado
Do Nothing,Ska,The Specials,Inglés,1991,9.1,verificado
Valhalla,Heavy metal,Gigatron,Español,1998,9.1,verificado
Phenomenon,Rap,LL Cool J,Español,1997,9.1,verificado
Are You Still in Love With Me,Soul,Keith Washington,Español,1991,9.1,verificado
"Mercy, Mercy, Mercy",Soul,Cannonball Adderley,Español,1991,9.1,verificado
Feel No Pain,Soul,Sade,Español,1992,9.1,verificado
Cherish the Day,Soul,Sade,Español,1992,9.1,verificado
Say You Love Me,Soul,Simply Red,Español,1998,9.1,verificado
Everybody Plays the Fool,Soul,Aaron Neville,Español,1991,9.1,verificado
Be Free Tonight,House,2 Unlimited,Español,1998,9.1,verificado
Edge of Heaven,House,2 Unlimited,Español,1998,9.1,verificado
Medusa,Techno,Jeff Mills,Español,1997,9.1,verificado
Sound (Parboiled edit),Techno,Humate,Español,1995,9.1,verificado
Protect Your Mind,Techno,DJ Sakin,Español,1998,9.1,verificado
Casa,Techno,Jeff Mills,Español,1995,9.1,verificado
Go Ahead London,Techno,Tesox,Español,1995,9.1,verificado
I’m Raving,Techno,Scooter,Español,1996,9.1,verificado
Cubango,Techno,Jeff Mills,Español,1996,9.1,verificado
i9,Techno,Jeff Mills,Español,1996,9.1,verificado
Anastasia,Techno,T99,Español,1991,9.1,verificado
The Dancer,Techno,Jeff Mills,Español,1996,9.1,verificado
Tango,Techno,Jeff Mills,Español,1996,9.1,verificado
Masterplan,Techno,Jeff Mills,Español,1996,9.1,verificado
Paradise,Techno,Jeff Mills,Español,1996,9.1,verificado
Up,Techno,Ilsa Gold,Español,1993,9.1,verificado
The Trick,Techno,The Prodigy,Español,1996,9.1,verificado
(Don't) Take More,Techno,Cristian Vogel,Español,1996,9.1,verificado
Medicine Man,Techno,Jeff Mills,Español,1996,9.1,verificado
Reverting,Techno,Jeff Mills,Español,1995,9.1,verificado
Already There,Trance,Chicane,Español,1997,9.1,verificado
Don’t Stop,Trance,ATB,Español,1999,9.1,verificado
Heartbreak Suzie,Reggae,Shaggy,Español,1995,9.1,verificado
Quince años,Pop,Shakira,Español,1993,9.1,verificado
Como Camarón,Pop,Estopa,Español,1999,9.1,verificado
Crack in the Union Jack,Pop,Suede,Español,1999,9.1,verificado
Down,Pop,Suede,Español,1999,9.1,verificado
Leather Jacket,Pop,Ben Folds Five,Español,1999,9.1,verificado
Asbestos,Pop,Suede,Español,1999,9.1,verificado
Indian Strings,Pop,Suede,Español,1999,9.1,verificado
Plowed,Pop,Sponge,Español,1994,9.1,verificado
Savoir Faire,Pop,Suede,Español,1999,9.1,verificado
Elephant Man,Pop,Suede,Español,1999,9.1,verificado
Head Music,Pop,Suede,Español,1999,9.1,verificado
Hi‐Fi,Pop,Suede,Español,1999,9.1,verificado
He’s Gone,Pop,Suede,Español,1999,9.1,verificado
Time Goes By,Heavy metal,Helloween,Español,1996,9.1,verificado
Hell on Earth (Front Lines),Hip hop,Mobb Deep,Español,1996,9.1,verificado
Ring My Bell (1979 original 12″),Soul,Anita Ward,Español,1990,9.1,verificado
I Turn to You,Soul,All‐4‐One,Español,1996,9.1,verificado
Open Your Heart,House,M People,Español,1995,9.1,verificado
The Rhythm of the Night (Lee Marrow airplay edit),House,Corona,Español,1994,9.1,verificado
Paint It Black,Rock argentino,U2,Español,1991,9.0,verificado
Be Quick or Be Dead,Rock argentino,Iron Maiden,Español,1992,9.0,verificado
Another Nice Day in L.A.,Rock argentino,Eddie Money,Español,1991,9.0,verificado
Can’t Fool Me,Rock argentino,Shotgun Messiah,Español,1991,9.0,verificado
No Man’s Land,Rock argentino,Winger,Español,1993,9.0,verificado
Double Talking Jive,Rock argentino,Guns N’ Roses,Español,1992,9.0,verificado
You Could Be Mine,Rock argentino,Guns N’ Roses,Español,1992,9.0,verificado
Only Women Bleed,Rock argentino,Guns N’ Roses,Español,1992,9.0,verificado
November Rain,Rock argentino,Guns N’ Roses,Español,1992,9.0,verificado
Trouble,Rock argentino,Shotgun Messiah,Español,1991,9.0,verificado
Sweet Child O’ Mine,Rock argentino,Guns N’ Roses,Español,1992,9.0,verificado
Knockin’ on Heaven’s Door,Rock argentino,Guns N’ Roses,Español,1992,9.0,verificado
Night Train,Rock argentino,Guns N’ Roses,Español,1992,9.0,verificado
Paradise City,Rock argentino,Guns N’ Roses,Español,1992,9.0,verificado
Spacemadness,Rock argentino,Beginner,Español,1996,9.0,verificado
Dakota,Rock argentino,MC Solaar,Español,1997,9.0,verificado
Paradisiaque,Rock argentino,MC Solaar,Español,1997,9.0,verificado
Nigga Bridges,Rock argentino,Onyx,Español,1993,9.0,verificado
"Jump, Jive and Wail",Rock argentino,Eight to the Bar,Español,1999,9.0,verificado
Moan and Groan,Rock argentino,Mark Morrison,Español,1996,9.0,verificado
Shout,Rock argentino,Haddaway,Español,1993,9.0,verificado
Heart Be Still,Rock argentino,Deee‐Lite,Español,1992,9.0,verificado
Rubias de New York,Rock argentino,Carlos Gardel,Español,1998,9.0,verificado
Por una cabeza,Rock argentino,Carlos Gardel,Español,1998,9.0,verificado
"Stay in Bed, Forget the Rest",Rock argentino,Deee‐Lite,Español,1994,9.0,verificado
Bring Me Your Love,Rock argentino,Deee‐Lite,Español,1994,9.0,verificado
Love Is Everything,Rock argentino,Deee‐Lite,Español,1992,9.0,verificado
One Love,Rock argentino,Dr. Alban,Español,1992,9.0,verificado
Apple Juice Kissing,Rock argentino,Deee‐Lite,Español,1994,9.0,verificado
Picnic in the Summertime,Rock argentino,Deee‐Lite,Español,1994,9.0,verificado
Basta de llamarme así (versión '93),Rock argentino,Los Fabulosos Cadillacs,Español,1993,9.0,verificado
Ñapa es,Rock argentino,Ska-P,Español,1996,9.0,verificado
Circo ibérico,Rock argentino,Ska-P,Español,1998,9.0,verificado
Preppie Girl,Rock argentino,Mad Caddies,Español,1997,9.0,verificado
Too Many People,Dance,Pet Shop Boys,Inglés,1993,9.0,verificado
Crash and Carry,Techno,Orbital,Inglés,1994,9.0,verificado
Human Drum,Techno,Cubanate,Inglés,1994,9.0,verificado
Junky,Techno,Cubanate,Inglés,1993,9.0,verificado
Bronchus 2,Techno,Autechre,Inglés,1993,9.0,verificado
Rhythm of Time (Victor the Cleaner),Techno,Front 242,Inglés,1991,9.0,verificado
That Man (He's All Mine),Techno,Inner City,Inglés,1990,9.0,verificado
Autonomy,Techno,Cubanate,Inglés,1993,9.0,verificado
Basscadet,Techno,Autechre,Inglés,1993,9.0,verificado
Fill 4,Techno,Speedy J,Inglés,1993,9.0,verificado
Lowride,Techno,Autechre,Inglés,1993,9.0,verificado
Eggshell,Techno,Autechre,Inglés,1993,9.0,verificado
Exert/Disorder,Techno,Cubanate,Inglés,1993,9.0,verificado
Follow Your Heart,Techno,Inner City,Inglés,1992,9.0,verificado
Autriche,Techno,Autechre,Inglés,1993,9.0,verificado
Windwind,Techno,Autechre,Inglés,1993,9.0,verificado
Maetl,Techno,Autechre,Inglés,1993,9.0,verificado
444,Techno,Autechre,Inglés,1993,9.0,verificado
Queer,Pop,Garbage,Español,1995,9.0,verificado
“... This Is Seagull”,Pop,The Snake Corps,Español,1990,9.0,verificado
Canario,Pop,No me pises que llevo chanclas,Español,1996,9.0,verificado
Medicina húmeda,Pop,Héroes del Silencio,Español,1995,9.0,verificado
Just in Lust,Pop,The Wildhearts,Español,1995,9.0,verificado
Cherry Lee,Pop,Dover,Español,1999,9.0,verificado
Poison Ivy,Pop,Meshell Ndegeocello,Español,1997,9.0,verificado
Shopping for Girls,Pop,Tin Machine,Español,1991,9.0,verificado
Look Into My Eyes,Pop,Bone Thugs‐n‐Harmony,Español,1997,9.0,verificado
Me and My Mulón,Pop,Dover,Español,1999,9.0,verificado
Free Kitten,Pop,Dover,Español,1999,9.0,verificado
Annie’s Gone,Pop,Redd Kross,Español,1990,9.0,verificado
Yeat’s Grave,Pop,The Cranberries,Español,1994,9.0,verificado
Steady Mobbin’,Hip hop,Ice Cube,Español,1991,9.0,verificado
The Wrong Nigga to Fuck Wit,Hip hop,Ice Cube,Español,1991,9.0,verificado
Death,Hip hop,Ice Cube,Español,1991,9.0,verificado
Doing Dumb Shit,Hip hop,Ice Cube,Español,1991,9.0,verificado
The Mask,Hip hop,Fugees,Español,1996,9.0,verificado
Family Business,Hip hop,Fugees,Español,1996,9.0,verificado
Horny Lil’ Devil,Hip hop,Ice Cube,Español,1991,9.0,verificado
Us,Hip hop,Ice Cube,Español,1991,9.0,verificado
The Birth,Hip hop,Ice Cube,Español,1991,9.0,verificado
Manifest/Outro,Hip hop,Fugees,Español,1996,9.0,verificado
Look Who’s Burnin’,Hip hop,Ice Cube,Español,1991,9.0,verificado
Robin Lench,Hip hop,Ice Cube,Español,1991,9.0,verificado
The Score,Hip hop,Fugees,Español,1996,9.0,verificado
Cowboys,Hip hop,Fugees,Español,1996,9.0,verificado
The Funeral,Hip hop,Ice Cube,Español,1991,9.0,verificado
A Bird in the Hand,Hip hop,Ice Cube,Español,1991,9.0,verificado
Red Intro,Hip hop,Fugees,Español,1996,9.0,verificado
Time After Time,Soul,The Temptations,Español,1995,9.0,verificado
Hot Spot,Soul,Foxy Brown,Español,1999,9.0,verificado
Precious Memories,Soul,Aretha Franklin,Español,1999,9.0,verificado
Opening Remarks,Soul,Rev. James Cleveland,Español,1999,9.0,verificado
Take Me With You,Soul,Mike Gealer,Español,1994,9.0,verificado
You’re Taking Up Another Man’s Place,Soul,Aretha Franklin,Español,1991,9.0,verificado
Baby (You’ve Got What It Takes),Soul,Brook Benton,Español,1990,9.0,verificado
On Our Way,Soul,Rev. James Cleveland,Español,1999,9.0,verificado
My Sweet Lord (instrumental),Soul,Aretha Franklin,Español,1999,9.0,verificado
Aretha’s Introduction,Soul,Rev. James Cleveland,Español,1999,9.0,verificado
After the Dance,Soul,Marvin Gaye,Español,1995,9.0,verificado
As Long as He Takes Care of Home,Soul,Candi Staton,Español,1992,9.0,verificado
I Can Hear Music,Soul,The Ronettes,Español,1995,9.0,verificado
The Message,Soul,Cymande,Español,1998,9.0,verificado
I Couldn’t Love You More,Soul,Sade,Español,1992,9.0,verificado
She’s Leaving Home,Soul,Al Jarreau,Español,1994,9.0,verificado
I Got My Mind Made Up,Soul,Instant Funk,Español,1995,9.0,verificado
Sensuality,Dance,2 Unlimited,Español,1994,9.0,verificado
Believe,Dance,GusGus,Español,1995,9.0,verificado
Boys Will Be Boys,Dance,Backstreet Boys,Español,1996,9.0,verificado
Teardrops (Lovestation Classic 7″),House,Lovestation,Español,1998,9.0,verificado
Don't You Ever Stop,House,Sir Easy 'D',Español,1993,9.0,verificado
Solo Amante,House,Rebeca,Español,1997,9.0,verificado
Moonlight Shadow,House,Moon,Español,1993,9.0,verificado
Can You Party,House,Royal House,Español,1997,9.0,verificado
Extra,House,Ken Ishii,Español,1995,9.0,verificado
Brother Louie '98,House,Modern Talking,Español,1998,9.0,verificado
Remember Me (Sure Is Pure 7″ edit),House,Blue Boy,Español,1997,9.0,verificado
Beach Vibes,House,E.F.F.,Español,1999,9.0,verificado
Push the Feeling On (The Dub of Doom),House,Nightcrawlers,Español,1992,9.0,verificado
Mysterious Times,House,Sash!,Español,1998,9.0,verificado
See the Light,House,Snap!,Español,1992,9.0,verificado
Believe in It,House,Snap!,Español,1992,9.0,verificado
Movin’ Melodies,House,ATB,Español,1999,9.0,verificado
Hypnotised,House,2 Unlimited,Español,1994,9.0,verificado
Burning Like Fire,House,2 Unlimited,Español,1994,9.0,verificado
Somebody Dance With Me,House,DJ BoBo,Español,1992,9.0,verificado
Still Dreaming (Anything Can Happen),Trance,Astral Projection,Español,1996,9.0,verificado
Higher Ground,Reggae,UB40,Español,1993,9.0,verificado
La raja de tu falda,Pop,Estopa,Español,1999,9.0,verificado
Cuando quiero sol,Pop,Presuntos Implicados,Español,1991,9.0,verificado
En la caleta,Pop,Paco de Lucía,Español,1995,9.0,verificado
Furia,Pop,Gipsy Kings,Español,1991,9.0,verificado
La carretera,Pop,Julio Iglesias,Español,1995,9.0,verificado
"Agua dulce, agua salá",Pop,Julio Iglesias,Español,1995,9.0,verificado
El 7 de septiembre,Pop,Mecano,Español,1991,9.0,verificado
Eres,Pop,Shakira,Español,1993,9.0,verificado
Da la vuelta,Pop,Marc Anthony,Español,1999,9.0,verificado
Rumbas (medley),Pop,Julio Iglesias,Español,1995,9.0,verificado
Hazme el amor,Pop,Azúcar Moreno,Español,1992,9.0,verificado
Bim bom,Pop,João Gilberto,Español,1990,9.0,verificado
No llores por mí,Pop,Enrique Iglesias,Español,1995,9.0,verificado
Aranjuez,Pop,Paco de Lucía,Español,1995,9.0,verificado
Vuela alto,Pop,Julio Iglesias,Español,1995,9.0,verificado
Por amarte,Pop,Enrique Iglesias,Español,1995,9.0,verificado
Estrellitas y duendes,Pop,Juan Luis Guerra 4.40,Español,1990,9.0,verificado
Bomb,Grunge,Bush,Español,1994,9.0,verificado
Swim,Grunge,Bush,Español,1994,9.0,verificado
Alien,Grunge,Bush,Español,1994,9.0,verificado
Little Things,Grunge,Bush,Español,1994,9.0,verificado
Hungry,Hard rock,Lita Ford,Español,1990,9.0,verificado
Rump Shaker,Hip hop,Wreckx‐n‐Effect,Español,1992,9.0,verificado
Que manera de quererte,House,Albita,Español,1994,9.0,verificado
Around the World,House,Daft Punk,Español,1996,9.0,verificado
Whiskey in the Jar,Rock argentino,Pulp,Español,1996,8.9,verificado
Le Dôme,Rock argentino,Jean Leloup,Español,1996,8.9,verificado
Enlighten Me ( ),Rock argentino,Echo & the Bunnymen,Español,1990,8.9,verificado
I’m Not Working,Rock argentino,Manic Street Preachers,Español,1998,8.9,verificado
False Goodbyes,Rock argentino,Echo & the Bunnymen,Español,1990,8.9,verificado
Inertia,Rock argentino,Blur,Español,1991,8.9,verificado
Just Don’t Say You Lost It,Rock argentino,Hot Water Music,Español,1999,8.9,verificado
Wrote for Luck,Rock argentino,Manic Street Preachers,Español,1993,8.9,verificado
Carnaval toda la vida,Rock argentino,Los Fabulosos Cadillacs,Español,1998,8.9,verificado
Parachute,Rock argentino,Something Happens,Español,1990,8.9,verificado
El microbito,Rock argentino,Fobia,Español,1990,8.9,verificado
1990,Rock argentino,Jean Leloup,Español,1991,8.9,verificado
Song 2,Rock argentino,Blur,Español,1997,8.9,verificado
Sincerebro,Rock argentino,Bersuit Vergarabat,Español,1998,8.9,verificado
Gente de mierdas,Rock argentino,Bersuit Vergarabat,Español,1998,8.9,verificado
La muralla verde,Rock argentino,Enanitos Verdes,Español,1995,8.9,verificado
Mr. Tambourine Man,Rock argentino,William Shatner,Español,1997,8.9,verificado
The Legend of Xanadu,Rock argentino,The Fall,Español,1992,8.9,verificado
King of Your Castle,Rock argentino,Echo & the Bunnymen,Español,1990,8.9,verificado
Le monde est à pleurer,Rock argentino,Jean Leloup,Español,1996,8.9,verificado
Brother My Brother,Rock argentino,Blessid Union of Souls,Español,1999,8.9,verificado
Honey White,Rock argentino,Morphine,Español,1995,8.9,verificado
Night in My Veins,Rock argentino,Pretenders,Español,1994,8.9,verificado
Minno,Rock argentino,Hot Water Music,Español,1999,8.9,verificado
For the Movies,Rock argentino,Buckcherry,Español,1999,8.9,verificado
Nobody Loved You,Rock argentino,Manic Street Preachers,Español,1998,8.9,verificado
Ready for Drowning,Rock argentino,Manic Street Preachers,Español,1998,8.9,verificado
A marça de Deux,Rock argentino,Bersuit Vergarabat,Español,1998,8.9,verificado
¿Qué pasó?,Rock argentino,Bersuit Vergarabat,Español,1998,8.9,verificado
Mace,Rock argentino,Blur,Español,1992,8.9,verificado
Hello Radio,Rock argentino,They Might Be Giants,Español,1991,8.9,verificado
Bitch,Rock argentino,Republica,Español,1996,8.9,verificado
Edgar,Rock argentino,Jean Leloup,Español,1996,8.9,verificado
Senseless,Rock argentino,Echo & the Bunnymen,Español,1990,8.9,verificado
Teenage 20/20,Rock argentino,Manic Street Preachers,Español,1990,8.9,verificado
Freaks Dwell,Rock argentino,Echo & the Bunnymen,Español,1990,8.9,verificado
Devilment,Rock argentino,Echo & the Bunnymen,Español,1990,8.9,verificado
Morgenmond,Rock argentino,City,Español,1990,8.9,verificado
Yo tomo,Rock argentino,Bersuit Vergarabat,Español,1998,8.9,verificado
De onda,Rock argentino,Bersuit Vergarabat,Español,1998,8.9,verificado
Better Sense,Rock argentino,Hot Water Music,Español,1999,8.9,verificado
My Little Empire,Rock argentino,Manic Street Preachers,Español,1998,8.9,verificado
How I Miss You,Rock argentino,Foo Fighters,Español,1995,8.9,verificado
20th Century Boy,Rock argentino,Placebo,Español,1998,8.9,verificado
Books Are Burning,Rock argentino,XTC,Español,1992,8.9,verificado
Flaming Red,Rock argentino,Echo & the Bunnymen,Español,1990,8.9,verificado
Thick Skinned World,Rock argentino,Echo & the Bunnymen,Español,1990,8.9,verificado
Free Range,Rock argentino,The Fall,Español,1992,8.9,verificado
Get the Joke,Rock argentino,Robbie Williams,Español,1997,8.9,verificado
Murguita del sur,Rock argentino,Bersuit Vergarabat,Español,1998,8.9,verificado
A los tambores,Rock argentino,Bersuit Vergarabat,Español,1998,8.9,verificado
Naked Eye,Rock argentino,Luscious Jackson,Español,1999,8.9,verificado
Vuelos,Rock argentino,Bersuit Vergarabat,Español,1998,8.9,verificado
The Smartest Monkeys,Rock argentino,XTC,Español,1992,8.9,verificado
Daffodil Lament,Rock argentino,The Cranberries,Español,1994,8.9,verificado
Virus,Rock argentino,Iron Maiden,Español,1996,8.9,verificado
Just Like You,Rock argentino,Overkill,Español,1993,8.9,verificado
Ángeles de acero,Rock argentino,Rata Blanca,Español,1991,8.9,verificado
Psychosexuality,Rock argentino,Dark Angel,Español,1991,8.9,verificado
Push,Rock argentino,Helloween,Español,1998,8.9,verificado
"Eyes to See, Ears to Hear",Rock argentino,Morbid Angel,Español,1995,8.9,verificado
Fear of the Dark,Rock argentino,Iron Maiden,Español,1993,8.9,verificado
Supersonic Hate,Rock argentino,Overkill,Español,1994,8.9,verificado
World of Hurt,Rock argentino,Overkill,Español,1993,8.9,verificado
Saturday Night Cockfight,Rock argentino,W.A.S.P.,Español,1999,8.9,verificado
You’re Invited (but Your Friend Can’t Come),Rock argentino,Vince Neil,Español,1993,8.9,verificado
"Follow Me, Part 1",Rock argentino,Angel Dust,Español,1999,8.9,verificado
No One to Follow,Rock argentino,Anvil,Español,1997,8.9,verificado
Melting,Rock argentino,Morbid Angel,Español,1995,8.9,verificado
Punishment,Rock argentino,Biohazard,Español,1992,8.9,verificado
Peace Sells,Rock argentino,Megadeth,Español,1992,8.9,verificado
Feed My Head,Rock argentino,Overkill,Español,1993,8.9,verificado
Shades of Grey,Rock argentino,Overkill,Español,1993,8.9,verificado
I Can,Rock argentino,Helloween,Español,1998,8.9,verificado
Falling Higher,Rock argentino,Helloween,Español,1998,8.9,verificado
"Follow Me, Part 2",Rock argentino,Angel Dust,Español,1999,8.9,verificado
Father Time,Rock argentino,Stratovarius,Español,1996,8.9,verificado
Dreaming,Rock argentino,Morbid Angel,Español,1995,8.9,verificado
Ignorance & Innocence,Rock argentino,Overkill,Español,1993,8.9,verificado
In Your Honor,Rock argentino,Dokken,Español,1999,8.9,verificado
Dreaming in Columbian,Rock argentino,Overkill,Español,1993,8.9,verificado
Ghost Dance,Rock argentino,Overkill,Español,1993,8.9,verificado
In My Darkest Hour,Rock argentino,Megadeth,Español,1993,8.9,verificado
And the Sun Set on Life Forever,Rock argentino,Primordial,Español,1999,8.9,verificado
Surrender?,Rock argentino,Angel Dust,Español,1999,8.9,verificado
Time,Rock argentino,Helloween,Español,1998,8.9,verificado
Don’t Spit on My Mind,Rock argentino,Helloween,Español,1998,8.9,verificado
Laudate Dominum,Rock argentino,Helloween,Español,1998,8.9,verificado
Revelation,Rock argentino,Helloween,Español,1998,8.9,verificado
Nar Mattaru,Rock argentino,Morbid Angel,Español,1993,8.9,verificado
To da Break of Dawn,Rock argentino,LL Cool J,Español,1990,8.9,verificado
Ich ♥️ die Beginner,Rock argentino,Beginner,Español,1996,8.9,verificado
McFly,Rock argentino,Beginner,Español,1996,8.9,verificado
The Thing I Like,Rock argentino,Aaliyah,Español,1994,8.9,verificado
Prince Igor,Rock argentino,The Rapsody,Español,1997,8.9,verificado
Hip Hop muß am Leben bleiben,Rock argentino,Beginner,Español,1996,8.9,verificado
1:0 für Babylon,Rock argentino,Beginner,Español,1996,8.9,verificado
Les pensées sont des flowers,Rock argentino,MC Solaar,Español,1997,8.9,verificado
Les temps changent,Rock argentino,MC Solaar,Español,1997,8.9,verificado
Le Sens de la vie,Rock argentino,MC Solaar,Español,1997,8.9,verificado
It Was a Good Day,Rock argentino,Ice Cube,Español,1992,8.9,verificado
What Did You Give,Rock argentino,Aretha Franklin,Español,1991,8.9,verificado
Summertime,Rock argentino,Billy Stewart,Español,1990,8.9,verificado
Stay in Touch,Rock argentino,Tyrese,Español,1998,8.9,verificado
Taste My Love,Rock argentino,Tyrese,Español,1998,8.9,verificado
Everyday People,Rock argentino,Aretha Franklin,Español,1991,8.9,verificado
You Get Yours,Rock argentino,Tyrese,Español,1998,8.9,verificado
By the Time I Get to Phoenix,Rock argentino,Isaac Hayes,Español,1991,8.9,verificado
What You See Is What You Sweat,Rock argentino,Aretha Franklin,Español,1991,8.9,verificado
Mary Goes Round,Rock argentino,Aretha Franklin,Español,1991,8.9,verificado
You Can’t Take Me for Granted,Rock argentino,Aretha Franklin,Español,1991,8.9,verificado
I Can’t Go On,Rock argentino,Tyrese,Español,1998,8.9,verificado
Give Love a Try,Rock argentino,Tyrese,Español,1998,8.9,verificado
Yes We Can Can,Rock argentino,The Pointer Sisters,Español,1991,8.9,verificado
Shocked,Rock argentino,Kylie Minogue,Español,1990,8.9,verificado
Love for All Seasons,Rock argentino,Right Said Fred,Español,1992,8.9,verificado
I Guess I Like It Like That,Rock argentino,Kylie Minogue,Español,1991,8.9,verificado
Europop,Rock argentino,Eiffel 65,Español,1999,8.9,verificado
Lollipop (Candyman),Rock argentino,Aqua,Español,1997,8.9,verificado
Santa Maradona (Larchuma Football Club),Rock argentino,Mano Negra,Español,1994,8.9,verificado
Un vestido y un amor,Rock argentino,Mercedes Sosa,Español,1994,8.9,verificado
Por un solo gesto de amor,Rock argentino,Mercedes Sosa,Español,1994,8.9,verificado
Serenatero de bombos,Rock argentino,Mercedes Sosa,Español,1994,8.9,verificado
Tambores de cores,Rock argentino,Olodum,Español,1997,8.9,verificado
Samba do Recôncavo,Rock argentino,Olodum,Español,1997,8.9,verificado
Amado para sempre,Rock argentino,Olodum,Español,1997,8.9,verificado
Anjo meu,Rock argentino,Olodum,Español,1997,8.9,verificado
"Las tardes del sol, las noches del agua",Rock argentino,Fito Páez,Español,1994,8.9,verificado
Auto rojo,Rock argentino,Vilma Palma e Vampiros,Español,1996,8.9,verificado
Buenos Aires Hora Cero,Rock argentino,Astor Piazzolla,Español,1997,8.9,verificado
Canción con todos,Rock argentino,Mercedes Sosa,Español,1993,8.9,verificado
Okê odé ilê,Rock argentino,Olodum,Español,1997,8.9,verificado
Trem da alegria,Rock argentino,Olodum,Español,1997,8.9,verificado
Anhangabaú,Rock argentino,Olodum,Español,1997,8.9,verificado
Tiro seco,Rock argentino,Olodum,Español,1997,8.9,verificado
De alguna manera,Rock argentino,Mercedes Sosa,Español,1994,8.9,verificado
Como dos extraños,Rock argentino,Mercedes Sosa,Español,1994,8.9,verificado
Caserón de tejas,Rock argentino,Mercedes Sosa,Español,1994,8.9,verificado
Las venas abiertas de América latina,Rock argentino,Los Fabulosos Cadillacs,Español,1995,8.9,verificado
Años,Rock argentino,Mercedes Sosa,Español,1993,8.9,verificado
Track track,Rock argentino,Os Paralamas do Sucesso,Español,1991,8.9,verificado
She's Mine,Rock argentino,Fito Páez,Español,1994,8.9,verificado
Balanço da maré,Rock argentino,Olodum,Español,1997,8.9,verificado
Pescadores de mi río,Rock argentino,Mercedes Sosa,Español,1994,8.9,verificado
Mon Amour,Rock argentino,Mercedes Sosa,Español,1994,8.9,verificado
De fiesta en fiesta,Rock argentino,Mercedes Sosa,Español,1994,8.9,verificado
Vidala de la soledad,Rock argentino,Mercedes Sosa,Español,1994,8.9,verificado
Amagni,Rock argentino,Olodum,Español,1997,8.9,verificado
Cinderela,Rock argentino,Olodum,Español,1997,8.9,verificado
Todo amor ( Asas da liberdade ),Rock argentino,Olodum,Español,1997,8.9,verificado
El tiempo no para,Rock argentino,Bersuit Vergarabat,Español,1992,8.9,verificado
Brindaremos por él,Rock argentino,José Luis Perales,Español,1990,8.9,verificado
Cité Tango,Rock argentino,Astor Piazzolla,Español,1991,8.9,verificado
Estas alas nuevas,Rock argentino,Mercedes Sosa,Español,1994,8.9,verificado
Si Disney despertase,Rock argentino,Fito Páez,Español,1994,8.9,verificado
Soy un hippie,Rock argentino,Fito Páez,Español,1994,8.9,verificado
Dejarlas partir,Rock argentino,Fito Páez,Español,1994,8.9,verificado
Nada del mundo real,Rock argentino,Fito Páez,Español,1994,8.9,verificado
Mulata,Rock argentino,Inti‐Illimani,Español,1993,8.9,verificado
Toque digital,Rock argentino,Olodum,Español,1997,8.9,verificado
Fragilidad (Fragile),Rock argentino,Mercedes Sosa,Español,1994,8.9,verificado
Hermano dame tu mano,Rock argentino,Mercedes Sosa,Español,1993,8.9,verificado
La Arenosa,Rock argentino,Mercedes Sosa,Español,1993,8.9,verificado
Where Were You Then?,Grunge,Oleander,Inglés,1999,8.9,verificado
You’ll Find Out,Grunge,Oleander,Inglés,1999,8.9,verificado
There's Nothing Wrong,Funk,Jhelisa,Inglés,1994,8.9,verificado
More Love,Funk,Victor Wooten,Inglés,1996,8.9,verificado
Little Girl (interlude),Funk,"Earth, Wind & Fire",Inglés,1992,8.9,verificado
Kaila Raps,Funk,Victor Wooten,Inglés,1999,8.9,verificado
Pretty Little Lady,Funk,Victor Wooten,Inglés,1999,8.9,verificado
Hey Girl (interlude),Funk,"Earth, Wind & Fire",Inglés,1992,8.9,verificado
South Carolina (Barnwell),Funk,Gil Scott‐Heron,Inglés,1998,8.9,verificado
Sunless Saturday,Funk,Fishbone,Inglés,1991,8.9,verificado
A Little Knowledge (Is a Dangerous Thing),Funk,Tower of Power,Inglés,1991,8.9,verificado
Love Changes,Funk,Kashif,Inglés,1998,8.9,verificado
Sunshine,Funk,"Earth, Wind & Fire",Inglés,1992,8.9,verificado
Skunk Funk,Funk,The Brecker Brothers,Inglés,1990,8.9,verificado
Outrage,Funk,Booker T. & the MG’s,Inglés,1991,8.9,verificado
Night Dreamin',Funk,"Earth, Wind & Fire",Inglés,1992,8.9,verificado
King Kong,Funk,The Jimmy Castor Bunch,Inglés,1995,8.9,verificado
Love Rendezvous,Dance,M People,Inglés,1994,8.9,verificado
Don Juan,Dance,Pet Shop Boys,Inglés,1995,8.9,verificado
The Sound of the Atom Splitting,Dance,Pet Shop Boys,Inglés,1995,8.9,verificado
Losing My Mind,Dance,Pet Shop Boys,Inglés,1995,8.9,verificado
It Couldn’t Happen Here,Dance,Pet Shop Boys,Inglés,1998,8.9,verificado
And Finally…,Dance,M People,Inglés,1994,8.9,verificado
Sight for Sore Eyes,Dance,M People,Inglés,1994,8.9,verificado
Dreamstate,Heavy metal,Bruce Dickinson,Inglés,1996,8.9,verificado
Public Enema Number One,Heavy metal,Iron Maiden,Inglés,1992,8.9,verificado
Mortal Flesh,Heavy metal,Betrayal,Inglés,1991,8.9,verificado
Escaping the Alter,Heavy metal,Betrayal,Inglés,1991,8.9,verificado
More Faith Than Me,Heavy metal,Betrayal,Inglés,1991,8.9,verificado
Prophets of Baal,Heavy metal,Betrayal,Inglés,1991,8.9,verificado
I'm a Gun,Heavy metal,Shotgun Messiah,Inglés,1993,8.9,verificado
Anasazi,Heavy metal,Blitzkrieg,Inglés,1998,8.9,verificado
Listen With Nicko! Part II,Heavy metal,Iron Maiden,Inglés,1990,8.9,verificado
Dynamo,Heavy metal,Satan,Inglés,1997,8.9,verificado
Yesterdays (Hope for the Future),Heavy metal,Blitzkrieg,Inglés,1998,8.9,verificado
You’re Fuckin’ With BC,Heavy metal,Body Count,Inglés,1997,8.9,verificado
Strippers (intro),Heavy metal,Body Count,Inglés,1997,8.9,verificado
The Assassin,Heavy metal,Iron Maiden,Inglés,1990,8.9,verificado
Come to the Sabbath,Heavy metal,Mercyful Fate,Inglés,1994,8.9,verificado
Foot the Bill,Heavy metal,Leeway,Inglés,1995,8.9,verificado
Product,Heavy metal,Leeway,Inglés,1995,8.9,verificado
Novena,Heavy metal,Leeway,Inglés,1995,8.9,verificado
Compromise,Heavy metal,Leeway,Inglés,1995,8.9,verificado
Ain’t Gonna Take It,Heavy metal,Saxon,Inglés,1990,8.9,verificado
Grind,Heavy metal,Saxon,Inglés,1992,8.9,verificado
Nighthunter,Heavy metal,Saxon,Inglés,1992,8.9,verificado
Born in ’58,Heavy metal,Bruce Dickinson,Inglés,1990,8.9,verificado
Black & Loud,R&b,Credit to the Nation,Inglés,1996,8.9,verificado
Sit and Wonder,Ska,Prince Buster,Inglés,1999,8.9,verificado
Tomorrow’s (Just Another Day) / [Nigel Dick from Stiff Records],Ska,Madness,Inglés,1993,8.9,verificado
Date Rape Stylee,Ska,Sublime,Inglés,1990,8.9,verificado
"One Step Beyond / [John Eichler, Publican, Hope & Anchor, London]",Ska,Madness,Inglés,1993,8.9,verificado
Everything Sucks,Ska,Reel Big Fish,Inglés,1996,8.9,verificado
Trendy,Ska,Reel Big Fish,Inglés,1996,8.9,verificado
I Will Always,Pop,The Cranberries,Español,1993,8.9,verificado
Tell the Truth,Hard rock,Wicked Lady,Español,1994,8.9,verificado
Borracho son pelijroso,Hard rock,Heredeiros da crus,Español,1999,8.9,verificado
Erecsiones Munisipales,Hard rock,Heredeiros da crus,Español,1999,8.9,verificado
"Lendias, piollos e outras fieras",Hard rock,Heredeiros da crus,Español,1999,8.9,verificado
Nos 70,Hard rock,Heredeiros da crus,Español,1999,8.9,verificado
Un irmán roubón,Hard rock,Heredeiros da crus,Español,1999,8.9,verificado
Amor de barra,Hard rock,Heredeiros da crus,Español,1999,8.9,verificado
O club dos pelados,Hard rock,Heredeiros da crus,Español,1999,8.9,verificado
Aljo que contar,Hard rock,Heredeiros da crus,Español,1999,8.9,verificado
Alabaré,Hard rock,Heredeiros da crus,Español,1999,8.9,verificado
Broken Heart,Hard rock,White Lion,Español,1991,8.9,verificado
The Final Countdown,Hard rock,Europe,Español,1994,8.9,verificado
O meu home é mariñeiro,Hard rock,Heredeiros da crus,Español,1999,8.9,verificado
Meu abuelo,Hard rock,Heredeiros da crus,Español,1999,8.9,verificado
Dis-puta,Hard rock,Heredeiros da crus,Español,1999,8.9,verificado
Convocatoria e confesións,Hard rock,Heredeiros da crus,Español,1999,8.9,verificado
Virgilio Mendes,Hard rock,Heredeiros da crus,Español,1999,8.9,verificado
I'm a Freak,Hard rock,Wicked Lady,Español,1994,8.9,verificado
Son maricón,Hard rock,Heredeiros da crus,Español,1999,8.9,verificado
Jastas pista,Hard rock,Heredeiros da crus,Español,1999,8.9,verificado
Zealots,Hip hop,Fugees,Español,1996,8.9,verificado
Mista Mista,Hip hop,Fugees,Español,1996,8.9,verificado
Color Blind,Hip hop,Ice Cube,Español,1991,8.9,verificado
How Many Mics,Hip hop,Fugees,Español,1996,8.9,verificado
The Beast,Hip hop,Fugees,Español,1996,8.9,verificado
My Summer Vacation,Hip hop,Ice Cube,Español,1991,8.9,verificado
Bullet Proof Soul,Soul,Sade,Español,1992,8.9,verificado
Man From Tomorrow,Dance,Jeff Mills,Español,1994,8.9,verificado
Point of View,Dance,Voo Doo Phunk,Español,1997,8.9,verificado
Sending All My Love,Dance,Norad,Español,1995,8.9,verificado
Gamma Player,Dance,Jeff Mills,Español,1997,8.9,verificado
Short Dick Man,Dance,20 Fingers,Español,1995,8.9,verificado
Beat Goes On,Dance,The All Seeing I,Español,1997,8.9,verificado
Spinning the Wheel (Forthright edit),Dance,George Michael,Español,1996,8.9,verificado
Obsesión,Dance,Frankie Ruiz,Español,1994,8.9,verificado
Streamline,Dance,Newton,Español,1995,8.9,verificado
Cuando te beso II,Dance,Juan Luis Guerra 4.40,Español,1992,8.9,verificado
Decisiones,Dance,Rubén Blades,Español,1999,8.9,verificado
"The More I Get, the More I Want (Teddy's House Groove)",Dance,East West Connection,Español,1999,8.9,verificado
Alarma!,House,666,Español,1997,8.9,verificado
The White Room,House,The KLF,Español,1991,8.9,verificado
Hold Me,House,Cartoons,Español,1998,8.9,verificado
The Vengabeat,House,Vengaboys,Español,1998,8.9,verificado
Money,House,Snap!,Español,1992,8.9,verificado
Soul Salsa Soul,House,St Germain,Español,1999,8.9,verificado
Up & Down,House,Vengaboys,Español,1998,8.9,verificado
Jack on the Groove,House,Deepside,Español,1994,8.9,verificado
Mi territorio,Reggae,La Gran Orquesta Republicana,Español,1999,8.9,verificado
Quizás quizás,Reggae,Laurel Aitken,Español,1999,8.9,verificado
Dilluns que ve,Reggae,Brams,Español,1999,8.9,verificado
Vida de colores,Reggae,La Gran Orquesta Republicana,Español,1999,8.9,verificado
Plan 10,Reggae,Dr. Calypso,Español,1996,8.9,verificado
1968,Pop,Shakira,Español,1993,8.9,verificado
Correspondences,Pop,The Tea Party,Español,1995,8.9,verificado
Silence,Pop,The Tea Party,Español,1995,8.9,verificado
Turn the Lamp Down Low,Pop,The Tea Party,Español,1995,8.9,verificado
Her,Pop,Tindersticks,Español,1993,8.9,verificado
Swing for Life,Pop,Yo La Tengo,Español,1991,8.9,verificado
Milky Teeth,Pop,Tindersticks,Español,1993,8.9,verificado
Blood,Pop,Tindersticks,Español,1993,8.9,verificado
Nectar,Pop,Tindersticks,Español,1993,8.9,verificado
Drunk Tank,Pop,Tindersticks,Español,1993,8.9,verificado
The Not Knowing,Pop,Tindersticks,Español,1993,8.9,verificado
Shadows on the Mountainside,Pop,The Tea Party,Español,1995,8.9,verificado
City Sickness,Pop,Tindersticks,Español,1995,8.9,verificado
Whiskey & Water,Pop,Tindersticks,Español,1993,8.9,verificado
All Hail Me,Pop,Veruca Salt,Español,1994,8.9,verificado
Still Shinin’,Hip hop,Mobb Deep,Español,1996,8.9,verificado
Beardsman Ska,Reggae,The Skatalites,Español,1997,8.9,verificado
The Vow,Reggae,The Skatalites,Español,1997,8.9,verificado
Fidel Castro,Reggae,The Skatalites,Español,1997,8.9,verificado
Third Man Ska,Reggae,The Skatalites,Español,1997,8.9,verificado
Naked City,Reggae,The Skatalites,Español,1997,8.9,verificado
Ringo’s Theme (version 2),Reggae,The Skatalites,Español,1997,8.9,verificado
Scandal Ska,Reggae,The Skatalites,Español,1997,8.9,verificado
Old Rocking Chair,Reggae,The Skatalites,Español,1997,8.9,verificado
Dr. Kildare,Reggae,The Skatalites,Español,1997,8.9,verificado
Nimrod,Reggae,The Skatalites,Español,1997,8.9,verificado
Ringo’s Theme Ska,Reggae,The Skatalites,Español,1997,8.9,verificado
What Side You On?,Rock argentino,Public Enemy,Español,1994,8.8,verificado
Stop in the Name…,Rock argentino,Public Enemy,Español,1994,8.8,verificado
Bedlam 13:13,Rock argentino,Public Enemy,Español,1994,8.8,verificado
I Ain’t Mad at All,Rock argentino,Public Enemy,Español,1994,8.8,verificado
White Heaven/Black Hell,Rock argentino,Public Enemy,Español,1994,8.8,verificado
Living In a Zoo,Rock argentino,Public Enemy,Español,1994,8.8,verificado
They Used to Call It Dope,Rock argentino,Public Enemy,Español,1994,8.8,verificado
So Whatcha Gone Do Now?,Rock argentino,Public Enemy,Español,1994,8.8,verificado
Race Against Time,Rock argentino,Public Enemy,Español,1994,8.8,verificado
Harry Allen's Interactive Super Highway Phone Call To Chuck D.,Rock argentino,Public Enemy,Español,1994,8.8,verificado
Theatrical Parts,Rock argentino,Public Enemy,Español,1994,8.8,verificado
What Kind of Power We Got?,Rock argentino,Public Enemy,Español,1994,8.8,verificado
Thin Line Between Law & Rape,Rock argentino,Public Enemy,Español,1994,8.8,verificado
Aintnuttin Buttersong,Rock argentino,Public Enemy,Español,1994,8.8,verificado
Regeneration & Decay,Rock argentino,Hands To,Español,1997,8.8,verificado
Vanilla and Chocolate,Rock argentino,Tó Cruz,Español,1995,8.8,verificado
"Right Here, Right Now",Rock argentino,Kylie Minogue,Español,1991,8.8,verificado
Better the Devil You Know,Rock argentino,Kylie Minogue,Español,1990,8.8,verificado
Celebration,Rock argentino,Kylie Minogue,Español,1992,8.8,verificado
Let’s Get to It,Rock argentino,Kylie Minogue,Español,1991,8.8,verificado
Your Clown,Rock argentino,Eiffel 65,Español,1999,8.8,verificado
Another Race,Rock argentino,Eiffel 65,Español,1999,8.8,verificado
The Edge,Rock argentino,Eiffel 65,Español,1999,8.8,verificado
Silicon World,Rock argentino,Eiffel 65,Español,1999,8.8,verificado
No World Without You,Rock argentino,Kylie Minogue,Español,1991,8.8,verificado
The World Still Turns,Rock argentino,Kylie Minogue,Español,1990,8.8,verificado
Heat of the Night,Rock argentino,Aqua,Español,1997,8.8,verificado
Don’t Talk Just Kiss,Rock argentino,Right Said Fred,Español,1992,8.8,verificado
(Exchange),Rock argentino,Massive Attack,Español,1998,8.8,verificado
My Oh My,Rock argentino,Aqua,Español,1997,8.8,verificado
Pica - Pica (Sample Tracks),Rock argentino,Los 6 Mosquiteros,Español,1993,8.8,verificado
El encuentro 1 (Siento...),Rock argentino,Sysex,Español,1993,8.8,verificado
Fiesta del interior,Rock argentino,D.J. Kreimer,Español,1993,8.8,verificado
Boom Capella,Rock argentino,Danny Bee,Español,1993,8.8,verificado
So Free '94,Rock argentino,D.J. Kreimer,Español,1993,8.8,verificado
Be as One,Rock argentino,Sasha,Español,1996,8.8,verificado
Latin Groove,Rock argentino,D.J. Kreimer,Español,1993,8.8,verificado
Come on Everybody,Rock argentino,D.J. Kreimer,Español,1993,8.8,verificado
Pica - Pica,Rock argentino,Los 6 Mosquiteros,Español,1993,8.8,verificado
Eine kleine Nachtmusic (Suck - Ann),Rock argentino,Sysex,Español,1993,8.8,verificado
Fiesta del interior (rmx),Rock argentino,D.J. Kreimer,Español,1993,8.8,verificado
Lovesick,Rock argentino,Night Trains,Español,1992,8.8,verificado
Eine kleine Nachtmusic (Suck - Ann ''XL'' rmx),Rock argentino,Sysex,Español,1993,8.8,verificado
La falopera,Rock argentino,Los Infractores,Español,1993,8.8,verificado
En encuentro 2 (E... E... E...),Rock argentino,Sysex,Español,1993,8.8,verificado
Music: Response,Rock argentino,The Chemical Brothers,Español,1999,8.8,verificado
1 in 8,Rock argentino,The Future Sound of London,Español,1991,8.8,verificado
Pulse State,Rock argentino,The Future Sound of London,Español,1991,8.8,verificado
Pinche Juan,Rock argentino,Café Tacvba,Español,1992,8.8,verificado
Mamblues,Rock argentino,Cal Tjader,Español,1994,8.8,verificado
La zonaja,Rock argentino,Café Tacvba,Español,1992,8.8,verificado
Perfidia (instrumental),Rock argentino,Café Tacvba,Español,1996,8.8,verificado
Cometer suicidio,Rock argentino,Café Tacvba,Español,1992,8.8,verificado
Debajo del mar,Rock argentino,Café Tacvba,Español,1992,8.8,verificado
Las persianas,Rock argentino,Café Tacvba,Español,1992,8.8,verificado
Las batallas,Rock argentino,Café Tacvba,Español,1992,8.8,verificado
Bar Tacuba,Rock argentino,Café Tacvba,Español,1992,8.8,verificado
"Red Light, Green Light",Grunge,Wellwater Conspiracy,Inglés,1999,8.8,verificado
Kurt Cobain,Grunge,Wesley Willis,Inglés,1994,8.8,verificado
Sit in Glass,Grunge,Seaweed,Inglés,1991,8.8,verificado
Selfish,Grunge,Seaweed,Inglés,1991,8.8,verificado
Bought It,Grunge,Seaweed,Inglés,1991,8.8,verificado
One Out of Four,Grunge,Seaweed,Inglés,1991,8.8,verificado
Shitlist,Grunge,L7,Inglés,1994,8.8,verificado
Want It,Grunge,Poster Children,Inglés,1991,8.8,verificado
Clean Slate,Grunge,Seaweed,Inglés,1992,8.8,verificado
Mean Song,Grunge,Calamity Jane,Inglés,1991,8.8,verificado
Shut Up!,Grunge,Seaweed,Inglés,1992,8.8,verificado
Stagger,Grunge,Seaweed,Inglés,1992,8.8,verificado
Dead Men Don't Rape,Grunge,7 Year Bitch,Inglés,1992,8.8,verificado
NOOSE,Grunge,Tripping Daisy,Inglés,1995,8.8,verificado
Lovegut,Grunge,Seaweed,Inglés,1991,8.8,verificado
Cancer,Grunge,Poster Children,Inglés,1991,8.8,verificado
Miss Hell,Grunge,Calamity Jane,Inglés,1991,8.8,verificado
Hal McBlaine,Grunge,Wellwater Conspiracy,Inglés,1999,8.8,verificado
Catatonic,Grunge,Babes in Toyland,Inglés,1992,8.8,verificado
Taxing,Grunge,Seaweed,Inglés,1992,8.8,verificado
Stay Down,Grunge,Seaweed,Inglés,1999,8.8,verificado
M.I.A.,Grunge,7 Year Bitch,Inglés,1995,8.8,verificado
Happy When I’m Crying,Grunge,Pearl Jam,Inglés,1997,8.8,verificado
Water,Grunge,Poster Children,Inglés,1991,8.8,verificado
Freedom Rock,Grunge,Poster Children,Inglés,1991,8.8,verificado
Space Gun,Grunge,Poster Children,Inglés,1991,8.8,verificado
Frustration,Grunge,Poster Children,Inglés,1991,8.8,verificado
Carver's,Grunge,Poster Children,Inglés,1991,8.8,verificado
Jan Brady,Grunge,Lunachicks,Inglés,1990,8.8,verificado
Chain Reaction,Grunge,Poster Children,Inglés,1991,8.8,verificado
Dodge,Grunge,Dog’s Eye View,Inglés,1996,8.8,verificado
The Man Who Sold the World (LP version),Grunge,Nirvana,Inglés,1995,8.8,verificado
Bill,Grunge,Seaweed,Inglés,1992,8.8,verificado
New Tools,Grunge,Seaweed,Inglés,1992,8.8,verificado
"Circle of Friends, Circle of Trends",Grunge,Fudge Tunnel,Inglés,1994,8.8,verificado
Dee,Grunge,Poster Children,Inglés,1991,8.8,verificado
Stale,Grunge,Seaweed,Inglés,1991,8.8,verificado
I'll Be Home for Christmas,Grunge,Banu Gibson & the New Orleans Hot Jazz Orchestra,Inglés,1995,8.8,verificado
The Way It Ends,Grunge,Seaweed,Inglés,1992,8.8,verificado
Recall,Grunge,Seaweed,Inglés,1992,8.8,verificado
Squint,Grunge,Seaweed,Inglés,1992,8.8,verificado
Long Day,Grunge,Fudge Tunnel,Inglés,1994,8.8,verificado
mOtivATion,Grunge,Tripping Daisy,Inglés,1995,8.8,verificado
Afrogermanic,Techno,Chaos,Inglés,1996,8.8,verificado
Tracking Depth,Techno,Imagitec Design Inc.,Inglés,1995,8.8,verificado
Endless Season,Techno,Ken Ishii,Inglés,1995,8.8,verificado
Nude Photo,Techno,Derrick May,Inglés,1997,8.8,verificado
Dutch Flowers,Techno,PlatEAU,Inglés,1997,8.8,verificado
Cocoa Mousse,Techno,Ken Ishii,Inglés,1995,8.8,verificado
[untitled],Techno,Spahn Ranch,Inglés,1994,8.8,verificado
Snowdrifts,Techno,Indio,Inglés,1999,8.8,verificado
Abolene,Techno,Indio,Inglés,1999,8.8,verificado
Catatonic (First State),Techno,Kenny Larkin,Inglés,1994,8.8,verificado
Elimination,Techno,Underground Resistance,Inglés,1990,8.8,verificado
Road to Rio EP - A2,Techno,Santos Rodriguez,Inglés,1999,8.8,verificado
Bird Song,Techno,Lester Fitzpatrick,Inglés,1995,8.8,verificado
Trommelmaschine,Techno,Der Dritte Raum,Inglés,1996,8.8,verificado
Chateau PlatEAU,Techno,PlatEAU,Inglés,1997,8.8,verificado
Loop 2,Techno,Kenny Larkin,Inglés,1995,8.8,verificado
Lightspan,Techno,The Shamen,Inglés,1991,8.8,verificado
Silver,Techno,Christian Smith & John Selway,Inglés,1999,8.8,verificado
Autosleep,Techno,Human Mesh Dance,Inglés,1997,8.8,verificado
Ee57,Techno,Human Mesh Dance,Inglés,1997,8.8,verificado
Bailando salsa,Techno,Mecano,Inglés,1991,8.8,verificado
Moth,Techno,Download,Inglés,1997,8.8,verificado
Mzeo B,Techno,Download,Inglés,1997,8.8,verificado
Das Boot,Techno,U96,Inglés,1992,8.8,verificado
En Trance,Techno,Biosphere,Inglés,1995,8.8,verificado
Firekeeper,Techno,The Martian,Inglés,1999,8.8,verificado
Lite Yellow,Techno,Indio,Inglés,1999,8.8,verificado
Astral Dreams,Techno,Laurent Garnier,Inglés,1996,8.8,verificado
Earthtones,Techno,Indio,Inglés,1999,8.8,verificado
Free,Techno,Indio,Inglés,1999,8.8,verificado
Armenian Eyes,Techno,Indio,Inglés,1999,8.8,verificado
Call of the Wild,Techno,Jeff Mills,Inglés,1999,8.8,verificado
L8,Techno,Jeff Mills,Inglés,1999,8.8,verificado
Time Out of Mind,Techno,Jeff Mills,Inglés,1996,8.8,verificado
Gamma Player,Techno,Millsart,Inglés,1995,8.8,verificado
Pot of Gold,Techno,Chestnut,Inglés,1992,8.8,verificado
Force & Form (Surgeon Remake 2),Techno,Surgeon,Inglés,1999,8.8,verificado
Pink Potato  ,Techno,Radioactive Goldfish,Inglés,1992,8.8,verificado
So and So So and So From Wherever Wherever,R&b,Built to Spill,Inglés,1994,8.8,verificado
Of Faith and Sky,R&b,Return to Khaf’ji,Inglés,1995,8.8,verificado
Here Comes the Sun,Ska,Voodoo Glow Skulls,Inglés,1993,8.8,verificado
Dreaming in Cuban,Pop,Alice Donut,Español,1995,8.8,verificado
I Can’t Sleep,Pop,Pansy Division,Español,1995,8.8,verificado
Willow,Pop,The Field Mice,Español,1991,8.8,verificado
Immune,Pop,Low,Español,1998,8.8,verificado
Qué puedo hacer,Pop,Los Planetas,Español,1995,8.8,verificado
It’s Better People,Pop,Oasis,Español,1995,8.8,verificado
Blood Sugar Sex Magik,Pop,Red Hot Chili Peppers,Español,1994,8.8,verificado
Build High,Pop,Pixies,Español,1991,8.8,verificado
Revival!,Hip hop,Me Phi Me,Español,1994,8.8,verificado
El paraíso rico,Hip hop,Deetah,Español,1999,8.8,verificado
Party Goin' On,Hip hop,MC Lyte,Español,1998,8.8,verificado
Givin’ Up the Nappy Dug Out,Hip hop,Ice Cube,Español,1991,8.8,verificado
Stand by Me,Soul,The Drifters,Español,1992,8.8,verificado
No Ordinary Love,Soul,Sade,Español,1992,8.8,verificado
Mermaid,Soul,Sade,Español,1992,8.8,verificado
Still in Love,Soul,Lionel Richie,Español,1996,8.8,verificado
I’ve Been Thinking About You,Dance,Londonbeat,Español,1990,8.8,verificado
Every Time I Close My Eyes,Dance,Backstreet Boys,Español,1996,8.8,verificado
Bamboleo,Dance,Garcia,Español,1997,8.8,verificado
"Good Night, My Love (Pleasant Dreams)",Dance,Paula Abdul,Español,1991,8.8,verificado
Try Me Out,Dance,Corona,Español,1994,8.8,verificado
Children,Dance,Robert Miles,Español,1995,8.8,verificado
Popular Mechanics,Dance,Rinôçérôse,Español,1999,8.8,verificado
Move Your Body,Dance,Eiffel 65,Español,1999,8.8,verificado
La Guitaristic House Organisation,Dance,Rinôçérôse,Español,1999,8.8,verificado
Radiocapte,Dance,Rinôçérôse,Español,1999,8.8,verificado
«Rock Classics» volume I,Dance,Rinôçérôse,Español,1999,8.8,verificado
Le Mobilier,Dance,Rinôçérôse,Español,1999,8.8,verificado
323 secondes de musique répétitive avec guitare espagnole,Dance,Rinôçérôse,Español,1999,8.8,verificado
Sublimior,Dance,Rinôçérôse,Español,1999,8.8,verificado
I Love ma guitare,Dance,Rinôçérôse,Español,1999,8.8,verificado
Killer 2000,House,ATB,Español,1999,8.8,verificado
You Don’t Know Me (radio edit),House,Armand van Helden,Español,1998,8.8,verificado
Kall It!,House,Laurent Garnier,Español,1997,8.8,verificado
Get It Up (dance version),House,Sensity World,Español,1995,8.8,verificado
Chiquetere,House,Rafa Villalba & DJ Sarna,Español,1999,8.8,verificado
Celebration (Slam Rap extended),House,Fun Factory,Español,1995,8.8,verificado
I’d Do Anything for Love,House,Jam Tronik,Español,1994,8.8,verificado
It’s Raining,House,Captain Hollywood Project,Español,1993,8.8,verificado
Fuzz Dance,House,Jeff Mills,Español,1996,8.8,verificado
In the Mood,House,Mateo & Matos,Español,1999,8.8,verificado
Alarms,Techno,Jeff Mills,Español,1996,8.8,verificado
Poing,Techno,Rotterdam Termination Source,Español,1992,8.8,verificado
The 5th Dimension,Trance,X-Dream,Español,1993,8.8,verificado
Bang!!,Trance,Techni-KL,Español,1998,8.8,verificado
"The Spark, the Flame and the Fire",Trance,Marmion,Español,1995,8.8,verificado
Future Is Present,Trance,Sammy,Español,1997,8.8,verificado
La villa vieja,Pop,Paco de Lucía,Español,1998,8.8,verificado
El chorruelo,Pop,Paco de Lucía,Español,1998,8.8,verificado
Sé que volverás,Pop,Nana Mouskouri,Español,1996,8.8,verificado
Te quise olvidar (versión balada),Pop,Carlos Baute,Español,1999,8.8,verificado
Navega sola,Pop,Mayte Martín,Español,1995,8.8,verificado
Tamborada,Pop,Fey,Español,1998,8.8,verificado
Uncertainty,Heavy metal,Stratovarius,Español,1997,8.8,verificado
Rain,Heavy metal,Helloween,Español,1996,8.8,verificado
Jellybread,Soul,Booker T. & the MG’s,Español,1993,8.8,verificado
Galaxy,Soul,War,Español,1998,8.8,verificado
In the Middle of the Night,Soul,Amos Milburn,Español,1990,8.8,verificado
The Ghost of Tom Joad,House,Rage Against the Machine,Español,1997,8.8,verificado
Himno,Rock argentino,Willy Crook,Español,1995,8.7,verificado
Di Violence,Rock argentino,Willy Crook,Español,1995,8.7,verificado
Take It From the Man,Rock argentino,The Brian Jonestown Massacre,Español,1996,8.7,verificado
Popscene,Rock argentino,Blur,Español,1997,8.7,verificado
Slave Sons,Rock argentino,Willy Crook,Español,1995,8.7,verificado
Hanging Over,Rock argentino,Blur,Español,1993,8.7,verificado
Crushed,Rock argentino,Buckcherry,Español,1999,8.7,verificado
Last Goodbye (edit),Rock argentino,Jeff Buckley,Español,1995,8.7,verificado
Your Flesh Is So Nice,Rock argentino,Jeff Buckley,Español,1998,8.7,verificado
Jam Percussion,Rock argentino,Willy Crook,Español,1995,8.7,verificado
Wrong But Strong,Rock argentino,Willy Crook,Español,1995,8.7,verificado
Fool Times,Rock argentino,Willy Crook,Español,1995,8.7,verificado
One Love,Rock argentino,Willy Crook,Español,1995,8.7,verificado
Supa Shoppa,Rock argentino,Blur,Español,1994,8.7,verificado
S.Y.M.M.,Rock argentino,Manic Street Preachers,Español,1998,8.7,verificado
Murder Suicide Meteor Slave,Rock argentino,Jeff Buckley,Español,1998,8.7,verificado
Down,Rock argentino,Blur,Español,1990,8.7,verificado
Bang (extended),Rock argentino,Blur,Español,1991,8.7,verificado
Rock Revenge,Rock argentino,Willy Crook,Español,1995,8.7,verificado
Travel Agent,Rock argentino,Fu Manchu,Español,1995,8.7,verificado
Wheat Kings,Rock argentino,The Tragically Hip,Español,1992,8.7,verificado
Big Bombo Mamma,Rock argentino,Willy Crook,Español,1995,8.7,verificado
Born a Girl,Rock argentino,Manic Street Preachers,Español,1998,8.7,verificado
Dirty Day (Junk Day),Rock argentino,U2,Español,1997,8.7,verificado
Beautiful,Rock argentino,Creed,Español,1999,8.7,verificado
Look in Her Eyes,Rock argentino,Vince Neil,Español,1993,8.7,verificado
One,Rock argentino,Dokken,Español,1999,8.7,verificado
Changing Skin,Rock argentino,André Andersen,Español,1998,8.7,verificado
Hey Joe (Jimmy Hendrix Cover),Rock argentino,Axel Rudi Pell,Español,1996,8.7,verificado
Coming Home,Rock argentino,Saigon Kick,Español,1991,8.7,verificado
A Past and Future Secret (demo),Rock argentino,Blind Guardian,Español,1995,8.7,verificado
In My Arms,Rock argentino,André Andersen,Español,1998,8.7,verificado
Wings of Tomorrow,Rock argentino,André Andersen,Español,1998,8.7,verificado
Little Too Early,Rock argentino,Lita Ford,Español,1991,8.7,verificado
Two Sides,Rock argentino,FireHouse,Español,1995,8.7,verificado
Mitten ins Herz,Rock argentino,Oomph!,Español,1995,8.7,verificado
Silent Angel (guitar version),Rock argentino,Axel Rudi Pell,Español,1996,8.7,verificado
Desperado,Rock argentino,Alice Cooper,Español,1997,8.7,verificado
Burning Bridges,Rock argentino,André Andersen,Español,1998,8.7,verificado
1000 Miles Away,Rock argentino,André Andersen,Español,1998,8.7,verificado
Night Shade,Rock argentino,Winters Bane,Español,1993,8.7,verificado
Winters Bane,Rock argentino,Winters Bane,Español,1993,8.7,verificado
Tambourine Dream,Rock argentino,Lita Ford,Español,1991,8.7,verificado
Never Look Back,Rock argentino,André Andersen,Español,1998,8.7,verificado
Gimme Shelter,Rock argentino,Thunder,Español,1995,8.7,verificado
Little Black Spider,Rock argentino,Lita Ford,Español,1991,8.7,verificado
Teenage Lament ’74,Rock argentino,Alice Cooper,Español,1997,8.7,verificado
Welcome to My Nightmare,Rock argentino,Alice Cooper,Español,1997,8.7,verificado
Inquisition,Rock argentino,Blind Guardian,Español,1993,8.7,verificado
The Quest for Tanelorn,Rock argentino,Blind Guardian,Español,1993,8.7,verificado
Asshole,Rock argentino,Oomph!,Español,1995,8.7,verificado
Only Women Bleed,Rock argentino,Alice Cooper,Español,1997,8.7,verificado
Snakebite,Rock argentino,Alice Cooper,Español,1991,8.7,verificado
I’m Eighteen,Rock argentino,Alice Cooper,Español,1997,8.7,verificado
Lost in America,Rock argentino,Alice Cooper,Español,1997,8.7,verificado
Entre dos tierras,Rock argentino,Héroes del Silencio,Español,1990,8.7,verificado
What Can I Do for You?,Rock argentino,Joan Jett,Español,1992,8.7,verificado
Nobody’s Home,Rock argentino,Shotgun Messiah,Español,1991,8.7,verificado
Adolescente boogie,Rock argentino,Carca,Español,1999,8.7,verificado
What Do Ya Know About Love,Rock argentino,Lita Ford,Español,1991,8.7,verificado
Playin’ With Fire,Rock argentino,Lita Ford,Español,1991,8.7,verificado
This Planet’s on Fire (Burn in Hell),Rock argentino,Sammy Hagar,Español,1996,8.7,verificado
Leave It Alone,Rock argentino,Living Colour,Español,1993,8.7,verificado
Ignorance Is Bliss,Rock argentino,Living Colour,Español,1993,8.7,verificado
New Rose,Rock argentino,Guns N’ Roses,Español,1993,8.7,verificado
Here ’n’ Now,Rock argentino,Onyx,Español,1993,8.7,verificado
Sexy M.F.,Rock argentino,Prince,Español,1992,8.7,verificado
River Deep – Mountain High,Rock argentino,Ike & Tina Turner,Español,1991,8.7,verificado
In the Army Now,Rock argentino,Laibach,Español,1996,8.7,verificado
Wirtschaft ist tot,Rock argentino,Laibach,Español,1996,8.7,verificado
Geburt einer Nation,Rock argentino,Laibach,Español,1996,8.7,verificado
Final Countdown,Rock argentino,Laibach,Español,1996,8.7,verificado
Just Another Day,Rock argentino,Jon Secada,Español,1992,8.7,verificado
Everybody Jam! (club jam),Rock argentino,Scatman John,Español,1996,8.7,verificado
War,Rock argentino,Laibach,Español,1996,8.7,verificado
Everlasting in Union,Rock argentino,Laibach,Español,1996,8.7,verificado
National Reservation,Rock argentino,Laibach,Español,1996,8.7,verificado
Opus Dei,Rock argentino,Laibach,Español,1996,8.7,verificado
True Faith ’94 (radio edit),Rock argentino,New Order,Español,1994,8.7,verificado
Alle gegen Alle,Rock argentino,Laibach,Español,1996,8.7,verificado
2525,Rock argentino,Laibach,Español,1996,8.7,verificado
Leben heißt Leben,Rock argentino,Laibach,Español,1996,8.7,verificado
It’s Not My Problem,Rock argentino,The Future Sound of London,Español,1991,8.7,verificado
To Love Somebody,Rock argentino,Jimmy Somerville,Español,1990,8.7,verificado
N.A.T.O.,Rock argentino,Laibach,Español,1996,8.7,verificado
Mars on River Drina,Rock argentino,Laibach,Español,1996,8.7,verificado
Summer Summer,Rock argentino,Loft,Español,1993,8.7,verificado
Soy una fiera,Rock argentino,Carlos Gardel,Español,1998,8.7,verificado
Blisters on My Brain,Rock argentino,Lo Fidelity Allstars,Español,1997,8.7,verificado
One Boy Girl,Rock argentino,Kylie Minogue,Español,1990,8.7,verificado
Secrets,Rock argentino,Kylie Minogue,Español,1990,8.7,verificado
Now Is Forever,Rock argentino,Eiffel 65,Español,1999,8.7,verificado
Living in a Bubble,Rock argentino,Eiffel 65,Español,1999,8.7,verificado
Count the Days,Rock argentino,Kylie Minogue,Español,1990,8.7,verificado
Better Things,Rock argentino,Massive Attack,Español,1994,8.7,verificado
Forbidden Love,Rock argentino,Madonna,Español,1994,8.7,verificado
Rush Rush,Rock argentino,Paula Abdul,Español,1991,8.7,verificado
Krupa,Rock argentino,Apollo 440,Español,1996,8.7,verificado
Monkey Spanner,Rock argentino,Dave & Ansel Collins,Español,1995,8.7,verificado
Iron Lion Zion,Rock argentino,Bob Marley & The Wailers,Español,1993,8.7,verificado
Buscándola,Rock argentino,Maná,Español,1990,8.7,verificado
Pasos,Rock argentino,Soda Stereo,Español,1996,8.7,verificado
Chilanga banda,Rock argentino,Café Tacvba,Español,1996,8.7,verificado
Strawberry Fields for Ever,Rock argentino,Los Fabulosos Cadillacs,Español,1995,8.7,verificado
No me comprendes,Rock argentino,Café Tacvba,Español,1996,8.7,verificado
El catrín,Rock argentino,Café Tacvba,Español,1992,8.7,verificado
No controles,Rock argentino,Café Tacvba,Español,1996,8.7,verificado
Metamorfosis,Rock argentino,Café Tacvba,Español,1996,8.7,verificado
La chica banda,Rock argentino,Café Tacvba,Español,1992,8.7,verificado
Ángel eléctrico,Rock argentino,Soda Stereo,Español,1996,8.7,verificado
Pop Song for Us Rejects,Grunge,Silverchair,Inglés,1996,8.7,verificado
Slave,Grunge,Silverchair,Inglés,1996,8.7,verificado
No Association,Grunge,Silverchair,Inglés,1996,8.7,verificado
Roses,Grunge,Silverchair,Inglés,1996,8.7,verificado
Pillow of Your Bones,Grunge,Chris Cornell,Inglés,1999,8.7,verificado
Disappearing One,Grunge,Chris Cornell,Inglés,1999,8.7,verificado
Wave Goodbye,Grunge,Chris Cornell,Inglés,1999,8.7,verificado
Sweet Euphoria,Grunge,Chris Cornell,Inglés,1999,8.7,verificado
Preaching the End of the World,Grunge,Chris Cornell,Inglés,1999,8.7,verificado
Nobody Came,Grunge,Silverchair,Inglés,1996,8.7,verificado
The Closing,Grunge,Silverchair,Inglés,1996,8.7,verificado
Learn to Hate,Grunge,Silverchair,Inglés,1996,8.7,verificado
Freak,Grunge,Silverchair,Inglés,1996,8.7,verificado
Steel Rain,Grunge,Chris Cornell,Inglés,1999,8.7,verificado
Moonchild,Grunge,Chris Cornell,Inglés,1999,8.7,verificado
Flutter Girl,Grunge,Chris Cornell,Inglés,1999,8.7,verificado
Bitter,Grunge,Shihad,Inglés,1995,8.7,verificado
Petrol & Chlorine,Grunge,Silverchair,Inglés,1996,8.7,verificado
Lie to Me,Grunge,Silverchair,Inglés,1996,8.7,verificado
Release,Grunge,Pearl Jam,Inglés,1991,8.7,verificado
Violin Doyna,Dance,The Klezmatics,Inglés,1991,8.7,verificado
User (01)-B2,Dance,Richard Harvey,Inglés,1999,8.7,verificado
Stormtrooper in Drag,Dance,Saint Etienne,Inglés,1997,8.7,verificado
Theme From Guidance,Dance,Larry Heard,Inglés,1997,8.7,verificado
They Say It's Gonna Rain,Dance,Hazell Dean,Inglés,1995,8.7,verificado
Hokey Pokey,Dance,The Hit Crew,Inglés,1994,8.7,verificado
Beautiful Flower of the Bad,Dance,Pharao,Inglés,1994,8.7,verificado
Kol Ha’misameach - כל המשמח,Dance,Mordechai Ben David,Inglés,1994,8.7,verificado
My Rock,Dance,Paul Overstreet,Inglés,1996,8.7,verificado
[untitled],Dance,Wink,Inglés,1999,8.7,verificado
Fires of Ork II,Dance,The Fires of Ork,Inglés,1994,8.7,verificado
Qué grande es este amor,Dance,Olga Tañón,Inglés,1997,8.7,verificado
Brainticket,Dance,Ramin Naghachian,Inglés,1992,8.7,verificado
The Nighttrain (radio edit),Dance,Kadoc,Inglés,1996,8.7,verificado
El tiburón,Dance,Proyecto Uno,Inglés,1993,8.7,verificado
What the Hell Was That?,Dance,[no artist],Inglés,1999,8.7,verificado
Todo tiene su final,Dance,Héctor Lavoe,Inglés,1994,8.7,verificado
It Ain’t Me,Dance,George Ducas,Inglés,1994,8.7,verificado
Speed Deep,Dance,Deep Forest,Inglés,1995,8.7,verificado
Jala jala,Dance,El Gran Combo de Puerto Rico,Inglés,1995,8.7,verificado
Bass Werk,Dance,Bass Cube,Inglés,1997,8.7,verificado
Joik,Dance,Martyn Bennett,Inglés,1997,8.7,verificado
User (02)-A2,Dance,Richard Harvey,Inglés,1999,8.7,verificado
Never Tell You (version),Dance,Rhythm & Sound,Inglés,1999,8.7,verificado
Mortal,Dance,Front Line Assembly,Inglés,1995,8.7,verificado
Rompecintura,Dance,Los Hermanos Rosario,Inglés,1997,8.7,verificado
Killabite (002) - A1,Dance,Rob Jarvis,Inglés,1999,8.7,verificado
Dumped,Dance,G Flame & Mr. G,Inglés,1999,8.7,verificado
User (04)-A2,Dance,Richard Harvey,Inglés,1999,8.7,verificado
The Light,Dance,DJ Icey,Inglés,1999,8.7,verificado
(You Are My) All & All,Dance,Joyce Sims,Inglés,1994,8.7,verificado
Never Understand,Dance,DJ Icey,Inglés,1999,8.7,verificado
Trataré,Dance,Olga Tañón,Inglés,1993,8.7,verificado
Piel a piel,Dance,Olga Tañón,Inglés,1993,8.7,verificado
Gonna Make You Sweat (Everybody dance Now),Dance,C+C Music Factory,Inglés,1996,8.7,verificado
In the Evening,Dance,Sheryl Lee Ralph,Inglés,1996,8.7,verificado
January: What Time Is Love?,Dance,The KLF,Inglés,1991,8.7,verificado
She Lays It All on the Line,Dance,George Strait,Inglés,1992,8.7,verificado
Every Little Thing,Dance,Transvision Vamp,Inglés,1991,8.7,verificado
I Show You Secrets,Dance,Pharao,Inglés,1994,8.7,verificado
Boundaries,Dance,Leena Conquest,Inglés,1994,8.7,verificado
Sobre las olas,Dance,The Latin Brothers,Inglés,1990,8.7,verificado
Ayer,Dance,Juan Luis Guerra 4.40,Inglés,1992,8.7,verificado
Así es el amor,Dance,Olga Tañón,Inglés,1997,8.7,verificado
Porque no te encontré,Dance,Olga Tañón,Inglés,1997,8.7,verificado
Choque de planetas,Dance,Olga Tañón,Inglés,1997,8.7,verificado
Despierta corazón,Dance,Olga Tañón,Inglés,1997,8.7,verificado
Lo que son las apariencias,Dance,Olga Tañón,Inglés,1997,8.7,verificado
And I Love Her,Dance,José Alberto “El Canario”,Inglés,1996,8.7,verificado
Milonga del ángel,Dance,Astor Piazzolla,Inglés,1994,8.7,verificado
Cups (Salt City Orchestra’s Vertical Bacon vocal),Dance,Underworld,Inglés,1999,8.7,verificado
Walkin’ In,Dance,Tracy Byrd,Inglés,1995,8.7,verificado
Scatman,Dance,Scatman John,Inglés,1995,8.7,verificado
Delicate Terror,Dance,My Life With the Thrill Kill Kult,Inglés,1993,8.7,verificado
Vogue (12” version),Dance,Madonna,Inglés,1990,8.7,verificado
Vogue (Strike-A-Pose dub),Dance,Madonna,Inglés,1990,8.7,verificado
Tootsie Roll,Dance,69 Boyz,Inglés,1995,8.7,verificado
All I Want,Pop,Captain Hollywood Project,Inglés,1993,8.7,verificado
Rhythm of Life,Pop,Captain Hollywood Project,Inglés,1993,8.7,verificado
Free,Pop,Ultra Naté,Inglés,1999,8.7,verificado
Exterminate ( ),Pop,Snap!,Inglés,1992,8.7,verificado
Impossible,Pop,Captain Hollywood Project,Inglés,1993,8.7,verificado
World of Magic,Pop,Pharao,Inglés,1994,8.7,verificado
King Pharao,Pop,Pharao,Inglés,1994,8.7,verificado
Eternity,Pop,Pharao,Inglés,1994,8.7,verificado
No Limit (extended rap),Pop,2 Unlimited,Inglés,1992,8.7,verificado
Nothing’s Gonna Stop Me,Pop,Captain Hollywood Project,Inglés,1993,8.7,verificado
Rhythm Takes Control,Pop,Captain Hollywood Project,Inglés,1993,8.7,verificado
Don’t Give Me Your Life (Dancing Divaz edit),Pop,Alex Party,Inglés,1994,8.7,verificado
Only With You (Faze 2 edit),Pop,Captain Hollywood Project,Inglés,1993,8.7,verificado
Where Do You Go,Pop,La Bouche,Inglés,1994,8.7,verificado
Love 4 U Love 4 Me,Pop,Captain Hollywood Project,Inglés,1993,8.7,verificado
Rave Like an Egyptian,Pop,Pharao,Inglés,1994,8.7,verificado
I Show You Secrets (unplugged version),Pop,Pharao,Inglés,1994,8.7,verificado
To & Fro,R&b,Catatonia,Inglés,1997,8.7,verificado
To and Fro,R&b,Steve Race,Inglés,1994,8.7,verificado
Addis Ababa,Ska,The Skatalites,Inglés,1997,8.7,verificado
Goin' Off,Ska,The Porkers,Inglés,1995,8.7,verificado
Birth Control,Ska,Lloydie & the Lowbites,Inglés,1995,8.7,verificado
Tougher Than Tough,Ska,Derrick Morgan,Inglés,1993,8.7,verificado
Corner Stone,Ska,Don Drummond,Inglés,1999,8.7,verificado
Welding,Ska,I‐Roy,Inglés,1993,8.7,verificado
Careless Dub,Ska,Inner Circle,Inglés,1999,8.7,verificado
Meditation Rock,Ska,Inner Circle,Inglés,1999,8.7,verificado
Rock For Ever,Ska,Inner Circle,Inglés,1999,8.7,verificado
What a Situation,Ska,Slim Smith,Inglés,1998,8.7,verificado
Kiddyo,Ska,The Silvertones,Inglés,1998,8.7,verificado
Pound Get a Blow,Ska,The Bleechers,Inglés,1998,8.7,verificado
The Same Things,Ska,The Gaylads,Inglés,1998,8.7,verificado
Boomtown,Ska,Less Than Jake,Inglés,1995,8.7,verificado
Finger,Ska,Prince Buster,Inglés,1993,8.7,verificado
Pharaoh House Crash,Ska,Prince Buster,Inglés,1993,8.7,verificado
10 Commandments,Ska,Prince Buster,Inglés,1993,8.7,verificado
Girl I’ve Got a Date,Ska,Alton Ellis,Inglés,1993,8.7,verificado
Dancing Mood,Ska,Delroy Wilson,Inglés,1993,8.7,verificado
Copper Bullet,Ska,Inner Circle,Inglés,1999,8.7,verificado
Shaolin Temple,Ska,Prince Jammy,Inglés,1996,8.7,verificado
Massacre,Ska,Inner Circle,Inglés,1999,8.7,verificado
I Will Survive,Pop,CAKE,Español,1996,8.7,verificado
Una mentira llamada amor,Heavy metal,Muro,Español,1992,8.7,verificado
Painful Lust,Heavy metal,Squealer,Español,1999,8.7,verificado
Molinos de viento (versión acústica),Heavy metal,Mägo de Oz,Español,1998,8.7,verificado
The Invisible,Heavy metal,G//Z/R,Español,1995,8.7,verificado
Freedom,Heavy metal,KOP,Español,1999,8.7,verificado
Desalojos son disturbios,Heavy metal,KOP,Español,1999,8.7,verificado
Wasted in America,Hard rock,Love/Hate,Español,1992,8.7,verificado
Drifting,Hard rock,Corey Glover,Español,1995,8.7,verificado
I Want My Shit,Rap,Insane Clown Posse,Español,1999,8.7,verificado
Slip and Do It,Soul,Betty Wright,Español,1992,8.7,verificado
Let’s Rock a While,Soul,Amos Milburn,Español,1994,8.7,verificado
Why Don’t They Let Us Fall in Love,Soul,The Ronettes,Español,1992,8.7,verificado
Say Nothin’  ,Soul,Omar,Español,1997,8.7,verificado
Lee Cross (mono),Soul,Aretha Franklin,Español,1995,8.7,verificado
You Don’t See Me,Soul,Al Jarreau,Español,1994,8.7,verificado
Wait for the Magic,Soul,Al Jarreau,Español,1994,8.7,verificado
Now You’re Gone,Soul,Lionel Richie,Español,1996,8.7,verificado
Your Song,Soul,Al Jarreau,Español,1994,8.7,verificado
Save Your Love for Me,Soul,Al Jarreau,Español,1994,8.7,verificado
Try a Little Tenderness,Soul,Al Jarreau,Español,1994,8.7,verificado
Dinosaur,Soul,Al Jarreau,Español,1994,8.7,verificado
Piece of Love,Soul,Lionel Richie,Español,1996,8.7,verificado
Summertime,Soul,Al Jarreau,Español,1994,8.7,verificado
Info Superhighway,Dance,2 Unlimited,Español,1994,8.7,verificado
Groove Machine 4,Dance,Dr. Alban,Español,1992,8.7,verificado
Power of American Natives 98 (DJ Quicksilver radio cut),Dance,Dance 2 Trance,Español,1997,8.7,verificado
Motion,Dance,Front 242,Español,1993,8.7,verificado
Religion,Dance,Front 242,Español,1993,8.7,verificado
Hymn,Dance,Front 242,Español,1993,8.7,verificado
When You Come Back to Me,Dance,Jason Donovan,Español,1990,8.7,verificado
Fly (Through the Starry Night),Dance,2 Brothers on the 4th Floor,Español,1995,8.7,verificado
It's a Fine Day (ATB radio edit),Dance,Miss Jane,Español,1999,8.7,verificado
Listen to My Heart,House,Cartoons,Español,1998,8.7,verificado
The First Tones,House,ATB,Español,1999,8.7,verificado
Let's Go Childish,House,Cartoons,Español,1998,8.7,verificado
Ex-Terminator,House,Snap!,Español,1992,8.7,verificado
Ramalama Daisy,House,Cartoons,Español,1998,8.7,verificado
Who Put the Bomp,House,Cartoons,Español,1998,8.7,verificado
Kayama,House,ATB,Español,1999,8.7,verificado
Build a Fire,House,The KLF,Español,1991,8.7,verificado
Original,House,Leftfield,Español,1995,8.7,verificado
Talk to Me,Pop,Tindersticks,Español,1995,8.7,verificado
Number One Blind,Pop,Veruca Salt,Español,1994,8.7,verificado
After the Rain,Hard rock,Nelson,Español,1990,8.7,verificado
Only Women Bleed,Hard rock,Lita Ford,Español,1990,8.7,verificado
Everytime We Say Goodbye,Hip hop,Brian McKnight,Español,1997,8.7,verificado
She Wasn’t Last Night,Hip hop,Jesse Powell,Español,1998,8.7,verificado
Let Go,Hip hop,Jesse Powell,Español,1996,8.7,verificado
Looking for Love,Hip hop,Jesse Powell,Español,1996,8.7,verificado
Cumbia de los Muertos,Hip hop,Ozomatli,Español,1998,8.7,verificado
Nickel Bags,Hip hop,Digable Planets,Español,1993,8.7,verificado
Wolf in Sheep’s Clothing,Soul,Jamiroquai,Español,1999,8.7,verificado
Down in the Park,Rock argentino,Foo Fighters,Español,1996,8.6,verificado
Dawn,Rock argentino,The Brian Jonestown Massacre,Español,1996,8.6,verificado
California,Rock argentino,Gomez,Español,1999,8.6,verificado
Borderline,Rock argentino,Buckcherry,Español,1999,8.6,verificado
The Chrome Plated Megaphone of Destiny,Rock argentino,The Mothers of Invention,Español,1995,8.6,verificado
Little Baby Nothing,Rock argentino,Manic Street Preachers,Español,1992,8.6,verificado
Hit Me Like You Did the First Time,Rock argentino,The Flaming Lips,Español,1992,8.6,verificado
Gingerale Afternoon (The Astrology of a Saturday),Rock argentino,The Flaming Lips,Español,1992,8.6,verificado
Hold Your Head,Rock argentino,The Flaming Lips,Español,1992,8.6,verificado
To Here Knows When,Rock argentino,My Bloody Valentine,Español,1991,8.6,verificado
I'll Fly Tonight,Rock argentino,Echo & the Bunnymen,Español,1997,8.6,verificado
Fire on Babylon,Rock argentino,Sinéad O’Connor,Español,1994,8.6,verificado
John I Love You,Rock argentino,Sinéad O’Connor,Español,1997,8.6,verificado
The Ballad of Peter Pumpkinhead,Rock argentino,XTC,Español,1992,8.6,verificado
Omnibus,Rock argentino,XTC,Español,1992,8.6,verificado
Rook,Rock argentino,XTC,Español,1992,8.6,verificado
Monkey Puzzle,Rock argentino,The Brian Jonestown Massacre,Español,1996,8.6,verificado
Cabin Fever,Rock argentino,The Brian Jonestown Massacre,Español,1996,8.6,verificado
Vertrauen II,Rock argentino,Tindersticks,Español,1995,8.6,verificado
69 Erotic Year,Rock argentino,Mick Harvey,Español,1995,8.6,verificado
Fill My Cup,Rock argentino,Gomez,Español,1999,8.6,verificado
Sirena,Rock argentino,Illya Kuryaki and the Valderramas,Español,1995,8.6,verificado
Be Natural,Rock argentino,Manic Street Preachers,Español,1998,8.6,verificado
You’re Tender and You’re Tired,Rock argentino,Manic Street Preachers,Español,1998,8.6,verificado
Halloween on the Barbary Coast,Rock argentino,The Flaming Lips,Español,1992,8.6,verificado
Never Die,Rock argentino,Creed,Español,1999,8.6,verificado
Pencil Skirt,Rock argentino,Pulp,Español,1995,8.6,verificado
I Spy,Rock argentino,Pulp,Español,1995,8.6,verificado
Holly,Rock argentino,Republica,Español,1996,8.6,verificado
Search and Destroy,Rock argentino,Red Hot Chili Peppers,Español,1993,8.6,verificado
Nightmares by the Sea,Rock argentino,Jeff Buckley,Español,1998,8.6,verificado
Just a Touch Away,Rock argentino,Echo & the Bunnymen,Español,1997,8.6,verificado
I’ve Got You Under My Skin,Rock argentino,Frank Sinatra,Español,1993,8.6,verificado
Crocodile,Rock argentino,XTC,Español,1992,8.6,verificado
Dear Madam Barnum,Rock argentino,XTC,Español,1992,8.6,verificado
F.E.E.L.I.N.G.C.A.L.L.E.D.L.O.V.E,Rock argentino,Pulp,Español,1995,8.6,verificado
Monday Morning,Rock argentino,Pulp,Español,1995,8.6,verificado
Karaoke Overkill,Rock argentino,Robbie Williams,Español,1997,8.6,verificado
She’s So High,Rock argentino,Blur,Español,1991,8.6,verificado
Get Back,Rock argentino,Buckcherry,Español,1999,8.6,verificado
Baby,Rock argentino,Buckcherry,Español,1999,8.6,verificado
Frogs,Rock argentino,The Flaming Lips,Español,1992,8.6,verificado
Opened Once,Rock argentino,Jeff Buckley,Español,1998,8.6,verificado
New Year's Prayer,Rock argentino,Jeff Buckley,Español,1998,8.6,verificado
Out of the Darkness,Rock argentino,Republica,Español,1996,8.6,verificado
Baseball Bill,Rock argentino,Echo & the Bunnymen,Español,1997,8.6,verificado
Hemp,Rock argentino,Living Colour,Español,1993,8.6,verificado
Bungalow,Rock argentino,XTC,Español,1992,8.6,verificado
On Your Own,Rock argentino,Blur,Español,1997,8.6,verificado
Bar Italia,Rock argentino,Pulp,Español,1995,8.6,verificado
Check Your Head,Rock argentino,Buckcherry,Español,1999,8.6,verificado
Belgium,Rock argentino,Bowling for Soup,Español,1998,8.6,verificado
Scope,Rock argentino,Bowling for Soup,Español,1998,8.6,verificado
Weißt du wieviel Sterne stehen,Rock argentino,Oomph!,Español,1998,8.6,verificado
Wash Away Those Years,Rock argentino,Creed,Español,1999,8.6,verificado
Say I,Rock argentino,Creed,Español,1999,8.6,verificado
Making Plans for Nigel,Rock argentino,Robbie Williams,Español,1997,8.6,verificado
Better Days,Rock argentino,Robbie Williams,Español,1997,8.6,verificado
Sex Shop,Rock argentino,Mick Harvey,Español,1995,8.6,verificado
Lawless and Lulu,Rock argentino,Buckcherry,Español,1999,8.6,verificado
Dirty Mind,Rock argentino,Buckcherry,Español,1999,8.6,verificado
Drink the Water,Rock argentino,Buckcherry,Español,1999,8.6,verificado
Bloke,Rock argentino,Republica,Español,1996,8.6,verificado
"Gone, Gone, Gone",Rock argentino,Echo & the Bunnymen,Español,1990,8.6,verificado
You Get What You Give,Rock argentino,New Radicals,Español,1998,8.6,verificado
Forgiven,Rock argentino,Echo & the Bunnymen,Español,1997,8.6,verificado
You Made Me the Thief of Your Heart,Rock argentino,Sinéad O’Connor,Español,1993,8.6,verificado
Low,Rock argentino,Cracker,Español,1993,8.6,verificado
Then She Appeared,Rock argentino,XTC,Español,1992,8.6,verificado
Holly Up on Poppy,Rock argentino,XTC,Español,1992,8.6,verificado
Humble Daisy,Rock argentino,XTC,Español,1992,8.6,verificado
Around the Way Girl,Rock argentino,LL Cool J,Español,1990,8.6,verificado
Deep Glass,Rock argentino,Beginner,Español,1996,8.6,verificado
Ipanema,Rock argentino,Illya Kuryaki and the Valderramas,Español,1995,8.6,verificado
Hombre blanco,Rock argentino,Illya Kuryaki and the Valderramas,Español,1995,8.6,verificado
No es tu sombra,Rock argentino,Illya Kuryaki and the Valderramas,Español,1995,8.6,verificado
En el reino (La hija de la esgrima),Rock argentino,Illya Kuryaki and the Valderramas,Español,1995,8.6,verificado
Mais qui est la belette ?,Rock argentino,Manau,Español,1998,8.6,verificado
Expression,Rock argentino,Salt‐N‐Pepa,Español,1990,8.6,verificado
Nobody Else,Rock argentino,Tyrese,Español,1998,8.6,verificado
Jack and Jill (Back Up the Hill),Rock argentino,Raydio,Español,1998,8.6,verificado
You Can’t Change That,Rock argentino,Raydio,Español,1992,8.6,verificado
"Funky Drummer, Parts 1 & 2",Rock argentino,James Brown,Español,1996,8.6,verificado
I Dreamed a Dream,Rock argentino,Aretha Franklin,Español,1991,8.6,verificado
I Just Want to Celebrate,Rock argentino,Rare Earth,Español,1990,8.6,verificado
Rhythm of Love,Rock argentino,Kylie Minogue,Español,1990,8.6,verificado
Things Can Only Get Better,Rock argentino,Kylie Minogue,Español,1990,8.6,verificado
Give Me Just a Little More Time,Rock argentino,Kylie Minogue,Español,1991,8.6,verificado
Big Time,Rock argentino,Whigfield,Español,1995,8.6,verificado
Always Find the Time,Rock argentino,Kylie Minogue,Español,1990,8.6,verificado
I Want You (orchestral),Rock argentino,Madonna,Español,1995,8.6,verificado
Angel,Rock argentino,Massive Attack,Español,1998,8.6,verificado
Introduction,Rock argentino,Dr. Alban,Español,1992,8.6,verificado
Om we rembwe ike,Rock argentino,Dr. Alban,Español,1992,8.6,verificado
The Grass Is Blue,Rock argentino,Dolly Parton,Español,1999,8.6,verificado
Mata oh a eh,Rock argentino,Dr. Alban,Español,1992,8.6,verificado
How Long,Rock argentino,Information Society,Español,1990,8.6,verificado
Your Hands on My Skin '98,Rock argentino,De/Vision,Español,1998,8.6,verificado
Poco,Rock argentino,Entre 2 Aguas,Español,1994,8.6,verificado
Despertar,Rock argentino,Segundo Imperio,Español,1994,8.6,verificado
Driver's Seat,Rock argentino,DJ Chico,Español,1994,8.6,verificado
Go!,Rock argentino,Bliss Team,Español,1994,8.6,verificado
(Meet) The Flintstones,Rock argentino,Dr. DJ III,Español,1994,8.6,verificado
"Monkey Say, Monkey Do",Rock argentino,TX Productions,Español,1994,8.6,verificado
Take Me Away,Rock argentino,Twenty 4 Seven,Español,1994,8.6,verificado
Can U See (St Luke original version),Rock argentino,Vangelo,Español,1994,8.6,verificado
Every Breath You Take,Rock argentino,Cut 4,Español,1994,8.6,verificado
Deeper and Deeper (Shep’s Fierce Deeper dub),Rock argentino,Madonna,Español,1992,8.6,verificado
Macarena (La Mezcla Guerrillera 130 BPM),Rock argentino,Los del Río,Español,1993,8.6,verificado
Cinema Says,Rock argentino,bis,Español,1998,8.6,verificado
The Child,Rock argentino,Alex Gopher,Español,1999,8.6,verificado
In Mind,Rock argentino,Amorphous Androgynous,Español,1993,8.6,verificado
Ephidrena,Rock argentino,Amorphous Androgynous,Español,1993,8.6,verificado
GRADATED GREY,Rock argentino,Yellow Magic Orchestra,Español,1999,8.6,verificado
El encuentro,Rock argentino,Sysex,Español,1993,8.6,verificado
Boom,Rock argentino,Danny Bee,Español,1993,8.6,verificado
Otoño Porteño,Rock argentino,Astor Piazzolla,Español,1997,8.6,verificado
Retrato de Milton,Rock argentino,Astor Piazzolla,Español,1997,8.6,verificado
Los Poseídos,Rock argentino,Astor Piazzolla,Español,1997,8.6,verificado
Palabras para Julia,Rock argentino,Mercedes Sosa,Español,1994,8.6,verificado
Areia de Salamansa,Rock argentino,Cesária Évora,Español,1995,8.6,verificado
Oriundina,Rock argentino,Cesária Évora,Español,1995,8.6,verificado
El satánico Dr. Cadillac (versión '93),Rock argentino,Los Fabulosos Cadillacs,Español,1993,8.6,verificado
La falocapellera,Rock argentino,Los Infractores,Español,1993,8.6,verificado
Donde está tu amor,Cumbia,Son by Four,Inglés,1999,8.6,verificado
Shut Up and Dance,Hard rock,Aerosmith,Español,1993,8.6,verificado
Take It Like You Give It,Soul,Aretha Franklin,Español,1992,8.6,verificado
Lee Cross,Soul,Aretha Franklin,Español,1992,8.6,verificado
Mas que nada,Soul,Al Jarreau,Español,1994,8.6,verificado
Move,House,Nuages,Español,1994,8.6,verificado
French,House,Deepside,Español,1993,8.6,verificado
Welcome to Tomorrow (Are You Ready?),House,Snap!,Español,1994,8.6,verificado
Early,Trance,Chicane,Español,1997,8.6,verificado
Holdin’ On,Soul,George Benson,Español,1996,8.6,verificado
Summer Love,Soul,George Benson,Español,1996,8.6,verificado
State of Grace,Soul,Jeff Lorber,Español,1996,8.6,verificado
Climbing Higher Mountains,Soul,Aretha Franklin,Español,1999,8.6,verificado
Marvin Said,Soul,George Benson,Español,1996,8.6,verificado
True Blue,Soul,George Benson,Español,1996,8.6,verificado
P Park,Soul,George Benson,Español,1996,8.6,verificado
"Oh, What a Day",Soul,The Dells,Español,1999,8.6,verificado
Nothing Else Matters,Soul,Lionel Richie,Español,1996,8.6,verificado
"It Isn’t, It Wasn’t, It Ain’t Never Gonna Be",Soul,Aretha Franklin,Español,1995,8.6,verificado
Black Sunday,Reggae,The Skatalites,Español,1991,8.6,verificado
"Hey, Johnny Park!",Rock argentino,Foo Fighters,Español,1997,8.5,verificado
Enough Space,Rock argentino,Foo Fighters,Español,1997,8.5,verificado
White Highway,Rock argentino,Saraya,Español,1991,8.5,verificado
Never Satisfied,Rock argentino,Living Colour,Español,1993,8.5,verificado
Into the Shade of the Sun,Rock argentino,Saraya,Español,1991,8.5,verificado
Lion’s Den,Rock argentino,Saraya,Español,1991,8.5,verificado
Bi,Rock argentino,Living Colour,Español,1993,8.5,verificado
Hellbound Train,Rock argentino,Lita Ford,Español,1991,8.5,verificado
Bring Back the Light,Rock argentino,Saraya,Español,1991,8.5,verificado
When You See Me Again…,Rock argentino,Saraya,Español,1991,8.5,verificado
Lullaby,Rock argentino,Alice Cooper,Español,1994,8.5,verificado
Shot of Poison,Rock argentino,Lita Ford,Español,1991,8.5,verificado
And Furthermore,Rock argentino,Surrender to the Air,Español,1996,8.5,verificado
To Mount and Rove,Rock argentino,Borknagar,Español,1997,8.5,verificado
Dub in Life,Rock argentino,Eiffel 65,Español,1999,8.5,verificado
Risingson,Rock argentino,Massive Attack,Español,1997,8.5,verificado
Group Four,Rock argentino,Massive Attack,Español,1998,8.5,verificado
Dissolved Girl,Rock argentino,Massive Attack,Español,1998,8.5,verificado
Man Next Door,Rock argentino,Massive Attack,Español,1998,8.5,verificado
Bruce Lee,Rock argentino,Underworld,Español,1998,8.5,verificado
Cowboys,Rock argentino,Portishead,Español,1997,8.5,verificado
Feiert das Kreuz,Rock argentino,Oomph!,Español,1994,8.5,verificado
Monkeys,Rock argentino,Mad Caddies,Español,1998,8.5,verificado
Road Rash,Rock argentino,Mad Caddies,Español,1998,8.5,verificado
Rarotonga,Rock argentino,Café Tacvba,Español,1992,8.5,verificado
Saco azul,Rock argentino,Los Fabulosos Cadillacs,Español,1995,8.5,verificado
Esa noche,Rock argentino,Café Tacvba,Español,1994,8.5,verificado
Shotgun,Grunge,Moist,Inglés,1996,8.5,verificado
Come & Talk to Me,R&b,Jodeci,Inglés,1991,8.5,verificado
Adam & Steve,R&b,5 to Midnight,Inglés,1997,8.5,verificado
Me & Her,R&b,Heavens to Betsy,Inglés,1993,8.5,verificado
Paseando por la mezquita,Hard rock,Medina Azahara,Español,1990,8.5,verificado
Deja que esto no acabe nunca,Hard rock,Barricada,Español,1991,8.5,verificado
One Rainy Wish,Hard rock,Brian May,Español,1995,8.5,verificado
When the Blackbird Sings…,Hard rock,Saraya,Español,1991,8.5,verificado
Hitchin’ a Ride,Hard rock,Saraya,Español,1991,8.5,verificado
Queen of Sheba,Hard rock,Saraya,Español,1991,8.5,verificado
The Rhythm & Ride,Hip hop,Kool & the Gang,Español,1996,8.5,verificado
¡Ay Alvariño!,Hip hop,Lola Flores,Español,1990,8.5,verificado
Con esos ojitos,Hip hop,7 Notas 7 Colores,Español,1996,8.5,verificado
A Touch of Love,Hip hop,Cleopatra,Español,1998,8.5,verificado
Combustión,Hip hop,Biyi,Español,1998,8.5,verificado
Oye lo que traigo,Hip hop,Arianna Puello,Español,1999,8.5,verificado
Get Away,Hip hop,Bobby Brown,Español,1992,8.5,verificado
Humpin’ Around,Hip hop,Bobby Brown,Español,1992,8.5,verificado
To Hell And Back,R&b,Nuevo Catecismo Catolico,Español,1999,8.5,verificado
If I Told You That,Soul,Whitney Houston,Español,1998,8.5,verificado
Old Landmark,Soul,Aretha Franklin,Español,1999,8.5,verificado
Wildflower,Soul,Lisa Fischer,Español,1991,8.5,verificado
Absurd‐Ditties,Soul,The Toy Dolls,Español,1993,8.5,verificado
My Three Sons,Soul,George Benson,Español,1990,8.5,verificado
You Better Believe It,Soul,Paul Gayten,Español,1990,8.5,verificado
Come Together,Soul,Ike & Tina Turner,Español,1993,8.5,verificado
Yroco,Soul,Jimmy Sabater,Español,1999,8.5,verificado
Move on Up,House,2 Unlimited,Español,1998,8.5,verificado
Russian Roulette (long version),House,Ice MC,Español,1995,8.5,verificado
Some Guys Have All the Luck,House,Switch,Español,1995,8.5,verificado
Hugo a Gogo,House,Weekender,Español,1999,8.5,verificado
I Can't Stop,House,WestBam,Español,1991,8.5,verificado
Open Sesame,House,Leila K,Español,1993,8.5,verificado
What I Gotta Do,House,Cappella,Español,1994,8.5,verificado
Shake Your Body,House,Cappella,Español,1994,8.5,verificado
Fresh (Summer Classic club version),House,Beat System,Español,1997,8.5,verificado
Scatman (Second-Level),House,Scatman John,Español,1994,8.5,verificado
Back in My Life (club instrumental),House,Alice DeeJay,Español,1999,8.5,verificado
U Got 2 Know,House,Cappella,Español,1994,8.5,verificado
The Big Beat,House,Cappella,Español,1994,8.5,verificado
I Know,House,Kerri Chandler,Español,1999,8.5,verificado
Outsiders,House,Jeff Mills,Español,1996,8.5,verificado
Closer 2U,House,2 Unlimited,Español,1998,8.5,verificado
Don't Be Proud,House,Cappella,Español,1994,8.5,verificado
Move It Up,House,Cappella,Español,1994,8.5,verificado
Everybody,House,Cappella,Español,1994,8.5,verificado
How Do You Plead?,House,Soofle,Español,1993,8.5,verificado
Move On Baby,House,Cappella,Español,1994,8.5,verificado
Saturday Teenage Kick,House,Junkie XL,Español,1997,8.5,verificado
Underwater Love (radio edit),House,Smoke City,Español,1997,8.5,verificado
Wasteland,Techno,Scan X,Español,1996,8.5,verificado
Animal (Zoo),Techno,Front 242,Español,1993,8.5,verificado
Spastik,Techno,Plastikman,Español,1993,8.5,verificado
Plis infinis n°2,Techno,Frédéric Galliano,Español,1997,8.5,verificado
Solarized,Techno,Jeff Mills,Español,1994,8.5,verificado
Speed Angels,Techno,Front 242,Español,1993,8.5,verificado
Täss’ on nainen,Techno,Hedningarna,Español,1994,8.5,verificado
Where the Rain Grows,Heavy metal,Helloween,Español,1996,8.5,verificado
Someone’s Crying,Heavy metal,Helloween,Español,1991,8.5,verificado
"I’m Doin’ Fine, Crazy Man",Heavy metal,Helloween,Español,1991,8.5,verificado
Number One,Heavy metal,Helloween,Español,1991,8.5,verificado
The Game Is On,Heavy metal,Helloween,Español,1994,8.5,verificado
Perfect Gentleman,Heavy metal,Helloween,Español,1994,8.5,verificado
Sole Survivor,Heavy metal,Helloween,Español,1994,8.5,verificado
Anti God,Heavy metal,Ripping Corpse,Español,1991,8.5,verificado
Feeling Pleasure Through Pain,Heavy metal,Ripping Corpse,Español,1991,8.5,verificado
Captive Honour,Heavy metal,Megadeth,Español,1992,8.5,verificado
Before the War,Heavy metal,Helloween,Español,1996,8.5,verificado
Steel Tormentor,Heavy metal,Helloween,Español,1996,8.5,verificado
Why?,Heavy metal,Helloween,Español,1996,8.5,verificado
In the Middle of a Heartbeat,Heavy metal,Helloween,Español,1996,8.5,verificado
Chugging Pus,Heavy metal,Ripping Corpse,Español,1991,8.5,verificado
Dreaming With the Dead,Heavy metal,Ripping Corpse,Español,1991,8.5,verificado
Glorious Depravity,Heavy metal,Ripping Corpse,Español,1991,8.5,verificado
Rift of Hate,Heavy metal,Ripping Corpse,Español,1991,8.5,verificado
Back on the Streets,Heavy metal,Helloween,Español,1991,8.5,verificado
Mankind,Heavy metal,Helloween,Español,1991,8.5,verificado
Heavy Metal Hamsters,Heavy metal,Helloween,Español,1991,8.5,verificado
Irritation,Heavy metal,Helloween,Español,1994,8.5,verificado
This Was My Life,Heavy metal,Megadeth,Español,1992,8.5,verificado
Coming Home,Heavy metal,Stratovarius,Español,1997,8.5,verificado
Paradise,Heavy metal,Stratovarius,Español,1997,8.5,verificado
Dr. Stein,Heavy metal,Helloween,Español,1996,8.5,verificado
The Time of the Oath,Heavy metal,Helloween,Español,1996,8.5,verificado
Mr. Ego (Take Me Down),Heavy metal,Helloween,Español,1996,8.5,verificado
Power,Heavy metal,Helloween,Español,1996,8.5,verificado
Future World,Heavy metal,Helloween,Español,1996,8.5,verificado
Goin’ Home,Heavy metal,Helloween,Español,1991,8.5,verificado
Take Me Home,Heavy metal,Helloween,Español,1994,8.5,verificado
Mr Ego (Take Me Down),Heavy metal,Helloween,Español,1994,8.5,verificado
Secret Alibi,Heavy metal,Helloween,Español,1994,8.5,verificado
Sweetness,Heavy metal,Ripping Corpse,Español,1991,8.5,verificado
Through the Skin to the Soul,Heavy metal,Ripping Corpse,Español,1991,8.5,verificado
Beyond Humanity,Heavy metal,Ripping Corpse,Español,1991,8.5,verificado
Deeper Demons,Heavy metal,Ripping Corpse,Español,1991,8.5,verificado
The Abyss of Your Eyes,Heavy metal,Stratovarius,Español,1997,8.5,verificado
Dreamspace,Heavy metal,Stratovarius,Español,1994,8.5,verificado
Wake Up the Mountain,Heavy metal,Helloween,Español,1996,8.5,verificado
The Chance,Heavy metal,Helloween,Español,1996,8.5,verificado
Eagle Fly Free,Heavy metal,Helloween,Español,1996,8.5,verificado
Pink Bubbles Go Ape,Heavy metal,Helloween,Español,1991,8.5,verificado
Neon Knights,Heavy metal,Steel Prophet,Español,1999,8.5,verificado
Seduction of the Innocent,Heavy metal,Ripping Corpse,Español,1991,8.5,verificado
Sickness of Will,Heavy metal,Ripping Corpse,Español,1991,8.5,verificado
Walk Your Way,Heavy metal,Helloween,Español,1996,8.5,verificado
Still We Go,Heavy metal,Helloween,Español,1994,8.5,verificado
The Wings of the Hydra,Heavy metal,Therion,Español,1995,8.5,verificado
On Broken Wings,Hard rock,Europe,Español,1993,8.5,verificado
Tres equis,Hip hop,Cypress Hill,Español,1991,8.5,verificado
To Kill and Die,R&b,Artefakto,Español,1993,8.5,verificado
Pearls,Soul,Sade,Español,1992,8.5,verificado
I’ll Never Fall in Love Again,Soul,Dionne Warwick,Español,1990,8.5,verificado
Take Your Time (Do It Right),Soul,The S.O.S. Band,Español,1998,8.5,verificado
My Favorite Things,Soul,Al Jarreau,Español,1994,8.5,verificado
Breakin’ My Heart (Pretty Brown Eyes),Soul,Mint Condition,Español,1991,8.5,verificado
Go Away Little Girl,Soul,Al Jarreau,Español,1994,8.5,verificado
We Got By,Soul,Al Jarreau,Español,1994,8.5,verificado
Café Europa,Techno,Deep Forest,Español,1995,8.5,verificado
Madazulu,Trance,Deep Forest,Español,1997,8.5,verificado
The Purple Lagoon / Approximate,Rock argentino,Frank Zappa,Español,1991,8.4,verificado
Devil Will Ride,Rock argentino,Gomez,Español,1999,8.4,verificado
Spectators of Suicide,Rock argentino,Manic Street Preachers,Español,1991,8.4,verificado
Bring It On,Rock argentino,Gomez,Español,1999,8.4,verificado
Te quiero igual,Rock argentino,Andrés Calamaro,Español,1999,8.4,verificado
Super Sex,Rock argentino,Morphine,Español,1995,8.4,verificado
The Sky Is a Landfill,Rock argentino,Jeff Buckley,Español,1998,8.4,verificado
Witches' Rave,Rock argentino,Jeff Buckley,Español,1998,8.4,verificado
Demon John,Rock argentino,Jeff Buckley,Español,1998,8.4,verificado
Haven’t You Heard,Rock argentino,Jeff Buckley,Español,1998,8.4,verificado
I Do Not Want What I Haven’t Got,Rock argentino,Sinéad O’Connor,Español,1990,8.4,verificado
Rock in This Pocket (Song of David),Rock argentino,Suzanne Vega,Español,1998,8.4,verificado
Hamlet,Rock argentino,William Shatner,Español,1997,8.4,verificado
World Looks Red,Rock argentino,Sonic Youth,Español,1995,8.4,verificado
Average B-Side,Rock argentino,Robbie Williams,Español,1997,8.4,verificado
Fool,Rock argentino,Blur,Español,1991,8.4,verificado
Jewel Box,Rock argentino,Jeff Buckley,Español,1998,8.4,verificado
Early American,Rock argentino,Sonic Youth,Español,1995,8.4,verificado
No me importa morir,Rock argentino,El Otro Yo,Español,1999,8.4,verificado
Building a Mystery,Rock argentino,Sarah McLachlan,Español,1998,8.4,verificado
Rhythm & Blues Alibi,Rock argentino,Gomez,Español,1999,8.4,verificado
Abismo,Rock argentino,Illya Kuryaki and the Valderramas,Español,1995,8.4,verificado
The Sun,Rock argentino,The Flaming Lips,Español,1992,8.4,verificado
Out of Time Man,Rock argentino,Mano Negra,Español,1991,8.4,verificado
Back in N.Y.C.,Rock argentino,Jeff Buckley,Español,1998,8.4,verificado
Ascension,Rock argentino,Anathema,Español,1996,8.4,verificado
My Bird Performs,Rock argentino,XTC,Español,1992,8.4,verificado
Inhuman,Rock argentino,Sonic Youth,Español,1995,8.4,verificado
Rosalita,Rock argentino,Gomez,Español,1999,8.4,verificado
Long Tall Cool One,Rock argentino,Bruce Hornsby,Español,1993,8.4,verificado
Felt Good to Burn,Rock argentino,The Flaming Lips,Español,1992,8.4,verificado
Underwear,Rock argentino,Pulp,Español,1995,8.4,verificado
February Stars,Rock argentino,Foo Fighters,Español,1997,8.4,verificado
"I Don’t Sleep, I Dream",Rock argentino,R.E.M.,Español,1994,8.4,verificado
Bang and Blame,Rock argentino,R.E.M.,Español,1994,8.4,verificado
Let Me In,Rock argentino,R.E.M.,Español,1994,8.4,verificado
Cold Chills,Rock argentino,KIX,Español,1991,8.4,verificado
Same Jane,Rock argentino,KIX,Español,1991,8.4,verificado
"Pants on Fire (Liar, Liar)",Rock argentino,KIX,Español,1991,8.4,verificado
Bump the La La,Rock argentino,KIX,Español,1991,8.4,verificado
Rock & Roll Overdose,Rock argentino,KIX,Español,1991,8.4,verificado
Everybody Rize,Rock argentino,Insane Clown Posse,Español,1999,8.4,verificado
Bitches,Rock argentino,Insane Clown Posse,Español,1999,8.4,verificado
Intro,Rock argentino,Insane Clown Posse,Español,1999,8.4,verificado
A Handful of Pain,Rock argentino,Helloween,Español,1998,8.4,verificado
Black Chamber,Rock argentino,Blind Guardian,Español,1992,8.4,verificado
"A Winter’s Dream, Part I: Prelude",Rock argentino,Symphony X,Español,1995,8.4,verificado
Dog Day Sunrise,Rock argentino,Fear Factory,Español,1995,8.4,verificado
Shattered,Rock argentino,Dokken,Español,1999,8.4,verificado
Jake Jeckel,Rock argentino,Insane Clown Posse,Español,1999,8.4,verificado
Nothing’s Left,Rock argentino,Insane Clown Posse,Español,1999,8.4,verificado
Angry Again,Rock argentino,Megadeth,Español,1997,8.4,verificado
Wages of Sin,Rock argentino,Winters Bane,Español,1993,8.4,verificado
Luv‐a‐Holic,Rock argentino,KIX,Español,1991,8.4,verificado
Tornado of Souls,Rock argentino,Megadeth,Español,1997,8.4,verificado
Whispers,Rock argentino,Symphony X,Español,1995,8.4,verificado
Key to My Fate,Rock argentino,Edguy,Español,1995,8.4,verificado
Flashpoint,Rock argentino,Fear Factory,Español,1995,8.4,verificado
New Breed,Rock argentino,Fear Factory,Español,1995,8.4,verificado
H‐K (Hunter‐Killer),Rock argentino,Fear Factory,Español,1995,8.4,verificado
Body Hammer,Rock argentino,Fear Factory,Español,1995,8.4,verificado
Living on the Wildside,Rock argentino,Axel Rudi Pell,Español,1998,8.4,verificado
She-Wolf,Rock argentino,Megadeth,Español,1997,8.4,verificado
Hee Bee Jee Bee Crush,Rock argentino,KIX,Español,1991,8.4,verificado
Assassins,Rock argentino,Insane Clown Posse,Español,1999,8.4,verificado
99 Ways to Die,Rock argentino,Megadeth,Español,1993,8.4,verificado
Time What Is Time,Rock argentino,Blind Guardian,Español,1992,8.4,verificado
Will the Sun Rise?,Rock argentino,Stratovarius,Español,1996,8.4,verificado
Echo Side,Rock argentino,Dark Lotus,Español,1999,8.4,verificado
Deep Blue,Rock argentino,Angra,Español,1996,8.4,verificado
Hey Lord!,Rock argentino,Helloween,Español,1998,8.4,verificado
Poison,Rock argentino,Alice Cooper,Español,1997,8.4,verificado
Theatre of Pain (classic version),Rock argentino,Blind Guardian,Español,1992,8.4,verificado
"A Winter’s Dream, Part II: The Ascension",Rock argentino,Symphony X,Español,1995,8.4,verificado
A Therapy for Pain,Rock argentino,Fear Factory,Español,1995,8.4,verificado
Make ’Em Blind,Rock argentino,Motörhead,Español,1995,8.4,verificado
War for War,Rock argentino,Motörhead,Español,1995,8.4,verificado
Pass the Mic,Rock argentino,Beastie Boys,Español,1992,8.4,verificado
Unstoppable,Rock argentino,Public Enemy,Español,1998,8.4,verificado
Resurrection,Rock argentino,Public Enemy,Español,1998,8.4,verificado
How to Survive in South Central,Rock argentino,Ice Cube,Español,1991,8.4,verificado
Hova Song (intro),Rock argentino,JAŸ-Z,Español,1999,8.4,verificado
S. Carter,Rock argentino,JAŸ-Z,Español,1999,8.4,verificado
Dope Man,Rock argentino,JAŸ-Z,Español,1999,8.4,verificado
Pop 4 Roc,Rock argentino,JAŸ-Z,Español,1999,8.4,verificado
Snoopy Track,Rock argentino,JAŸ-Z,Español,1999,8.4,verificado
NYMP,Rock argentino,JAŸ-Z,Español,1999,8.4,verificado
It’s Hot (Some Like It Hot),Rock argentino,JAŸ-Z,Español,1999,8.4,verificado
Things That U Do,Rock argentino,JAŸ-Z,Español,1999,8.4,verificado
Warm Your Heart,Rock argentino,Aaron Neville,Español,1991,8.4,verificado
More Than One Way to Love a Woman,Rock argentino,Raydio,Español,1998,8.4,verificado
Let Me Go,Rock argentino,Ray Parker Jr.,Español,1998,8.4,verificado
Sweet Love,Rock argentino,Commodores,Español,1999,8.4,verificado
"Boom, Boom, Boom, Boom!!",Rock argentino,Vengaboys,Español,1998,8.4,verificado
Exchange,Rock argentino,Massive Attack,Español,1998,8.4,verificado
I Found Love,Rock argentino,Deniece Williams,Español,1996,8.4,verificado
Expander,Rock argentino,The Future Sound of London,Español,1991,8.4,verificado
Calcium,Rock argentino,The Future Sound of London,Español,1991,8.4,verificado
Stolen Documents,Rock argentino,The Future Sound of London,Español,1991,8.4,verificado
Don’t Walk Away,Rock argentino,Whigfield,Español,1995,8.4,verificado
The Eyes of Truth (dub version),Rock argentino,Enigma,Español,1994,8.4,verificado
Come With Me,Rock argentino,Information Society,Español,1990,8.4,verificado
While Others Cry,Rock argentino,The Future Sound of London,Español,1991,8.4,verificado
Trans-National,Rock argentino,Laibach,Español,1996,8.4,verificado
Auto Pimp,Rock argentino,Amorphous Androgynous,Español,1993,8.4,verificado
If Your Heart Ain’t Busy Tonight,Rock argentino,Tanya Tucker,Español,1991,8.4,verificado
Move (You Make Me Feel So Good),Rock argentino,Moby,Español,1993,8.4,verificado
Sympathy for the Devil,Rock argentino,Laibach,Español,1996,8.4,verificado
Moscow,Rock argentino,The Future Sound of London,Español,1991,8.4,verificado
Central Industrial,Rock argentino,The Future Sound of London,Español,1991,8.4,verificado
Kiss of the Bee,Rock argentino,Strange Cargo,Español,1995,8.4,verificado
The Name of the Wave,Rock argentino,Strange Cargo,Español,1995,8.4,verificado
Pod Room,Rock argentino,Amorphous Androgynous,Español,1993,8.4,verificado
The Promise of a New Day,Rock argentino,Paula Abdul,Español,1991,8.4,verificado
Black Milk,Rock argentino,Massive Attack,Español,1998,8.4,verificado
Late at Night,Rock argentino,Reder,Español,1999,8.4,verificado
Relaxing,Rock argentino,Reder,Español,1999,8.4,verificado
Pirámide,Rock argentino,Reder,Español,1999,8.4,verificado
Tekno Progresivo,Rock argentino,Reder,Español,1999,8.4,verificado
Waterloo Sunset,Rock argentino,Cathy Dennis,Español,1996,8.4,verificado
Alfa 01,Rock argentino,Reder,Español,1999,8.4,verificado
Ultrasiete,Rock argentino,Reder,Español,1999,8.4,verificado
Unity,Rock argentino,Reder,Español,1999,8.4,verificado
In the Mood,Rock argentino,Reder,Español,1999,8.4,verificado
Human-Contact,Rock argentino,Reder,Español,1999,8.4,verificado
Action and Drama,Rock argentino,bis,Español,1999,8.4,verificado
Voyage,Rock argentino,Reder,Español,1999,8.4,verificado
Ultrasound,Rock argentino,Reder,Español,1999,8.4,verificado
Beta 03,Rock argentino,Reder,Español,1999,8.4,verificado
My Time,Rock argentino,Gregory Isaacs,Español,1993,8.4,verificado
Cadillacs (versión '93),Rock argentino,Los Fabulosos Cadillacs,Español,1993,8.4,verificado
El puñal y el corazón,Rock argentino,Café Tacvba,Español,1994,8.4,verificado
(En) El séptimo día,Rock argentino,Soda Stereo,Español,1997,8.4,verificado
Estoy agotado,Rock argentino,Maná,Español,1990,8.4,verificado
Un misil en mi placard,Rock argentino,Soda Stereo,Español,1996,8.4,verificado
Entre caníbales,Rock argentino,Soda Stereo,Español,1996,8.4,verificado
Tu amor,Rock argentino,Charly García,Español,1991,8.4,verificado
Home Again,Grunge,Shihad,Inglés,1996,8.4,verificado
Anjelica,Grunge,The Comsat Angels,Inglés,1995,8.4,verificado
Retard Girl,Grunge,Hole,Inglés,1997,8.4,verificado
America,Grunge,Stiltskin,Inglés,1994,8.4,verificado
Forameus,Grunge,Muse,Inglés,1997,8.4,verificado
Oblivion,Grunge,The Comsat Angels,Inglés,1995,8.4,verificado
Acid Rain,Grunge,Silverchair,Inglés,1994,8.4,verificado
Intro,Grunge,Stiltskin,Inglés,1994,8.4,verificado
Swallowed,Grunge,Bush,Inglés,1997,8.4,verificado
Straight,Grunge,Veruca Salt,Inglés,1994,8.4,verificado
The Void,Grunge,Hole,Inglés,1995,8.4,verificado
Rape Me,Grunge,Nirvana,Inglés,1994,8.4,verificado
Summer of Hate,Grunge,Therapy?,Inglés,1992,8.4,verificado
Fell on Black Days (demo),Grunge,Soundgarden,Inglés,1995,8.4,verificado
Sea of Sorrow (Reshoot),Grunge,Alice in Chains,Inglés,1990,8.4,verificado
Best Sunday Dress,Grunge,Hole,Inglés,1998,8.4,verificado
Regina,Grunge,The Sugarcubes,Inglés,1991,8.4,verificado
Controlled Mind,Heavy metal,Rotten Sound,Español,1997,8.4,verificado
Shut Down,Heavy metal,Rotten Sound,Español,1997,8.4,verificado
Skinsaw,Heavy metal,Rotten Sound,Español,1997,8.4,verificado
Jesus Christ Fanclub,Heavy metal,Rotten Sound,Español,1997,8.4,verificado
Excalibur,Heavy metal,Grave Digger,Español,1999,8.4,verificado
Living for Tonite,Heavy metal,Accept,Español,1990,8.4,verificado
Guitar Solo Wolf,Heavy metal,Accept,Español,1990,8.4,verificado
Ze ingo xu?,Heavy metal,Latzen,Español,1996,8.4,verificado
Laztana,Heavy metal,Latzen,Español,1996,8.4,verificado
Natural,Heavy metal,Rotten Sound,Español,1997,8.4,verificado
"I, a Product",Heavy metal,Rotten Sound,Español,1997,8.4,verificado
Vicious Circle,Heavy metal,Rotten Sound,Español,1997,8.4,verificado
Loosin’ Face,Heavy metal,Rotten Sound,Español,1997,8.4,verificado
Renewer,Heavy metal,Rotten Sound,Español,1997,8.4,verificado
Dominion,Heavy metal,Rotten Sound,Español,1997,8.4,verificado
Insomnia,Heavy metal,Rotten Sound,Español,1997,8.4,verificado
Principles of Abuse,Heavy metal,Rotten Sound,Español,1997,8.4,verificado
Affected,Heavy metal,Rotten Sound,Español,1997,8.4,verificado
Princess of the Dawn,Heavy metal,Accept,Español,1990,8.4,verificado
Up to the Limit,Heavy metal,Accept,Español,1990,8.4,verificado
Love Child,Heavy metal,Accept,Español,1990,8.4,verificado
Breaker,Heavy metal,Accept,Español,1990,8.4,verificado
Flash Rockin’ Man,Heavy metal,Accept,Español,1990,8.4,verificado
Dogs on Leads,Heavy metal,Accept,Español,1990,8.4,verificado
Under Pressure,Heavy metal,Rotten Sound,Español,1997,8.4,verificado
Debility,Heavy metal,Rotten Sound,Español,1997,8.4,verificado
Saviour‐Pressurewave,Heavy metal,Rotten Sound,Español,1997,8.4,verificado
Social Rinse,Heavy metal,Rotten Sound,Español,1997,8.4,verificado
Subordinated,Heavy metal,Rotten Sound,Español,1997,8.4,verificado
Guard of the Paradise,Heavy metal,Rotten Sound,Español,1997,8.4,verificado
Stages,Heavy metal,Rotten Sound,Español,1997,8.4,verificado
Corporate Fuck,Heavy metal,Rotten Sound,Español,1997,8.4,verificado
Nerves,Heavy metal,Rotten Sound,Español,1997,8.4,verificado
Metal Heart,Heavy metal,Accept,Español,1990,8.4,verificado
Son of a Bitch,Heavy metal,Accept,Español,1990,8.4,verificado
Restless and Wild,Heavy metal,Accept,Español,1990,8.4,verificado
Balls to the Wall,Heavy metal,Accept,Español,1990,8.4,verificado
Head Over Heels,Heavy metal,Accept,Español,1990,8.4,verificado
London Leatherboys,Heavy metal,Accept,Español,1990,8.4,verificado
Doors & Bikes and Things,R&b,John Barry,Español,1998,8.4,verificado
Samba de Janeiro,House,Bellini,Español,1996,8.4,verificado
The Ghetto,House,Jestofunk,Español,1995,8.4,verificado
The Black Man,House,St Germain,Español,1994,8.4,verificado
Mr. Vain,House,Culture Beat,Español,1993,8.4,verificado
Please Don’t Go,House,Double You,Español,1992,8.4,verificado
Yoko,House,Cartoons,Español,1998,8.4,verificado
Le Triangle,House,Rinôçérôse,Español,1999,8.4,verificado
Ride on Time,House,Black Box,Español,1990,8.4,verificado
Re‐Arranged,Hip hop,Limp Bizkit,Español,1999,8.4,verificado
Come With Me,Hip hop,Diddy,Español,1998,8.4,verificado
My Name Is,Hip hop,Eminem,Español,1999,8.4,verificado
Cut Chemist Suite,Hip hop,Ozomatli,Español,1998,8.4,verificado
Together Again,Soul,Janet Jackson,Español,1997,8.4,verificado
Night and Day,Soul,The Temptations,Español,1995,8.4,verificado
"Mary, Don’t You Weep",Soul,Aretha Franklin,Español,1999,8.4,verificado
"Precious Lord, Take My Hand / You’ve Got a Friend",Soul,Aretha Franklin,Español,1999,8.4,verificado
Basketball Jones,Soul,Barry White,Español,1996,8.4,verificado
Good Times,Soul,Chic,Español,1991,8.4,verificado
Remarks by Rev. C.L. Franklin,Soul,Rev. C.L. Franklin,Español,1999,8.4,verificado
Wholly Holy,Soul,Aretha Franklin,Español,1999,8.4,verificado
When the Chariot Comes,Soul,Brian McKnight,Español,1997,8.4,verificado
El grillero,House,Proyecto Uno,Español,1996,8.4,verificado
Raincloud,House,Lighthouse Family,Español,1997,8.4,verificado
Bulgarian Melody,Techno,Deep Forest,Español,1995,8.4,verificado
Deep Folk Song,Techno,Deep Forest,Español,1995,8.4,verificado
Boheme,Techno,Deep Forest,Español,1995,8.4,verificado
Twosome,Techno,Deep Forest,Español,1995,8.4,verificado
Katharina,Techno,Deep Forest,Español,1995,8.4,verificado
A donde vayas,Cumbia,Salomón Robles y Sus Legendarios,Español,1993,8.4,verificado
Estoy enamorada de ti,Cumbia,Salomón Robles y Sus Legendarios,Español,1993,8.4,verificado
La celosa,Cumbia,Carlos Vives,Español,1993,8.4,verificado
Por favor no me compares,Cumbia,Salomón Robles y Sus Legendarios,Español,1993,8.4,verificado
Un pedacito,Cumbia,Salomón Robles y Sus Legendarios,Español,1993,8.4,verificado
Tu pirata soy yo,Cumbia,Salomón Robles y Sus Legendarios,Español,1993,8.4,verificado
Niña mia,Cumbia,Salomón Robles y Sus Legendarios,Español,1993,8.4,verificado
Ya no somos amantes,Cumbia,Salomón Robles y Sus Legendarios,Español,1993,8.4,verificado
Mi prisionera,Cumbia,Salomón Robles y Sus Legendarios,Español,1993,8.4,verificado
Vete con el,Cumbia,Salomón Robles y Sus Legendarios,Español,1993,8.4,verificado
No puedo,Cumbia,Salomón Robles y Sus Legendarios,Español,1993,8.4,verificado
Not Guilty,Rock argentino,Bryan Adams,Español,1991,8.3,verificado
Repetition,Rock argentino,Blur,Español,1991,8.3,verificado
I Know We Could Be So Happy Baby (If We Wanted to Be),Rock argentino,Jeff Buckley,Español,1998,8.3,verificado
Empire State Halo,Rock argentino,Echo & the Bunnymen,Español,1997,8.3,verificado
Don't Let It Get You Down,Rock argentino,Echo & the Bunnymen,Español,1997,8.3,verificado
María,Rock argentino,Café Tacvba,Español,1992,8.3,verificado
Shaking Hell,Rock argentino,Sonic Youth,Español,1995,8.3,verificado
I Lost My Baby,Rock argentino,Jean Leloup,Español,1996,8.3,verificado
Faceless Man,Rock argentino,Creed,Español,1999,8.3,verificado
Gunshot Glitter,Rock argentino,Jeff Buckley,Español,1998,8.3,verificado
I Want to Be There (When You Come),Rock argentino,Echo & the Bunnymen,Español,1997,8.3,verificado
Too Young to Kneel,Rock argentino,Echo & the Bunnymen,Español,1997,8.3,verificado
Sunset of Age,Rock argentino,Anathema,Español,1995,8.3,verificado
Nocturnal Emission,Rock argentino,Anathema,Español,1995,8.3,verificado
Ford Mustang,Rock argentino,Mick Harvey,Español,1995,8.3,verificado
Contrast and Compare,Rock argentino,Bright Eyes,Español,1998,8.3,verificado
King Henry the Fifth,Rock argentino,William Shatner,Español,1992,8.3,verificado
Ice-Coffin,Rock argentino,Oomph!,Español,1995,8.3,verificado
Virus,Rock argentino,Héroes del Silencio,Español,1995,8.3,verificado
You & I,Rock argentino,Jeff Buckley,Español,1998,8.3,verificado
Altamont,Rock argentino,Echo & the Bunnymen,Español,1997,8.3,verificado
Evergreen,Rock argentino,Echo & the Bunnymen,Español,1997,8.3,verificado
Pictures of You,Rock argentino,The Cure,Español,1993,8.3,verificado
Trust,Rock argentino,The Cure,Español,1993,8.3,verificado
Nothing Lasts Forever,Rock argentino,Echo & the Bunnymen,Español,1997,8.3,verificado
High,Rock argentino,The Cure,Español,1993,8.3,verificado
Tongue,Rock argentino,R.E.M.,Español,1994,8.3,verificado
Ode to My Family,Rock argentino,The Cranberries,Español,1994,8.3,verificado
I Took Your Name,Rock argentino,R.E.M.,Español,1994,8.3,verificado
Dog‐Face Boy,Rock argentino,Motörhead,Español,1995,8.3,verificado
In Another Time,Rock argentino,Motörhead,Español,1995,8.3,verificado
All Gone to Hell,Rock argentino,Motörhead,Español,1995,8.3,verificado
Order/Fade to Black,Rock argentino,Motörhead,Español,1995,8.3,verificado
Sex & Death,Rock argentino,Motörhead,Español,1995,8.3,verificado
Don’t Waste Your Time,Rock argentino,Motörhead,Español,1995,8.3,verificado
She’s Gone,Rock argentino,Steelheart,Español,1990,8.3,verificado
Pay the Price,Rock argentino,Axel Rudi Pell,Español,1998,8.3,verificado
Holy Creatures,Rock argentino,Axel Rudi Pell,Español,1998,8.3,verificado
Ride the Rainbow,Rock argentino,Axel Rudi Pell,Español,1998,8.3,verificado
Hey Stoopid,Rock argentino,Alice Cooper,Español,1991,8.3,verificado
Valentine,Rock argentino,Nils Lofgren,Español,1991,8.3,verificado
Sweet Love Child,Rock argentino,Europe,Español,1993,8.3,verificado
Hey Honey — I’m Packin’ You In!,Rock argentino,Bryan Adams,Español,1991,8.3,verificado
Under My Wheels,Rock argentino,Alice Cooper,Español,1995,8.3,verificado
Bad Love,Rock argentino,Lita Ford,Español,1991,8.3,verificado
Got Your Mind in the Gutter,Rock argentino,Europe,Español,1991,8.3,verificado
So What’cha Want,Rock argentino,Beastie Boys,Español,1992,8.3,verificado
Root Down,Rock argentino,Beastie Boys,Español,1994,8.3,verificado
Ryde or Die,Rock argentino,Ruff Ryders,Español,1999,8.3,verificado
Húmeda,Rock argentino,Illya Kuryaki and the Valderramas,Español,1995,8.3,verificado
Monsta Mack,Rock argentino,Sir Mix‐A‐Lot,Español,1993,8.3,verificado
Hermoza From Heaven,Rock argentino,Illya Kuryaki and the Valderramas,Español,1995,8.3,verificado
Remisero,Rock argentino,Illya Kuryaki and the Valderramas,Español,1995,8.3,verificado
A Song for Mama,Rock argentino,Boyz II Men,Español,1997,8.3,verificado
Pissen From Outta Space,Rock argentino,Beginner,Español,1996,8.3,verificado
Mitad de la canción del caballo violeta,Rock argentino,Illya Kuryaki and the Valderramas,Español,1995,8.3,verificado
Uhh Ahh (Sequel version),Rock argentino,Boyz II Men,Español,1992,8.3,verificado
Nacimiento,Rock argentino,Illya Kuryaki and the Valderramas,Español,1995,8.3,verificado
Hermana sista,Rock argentino,Illya Kuryaki and the Valderramas,Español,1995,8.3,verificado
Almost Doesn't Count,Rock argentino,Brandy,Español,1998,8.3,verificado
Let’s Talk About Sex,Rock argentino,Salt‐N‐Pepa,Español,1990,8.3,verificado
With U,Rock argentino,Alex Gopher,Español,1999,8.3,verificado
Hulaville,Rock argentino,Strange Cargo,Español,1995,8.3,verificado
Liquid Insects,Rock argentino,Amorphous Androgynous,Español,1993,8.3,verificado
Fat Cat,Rock argentino,Amorphous Androgynous,Español,1993,8.3,verificado
"Écoutez, répétez",Rock argentino,Touch and Go,Español,1999,8.3,verificado
Nothing Really Matters (Club 69 Future dub),Rock argentino,Madonna,Español,1998,8.3,verificado
Millennium,Rock argentino,Robbie Williams,Español,1998,8.3,verificado
Finer Feelings,Rock argentino,Kylie Minogue,Español,1991,8.3,verificado
Montok Point,Rock argentino,Strange Cargo,Español,1995,8.3,verificado
Señorita,Rock argentino,Juan Luis Guerra 4.40,Español,1995,8.3,verificado
Studio K,Rock argentino,The Chemical Brothers,Español,1999,8.3,verificado
Mile End,Rock argentino,Pulp,Español,1995,8.3,verificado
How Beautiful Could a Being Be,Rock argentino,Caetano Veloso,Español,1997,8.3,verificado
[untitled],Rock argentino,La Portuaria,Español,1990,8.3,verificado
Consedjo,Rock argentino,Cesária Évora,Español,1995,8.3,verificado
Desafinado (45 rpm issue),Rock argentino,Stan Getz,Español,1994,8.3,verificado
Pra Ninguém,Rock argentino,Caetano Veloso,Español,1997,8.3,verificado
O Navio Negreiro (Excerto),Rock argentino,Caetano Veloso,Español,1997,8.3,verificado
I Miss Her,Rock argentino,Olodum,Español,1997,8.3,verificado
Alexandre,Rock argentino,Caetano Veloso,Español,1997,8.3,verificado
Cretcheu di Ceu,Rock argentino,Cesária Évora,Español,1991,8.3,verificado
Estanhadinha,Rock argentino,Cesária Évora,Español,1991,8.3,verificado
Xandinha,Rock argentino,Cesária Évora,Español,1995,8.3,verificado
Anywhere but Here,Grunge,Hammerbox,Inglés,1993,8.3,verificado
Time Speaks Her Golden Tongue,Grunge,Screaming Trees,Inglés,1990,8.3,verificado
Red Dress,Grunge,Sweet 75,Inglés,1996,8.3,verificado
Oral Health,Grunge,Sweet 75,Inglés,1996,8.3,verificado
New Damage,Grunge,Soundgarden,Inglés,1994,8.3,verificado
Flame Tavern,Grunge,Tad,Inglés,1991,8.3,verificado
Wired God,Grunge,Tad,Inglés,1991,8.3,verificado
Creature,Grunge,Moist,Inglés,1996,8.3,verificado
Cantos de Pilon,Grunge,Sweet 75,Inglés,1996,8.3,verificado
Nothing,Grunge,Sweet 75,Inglés,1996,8.3,verificado
Prizefighter,Grunge,Bush,Inglés,1999,8.3,verificado
Disco Days,Grunge,Moist,Inglés,1996,8.3,verificado
Woke Up,Grunge,Hammerbox,Inglés,1991,8.3,verificado
When 3 Is 2,Grunge,Hammerbox,Inglés,1991,8.3,verificado
Punk Broke (My Heart),Grunge,L7,Inglés,1997,8.3,verificado
Stars Fly,Grunge,Drill Team,Inglés,1998,8.3,verificado
Monarch Mine,Grunge,Drill Team,Inglés,1998,8.3,verificado
Sorrow Marry Me,Grunge,Drill Team,Inglés,1998,8.3,verificado
Burn a Hole,Grunge,Skin Yard,Inglés,1991,8.3,verificado
Mindchanger,Grunge,Bush,Inglés,1999,8.3,verificado
Kept House,Grunge,Hammerbox,Inglés,1991,8.3,verificado
Jr. Loaded,Grunge,Sprinkler,Inglés,1992,8.3,verificado
Blind,Grunge,Sprinkler,Inglés,1992,8.3,verificado
Landlord,Grunge,Sprinkler,Inglés,1992,8.3,verificado
My Enemy,Grunge,The Afghan Whigs,Inglés,1996,8.3,verificado
Favor,Grunge,Dharma Bums,Inglés,1992,8.3,verificado
More or Less,Grunge,Screaming Trees,Inglés,1992,8.3,verificado
Shadow of the Season,Grunge,Screaming Trees,Inglés,1992,8.3,verificado
No One Knows,Grunge,Screaming Trees,Inglés,1992,8.3,verificado
The Secret Kind,Grunge,Screaming Trees,Inglés,1992,8.3,verificado
Angry Chair,Grunge,Alice in Chains,Inglés,1999,8.3,verificado
Gutless,Grunge,Hole,Inglés,1994,8.3,verificado
I Think That I Would Die,Grunge,Hole,Inglés,1994,8.3,verificado
"Softer, Softest",Grunge,Hole,Inglés,1994,8.3,verificado
Throat Locust,Grunge,Tad,Inglés,1993,8.3,verificado
Generation Spokesmodel,Grunge,Mudhoney,Inglés,1995,8.3,verificado
All Alone,Grunge,Mad Season,Inglés,1995,8.3,verificado
Lifeless Dead,Grunge,Mad Season,Inglés,1995,8.3,verificado
Long Gone Day,Grunge,Mad Season,Inglés,1995,8.3,verificado
Interlude,Grunge,Mad Season,Inglés,1995,8.3,verificado
Dumptruck,Grunge,Blind Melon,Inglés,1995,8.3,verificado
Gentle Groove,Grunge,Mother Love Bone,Inglés,1990,8.3,verificado
Stumblin’ Man,Grunge,Tad,Inglés,1991,8.3,verificado
Punk Song #2,Grunge,Silverchair,Inglés,1996,8.3,verificado
Cherub Rock,Grunge,The Smashing Pumpkins,Inglés,1996,8.3,verificado
Undecided,Grunge,Silverchair,Inglés,1996,8.3,verificado
Shade,Grunge,Silverchair,Inglés,1995,8.3,verificado
Findaway,Grunge,Silverchair,Inglés,1995,8.3,verificado
Insect Kin,Grunge,Bush,Inglés,1996,8.3,verificado
Over Now,Grunge,Alice in Chains,Inglés,1996,8.3,verificado
Teenage Whore,Grunge,Hole,Inglés,1991,8.3,verificado
Star Belly,Grunge,Hole,Inglés,1991,8.3,verificado
Inside,Grunge,Stiltskin,Inglés,1994,8.3,verificado
Altered States,Grunge,Bush,Inglés,1999,8.3,verificado
Seems to Me,Grunge,Spell,Inglés,1994,8.3,verificado
Straight to Hell,Grunge,Spell,Inglés,1994,8.3,verificado
Plague Years,Grunge,Tad,Inglés,1991,8.3,verificado
Under the Moon,Grunge,Hammerbox,Inglés,1991,8.3,verificado
Size of the World,Grunge,Hammerbox,Inglés,1991,8.3,verificado
Candi,Grunge,Tad,Inglés,1991,8.3,verificado
3-D Witch Hunt,Grunge,Tad,Inglés,1991,8.3,verificado
The Disease of the Dancing Cats,Grunge,Bush,Inglés,1999,8.3,verificado
Spacetravel,Grunge,Bush,Inglés,1999,8.3,verificado
No,Grunge,Hammerbox,Inglés,1993,8.3,verificado
Blur,Grunge,Hammerbox,Inglés,1993,8.3,verificado
Dirty Walls,Grunge,Our Lady Peace,Inglés,1994,8.3,verificado
Flashes,Grunge,Screaming Trees,Inglés,1990,8.3,verificado
Lay Me Down,Grunge,Sweet 75,Inglés,1996,8.3,verificado
Hold You Down,Grunge,Drill Team,Inglés,1998,8.3,verificado
When I Was Your Girlfriend,Grunge,The Chubbies,Inglés,1999,8.3,verificado
Their Given Voice,Grunge,Hammerbox,Inglés,1991,8.3,verificado
Frosting,Grunge,Drill Team,Inglés,1998,8.3,verificado
Highway of Souls,Grunge,Love Battery,Inglés,1990,8.3,verificado
Skinned,Grunge,Blind Melon,Inglés,1995,8.3,verificado
I Got Id,Grunge,Pearl Jam,Inglés,1995,8.3,verificado
Train,Grunge,4 Non Blondes,Inglés,1993,8.3,verificado
Mr. Danny Boy,Grunge,Mother Love Bone,Inglés,1990,8.3,verificado
New Race,Grunge,Silverchair,Inglés,1997,8.3,verificado
Doyle,Grunge,Sprinkler,Inglés,1992,8.3,verificado
Personality Doll,Grunge,Sprinkler,Inglés,1992,8.3,verificado
Sibling,Grunge,Sprinkler,Inglés,1992,8.3,verificado
Bumble Bee,Grunge,Drill Team,Inglés,1998,8.3,verificado
November Hotel,Grunge,Mad Season,Inglés,1995,8.3,verificado
Artificial Red,Grunge,Mad Season,Inglés,1995,8.3,verificado
Mothers Dream,Grunge,Candlebox,Inglés,1993,8.3,verificado
22,Grunge,Babes in Toyland,Inglés,1998,8.3,verificado
Shutterbug,Grunge,Veruca Salt,Inglés,1997,8.3,verificado
Madman,Grunge,Silverchair,Inglés,1995,8.3,verificado
Anthem for the Year 2000,Grunge,Silverchair,Inglés,1998,8.3,verificado
By Her Own Hand,Grunge,Mudhoney,Inglés,1994,8.3,verificado
And the Experience,Grunge,I Mother Earth,Inglés,1993,8.3,verificado
Stain,Grunge,Nirvana,Inglés,1996,8.3,verificado
Love Song,Grunge,Alice in Chains,Inglés,1992,8.3,verificado
Faultline,Grunge,Silverchair,Inglés,1995,8.3,verificado
Mouths of Babes,Grunge,The Smashing Pumpkins,Inglés,1996,8.3,verificado
Sad Peter Pan,Grunge,The Smashing Pumpkins,Inglés,1996,8.3,verificado
Garbage Man,Grunge,Hole,Inglés,1991,8.3,verificado
E.S.K.,Grunge,Screaming Trees,Inglés,1992,8.3,verificado
Good Sister/Bad Sister,Grunge,Hole,Inglés,1991,8.3,verificado
Babydoll,Grunge,Hole,Inglés,1991,8.3,verificado
Summer of Drugs,Grunge,Soul Asylum,Inglés,1993,8.3,verificado
Blind,Grunge,Silverchair,Inglés,1994,8.3,verificado
Horse,Grunge,Stiltskin,Inglés,1994,8.3,verificado
An Illusion,Grunge,Stiltskin,Inglés,1994,8.3,verificado
Rest in Peace,Grunge,Stiltskin,Inglés,1994,8.3,verificado
Jesus Online,Grunge,Bush,Inglés,1999,8.3,verificado
Mrs. Cancelled,Grunge,Cows,Inglés,1993,8.3,verificado
Incestuous,Grunge,Dharma Bums,Inglés,1992,8.3,verificado
Baby Skin Tattoo,Grunge,Moist,Inglés,1996,8.3,verificado
Secret Girl,Grunge,Brad,Inglés,1997,8.3,verificado
Wide Zero,Grunge,Sprinkler,Inglés,1992,8.3,verificado
Flood,Grunge,Sprinkler,Inglés,1992,8.3,verificado
Camptown Misery,Grunge,Drill Team,Inglés,1998,8.3,verificado
Ulcer,Grunge,Sprinkler,Inglés,1992,8.3,verificado
I Did My Best,Grunge,Soul Asylum,Inglés,1998,8.3,verificado
Water's Edge,Grunge,Seven Mary Three,Inglés,1999,8.3,verificado
Bothered,Grunge,Candlebox,Inglés,1995,8.3,verificado
Oceans,Grunge,Pearl Jam,Inglés,1992,8.3,verificado
Delinquent,Grunge,Tad,Inglés,1991,8.3,verificado
Mom,Grunge,Spell,Inglés,1994,8.3,verificado
4-B,Grunge,Spell,Inglés,1994,8.3,verificado
Superstar,Grunge,Spell,Inglés,1994,8.3,verificado
Overflow,Grunge,Drill Team,Inglés,1998,8.3,verificado
Hope and Dream Explosion,Grunge,Drill Team,Inglés,1998,8.3,verificado
Peppermint,Grunge,Drill Team,Inglés,1998,8.3,verificado
Wash,Grunge,Pearl Jam,Inglés,1991,8.3,verificado
Imitating Angels,Grunge,Nymphs,Inglés,1991,8.3,verificado
Ophelia,Grunge,Moist,Inglés,1996,8.3,verificado
Ibiza Bar,Grunge,Love Battery,Inglés,1990,8.3,verificado
Ask Why,Grunge,Hammerbox,Inglés,1991,8.3,verificado
Bred,Grunge,Hammerbox,Inglés,1991,8.3,verificado
"Texas Ain't So Bad, Really",Grunge,Hammerbox,Inglés,1991,8.3,verificado
Torn,Grunge,Ednaswap,Inglés,1995,8.3,verificado
Push,Grunge,Son of Slam,Inglés,1994,8.3,verificado
English Fire,Grunge,Bush,Inglés,1999,8.3,verificado
My Own Prison (radio edit),Grunge,Creed,Inglés,1997,8.3,verificado
For Celebrations Past,Grunge,Screaming Trees,Inglés,1992,8.3,verificado
Credit in the Straight World,Grunge,Hole,Inglés,1994,8.3,verificado
Plump,Grunge,Hole,Inglés,1994,8.3,verificado
Julie Paradise,Grunge,Screaming Trees,Inglés,1992,8.3,verificado
Winter Song,Grunge,Screaming Trees,Inglés,1992,8.3,verificado
Troubled Times,Grunge,Screaming Trees,Inglés,1992,8.3,verificado
Slip Away,Grunge,Mad Season,Inglés,1995,8.3,verificado
Wake Up,Grunge,Mad Season,Inglés,1995,8.3,verificado
Barbarella,Grunge,Scott Weiland,Inglés,1998,8.3,verificado
All Those Yesterdays,Grunge,Pearl Jam,Inglés,1998,8.3,verificado
You Make Me Die,Grunge,Mudhoney,Inglés,1994,8.3,verificado
Here Comes Sickness,Grunge,Mudhoney,Inglés,1994,8.3,verificado
Big Cheese,Grunge,Nirvana,Inglés,1996,8.3,verificado
Leave Me Out,Grunge,Silverchair,Inglés,1996,8.3,verificado
Israel’s Son,Grunge,Silverchair,Inglés,1996,8.3,verificado
Cicada,Grunge,Silverchair,Inglés,1995,8.3,verificado
Crazy Love,Grunge,Gruntruck,Inglés,1992,8.3,verificado
History,Grunge,Bush,Inglés,1996,8.3,verificado
ROCketPop,Grunge,Tripping Daisy,Inglés,1995,8.3,verificado
Heaven Beside You,Grunge,Alice in Chains,Inglés,1996,8.3,verificado
Killer Is Me,Grunge,Alice in Chains,Inglés,1996,8.3,verificado
Brother,Grunge,Alice in Chains,Inglés,1996,8.3,verificado
Loaded,Grunge,Hole,Inglés,1991,8.3,verificado
Sassy,Grunge,Hole,Inglés,1991,8.3,verificado
Scared of Ghosts,Grunge,Stiltskin,Inglés,1994,8.3,verificado
Days,Grunge,Screaming Trees,Inglés,1990,8.3,verificado
We,Grunge,Hammerbox,Inglés,1991,8.3,verificado
Safe,Grunge,Spell,Inglés,1994,8.3,verificado
Dixie,Grunge,Spell,Inglés,1994,8.3,verificado
Crane's Cafe,Grunge,Tad,Inglés,1991,8.3,verificado
More,Grunge,Spell,Inglés,1994,8.3,verificado
Hazel Motes,Grunge,Spell,Inglés,1994,8.3,verificado
Nowhere Fast,Grunge,Lunachicks,Inglés,1999,8.3,verificado
Nearly Lost You,Grunge,Screaming Trees,Inglés,1993,8.3,verificado
Twit,Grunge,Drill Team,Inglés,1998,8.3,verificado
Tones of Home,Grunge,Blind Melon,Inglés,1991,8.3,verificado
Meat Abstract,Grunge,Therapy?,Inglés,1991,8.3,verificado
Rockin' in the Free World,Grunge,Pearl Jam,Inglés,1992,8.3,verificado
40 Miles From the Sun,Grunge,Bush,Inglés,1999,8.3,verificado
Dead Meat,Grunge,Bush,Inglés,1999,8.3,verificado
Dogs,Grunge,Sweet 75,Inglés,1996,8.3,verificado
Sandbox,Grunge,Sprinkler,Inglés,1992,8.3,verificado
Capricorn Sister (Shine version),Grunge,Mother Love Bone,Inglés,1992,8.3,verificado
Wish You Were Dead,Grunge,Scheer,Inglés,1996,8.3,verificado
The Freshmen,Grunge,The Verve Pipe,Inglés,1992,8.3,verificado
Hole,Grunge,Hammerbox,Inglés,1993,8.3,verificado
Ars moriendi,Grunge,Hilmar Örn Hilmarsson,Inglés,1997,8.3,verificado
Born With a Tail,Grunge,Wellwater Conspiracy,Inglés,1999,8.3,verificado
Repeat,Grunge,Grinspoon,Inglés,1997,8.3,verificado
Better Than You,Grunge,Moist,Inglés,1996,8.3,verificado
Warm Machine,Grunge,Bush,Inglés,1999,8.3,verificado
My Baby Said,Grunge,Sponge,Inglés,1996,8.3,verificado
No Song III,Grunge,Mudhoney,Inglés,1993,8.3,verificado
Between Me & You Kid,Grunge,Mudhoney,Inglés,1993,8.3,verificado
Drowned,Grunge,Candlebox,Inglés,1995,8.3,verificado
'til the Wheels Fall Off,Grunge,L7,Inglés,1990,8.3,verificado
Pretty on the Inside / Clouds,Grunge,Hole,Inglés,1991,8.3,verificado
I’m Above,Grunge,Mad Season,Inglés,1995,8.3,verificado
X‐Ray Mind,Grunge,Mad Season,Inglés,1995,8.3,verificado
Black Book of Fear,Grunge,Mad Season,Inglés,1995,8.3,verificado
Dollar Bill,Grunge,Screaming Trees,Inglés,1992,8.3,verificado
Dumb,Grunge,Nirvana,Inglés,1994,8.3,verificado
Should Have Done What My Mum Always Told Me To,Grunge,Spiderbait,Inglés,1996,8.3,verificado
Pure Massacre,Grunge,Silverchair,Inglés,1996,8.3,verificado
Basketball,Grunge,I Mother Earth,Inglés,1993,8.3,verificado
Suicidal Dream,Grunge,Silverchair,Inglés,1995,8.3,verificado
Sludge Factory,Grunge,Alice in Chains,Inglés,1996,8.3,verificado
Frogs,Grunge,Alice in Chains,Inglés,1996,8.3,verificado
Jennifer’s Body,Grunge,Hole,Inglés,1994,8.3,verificado
Push,Grunge,Gruntruck,Inglés,1992,8.3,verificado
Bill Hill Theme,Grunge,Dave Grohl,Inglés,1997,8.3,verificado
Berry,Grunge,Hole,Inglés,1991,8.3,verificado
X‐French Tee Shirt,Grunge,Shudder to Think,Inglés,1994,8.3,verificado
Sunshine and Butterflies,Grunge,Stiltskin,Inglés,1994,8.3,verificado
Follow My Way,Grunge,Chris Cornell,Inglés,1999,8.3,verificado
Leave It Alone,Grunge,Moist,Inglés,1996,8.3,verificado
Mission,Grunge,Chris Cornell,Inglés,1999,8.3,verificado
Ride & Slide,R&b,Jodeci,Inglés,1993,8.3,verificado
Strapped In/Distance and Difference,R&b,Hard to Swallow,Inglés,1999,8.3,verificado
To Have and to Loathe,R&b,Hard to Swallow,Inglés,1999,8.3,verificado
Rocks That Move and Grow,R&b,Hard to Swallow,Inglés,1998,8.3,verificado
Do What I Like,House,2 Unlimited,Español,1994,8.3,verificado
Oye como va / Guajira,House,Azúcar Moreno,Español,1990,8.3,verificado
Keep Warm,House,Jinny,Español,1991,8.3,verificado
Luna llena,House,Elvis Crespo,Español,1998,8.3,verificado
Wake Up,House,Laurent Garnier,Español,1993,8.3,verificado
Here I Go,House,2 Unlimited,Español,1994,8.3,verificado
Honey (Rollo & Sister Bliss Blunt edit),House,Moby,Español,1998,8.3,verificado
El gallinero,House,Ramirez,Español,1993,8.3,verificado
Say the Word — I’ll Be There,House,Kylie Minogue,Español,1991,8.3,verificado
Cyberdream,House,Imperio,Español,1996,8.3,verificado
U Got 2 Let the Music,House,Cappella,Español,1994,8.3,verificado
Pinocchio,House,Pin‐Occhio,Español,1992,8.3,verificado
Absurd,House,Fluke,Español,1997,8.3,verificado
Zwischenstück,House,ATB,Español,1999,8.3,verificado
It’s a Rainy Day,House,Ice MC,Español,1994,8.3,verificado
Mes vacances à Rio,House,Rinôçérôse,Español,1999,8.3,verificado
Sunburn,House,ATB,Español,1999,8.3,verificado
Obsession,House,ATB,Español,1999,8.3,verificado
Serial Killers Don’t Kill Their Girlfriend,Techno,Front 242,Español,1993,8.3,verificado
Nine,Techno,Autechre,Español,1994,8.3,verificado
Täppmarschen,Techno,Hedningarna,Español,1994,8.3,verificado
Animal (Cage),Techno,Front 242,Español,1993,8.3,verificado
Animal (Guide),Techno,Front 242,Español,1993,8.3,verificado
Solar Feelings,Techno,Jacob’s Optical Stairway,Español,1995,8.3,verificado
Modern Angel,Techno,Front 242,Español,1993,8.3,verificado
Intro,Trance,The Morphogenetic,Español,1997,8.3,verificado
Spiral,Trance,The Morphogenetic,Español,1997,8.3,verificado
Feel the Joy,Trance,Korpus,Español,1998,8.3,verificado
Potere al popolo,Ska,Banda Bassotti,Español,1995,8.3,verificado
Kids of the Century,Hard rock,Helloween,Español,1991,8.3,verificado
Get Dealt With,Hip hop,Mobb Deep,Español,1996,8.3,verificado
Bloodsport,Hip hop,Mobb Deep,Español,1996,8.3,verificado
Can’t Get Enough of It,Hip hop,Mobb Deep,Español,1996,8.3,verificado
Animal Instinct,Hip hop,Mobb Deep,Español,1996,8.3,verificado
More Trife Life,Hip hop,Mobb Deep,Español,1996,8.3,verificado
More and More (7″ edit),Pop,Captain Hollywood Project,Español,1993,8.3,verificado
Face to Face,House,Hocico,Español,1997,8.3,verificado
Post‐Modern Sleaze,House,Sneaker Pimps,Español,1996,8.3,verificado
Noonday Sun,House,Deep Forest,Español,1998,8.3,verificado
Jump They Say (Leftfield 12″ vocal),House,David Bowie,Español,1993,8.3,verificado
Corazón de bombón,House,Anahí,Español,1996,8.3,verificado
One of Us,House,A★Teens,Español,1999,8.3,verificado
Circus Envy,Rock argentino,R.E.M.,Español,1994,8.2,verificado
Gold to Me,Rock argentino,Ben Harper,Español,1995,8.2,verificado
Strange Currencies,Rock argentino,R.E.M.,Español,1994,8.2,verificado
What Is Happening?,Rock argentino,Cornershop,Español,1997,8.2,verificado
New York City,Rock argentino,They Might Be Giants,Español,1996,8.2,verificado
1880 or So,Rock argentino,Television,Español,1992,8.2,verificado
Empire,Rock argentino,Bomb the Bass,Español,1995,8.2,verificado
Never Enough,Rock argentino,The Cure,Español,1993,8.2,verificado
Find Me,Rock argentino,Jam & Spoon,Español,1993,8.2,verificado
Ojalá que llueva café,Rock argentino,Café Tacvba,Español,1996,8.2,verificado
"State Troopers, Part 1",Rock argentino,Cornershop,Español,1997,8.2,verificado
Confusion Is Next,Rock argentino,Sonic Youth,Español,1995,8.2,verificado
Phone Call From the Moon,Rock argentino,Adrian Belew,Español,1990,8.2,verificado
Candyman,Rock argentino,Cornershop,Español,1997,8.2,verificado
Butter the Soul,Rock argentino,Cornershop,Español,1997,8.2,verificado
Coming Up,Rock argentino,Cornershop,Español,1997,8.2,verificado
Luv,Rock argentino,Travis,Español,1999,8.2,verificado
Feel So Different,Rock argentino,Sinéad O’Connor,Español,1990,8.2,verificado
Ausländer,Rock argentino,Living Colour,Español,1993,8.2,verificado
Cómo te extraño mi amor,Rock argentino,Café Tacvba,Español,1996,8.2,verificado
Baby Rain,Rock argentino,Echo & the Bunnymen,Español,1999,8.2,verificado
Brother James,Rock argentino,Sonic Youth,Español,1995,8.2,verificado
Sing,Rock argentino,Blur,Español,1991,8.2,verificado
Chocolat,Rock argentino,Cornershop,Español,1997,8.2,verificado
We Haven’t Turned Around,Rock argentino,Gomez,Español,1999,8.2,verificado
36 Degrees,Rock argentino,Placebo,Español,1996,8.2,verificado
A Dying Wish,Rock argentino,Anathema,Español,1995,8.2,verificado
Friday I’m in Love,Rock argentino,The Cure,Español,1993,8.2,verificado
Walking After You,Rock argentino,Foo Fighters,Español,1997,8.2,verificado
You,Rock argentino,R.E.M.,Español,1994,8.2,verificado
King of Comedy,Rock argentino,R.E.M.,Español,1994,8.2,verificado
Heart‐Shaped Box,Rock argentino,Nirvana,Español,1993,8.2,verificado
New Way Home,Rock argentino,Foo Fighters,Español,1997,8.2,verificado
I Stab People,Rock argentino,Insane Clown Posse,Español,1999,8.2,verificado
Mad Professor,Rock argentino,Insane Clown Posse,Español,1999,8.2,verificado
Fuck the World,Rock argentino,Insane Clown Posse,Español,1999,8.2,verificado
Imaginations From the Other Side (demo),Rock argentino,Blind Guardian,Español,1995,8.2,verificado
Traveler in Time,Rock argentino,Blind Guardian,Español,1993,8.2,verificado
Banish From Sanctuary,Rock argentino,Blind Guardian,Español,1993,8.2,verificado
Black Rain,Rock argentino,Angel Dust,Español,1999,8.2,verificado
Never,Rock argentino,Angel Dust,Español,1999,8.2,verificado
Go to Hell,Rock argentino,Carcass,Español,1995,8.2,verificado
Punish My Heaven,Rock argentino,Dark Tranquillity,Español,1995,8.2,verificado
Spree,Rock argentino,Cryhavoc,Español,1999,8.2,verificado
New World,Rock argentino,Saigon Kick,Español,1991,8.2,verificado
Run for the Night,Rock argentino,Blind Guardian,Español,1990,8.2,verificado
Space Truckin’,Rock argentino,Deep Purple,Español,1993,8.2,verificado
Barbara Ann,Rock argentino,Blind Guardian,Español,1993,8.2,verificado
Bleed,Rock argentino,Angel Dust,Español,1999,8.2,verificado
Room 101,Rock argentino,Carcass,Español,1995,8.2,verificado
Don’t Believe a Word,Rock argentino,Carcass,Español,1995,8.2,verificado
The Piper’s Calling,Rock argentino,Blind Guardian,Español,1992,8.2,verificado
Forever,Rock argentino,Stratovarius,Español,1996,8.2,verificado
Holy Man,Rock argentino,Lita Ford,Español,1991,8.2,verificado
Helldorado,Rock argentino,W.A.S.P.,Español,1999,8.2,verificado
Broken Heart,Rock argentino,Axel Rudi Pell,Español,1999,8.2,verificado
Firm Hand,Rock argentino,Carcass,Español,1995,8.2,verificado
Cross My Heart,Rock argentino,Carcass,Español,1995,8.2,verificado
Imaginations From the Other Side,Rock argentino,Blind Guardian,Español,1995,8.2,verificado
Majesty,Rock argentino,Blind Guardian,Español,1993,8.2,verificado
Welcome to Dying,Rock argentino,Blind Guardian,Español,1993,8.2,verificado
Lord of the Rings,Rock argentino,Blind Guardian,Español,1990,8.2,verificado
Postman,Rock argentino,Living Colour,Español,1993,8.2,verificado
Go Away,Rock argentino,Living Colour,Español,1993,8.2,verificado
Black Star,Rock argentino,Carcass,Español,1995,8.2,verificado
Child’s Play,Rock argentino,Carcass,Español,1995,8.2,verificado
Wild at Heart,Rock argentino,Cryhavoc,Español,1999,8.2,verificado
Liquid Angel,Rock argentino,Angel Dust,Español,1999,8.2,verificado
Children of Bodom,Rock argentino,Children of Bodom,Español,1997,8.2,verificado
Valhalla,Rock argentino,Blind Guardian,Español,1993,8.2,verificado
Goodbye My Friend,Rock argentino,Blind Guardian,Español,1993,8.2,verificado
Journey Through the Dark,Rock argentino,Blind Guardian,Español,1993,8.2,verificado
Rim of Hell,Rock argentino,D‐A‐D,Español,1995,8.2,verificado
I Want Your World to Turn,Rock argentino,Heart,Español,1990,8.2,verificado
Seventh Sign,Rock argentino,Europe,Español,1991,8.2,verificado
Seducer,Rock argentino,Saraya,Español,1991,8.2,verificado
Break the Chains,Rock argentino,24‐7 Spyz,Español,1992,8.2,verificado
Do You Believe in Miracles,Rock argentino,Slade,Español,1991,8.2,verificado
Girl From Lebanon,Rock argentino,Europe,Español,1991,8.2,verificado
New World,Rock argentino,Saraya,Español,1991,8.2,verificado
Sabotage,Rock argentino,Beastie Boys,Español,1994,8.2,verificado
Sure Shot,Rock argentino,Beastie Boys,Español,1994,8.2,verificado
Ex Girl to Next Girl,Rock argentino,Gang Starr,Español,1992,8.2,verificado
Ice Ice Baby,Rock argentino,Vanilla Ice,Español,1990,8.2,verificado
Yin & Yang,Rock argentino,Back to Earth,Español,1994,8.2,verificado
Brothers & Sisters,Rock argentino,To Kool Chris,Español,1997,8.2,verificado
Distance and Difference,Rock argentino,Hard to Swallow,Español,1998,8.2,verificado
Again And Again,Rock argentino,Reason to Believe,Español,1990,8.2,verificado
Spiders and Snakes,Rock argentino,Compared to What,Español,1994,8.2,verificado
Here & Now,Rock argentino,Letters to Cleo,Español,1995,8.2,verificado
Dreams and Hopes,Rock argentino,Back to Earth,Español,1992,8.2,verificado
Alouette & Me,Rock argentino,Letters to Cleo,Español,1997,8.2,verificado
Seek and Hide,Rock argentino,Heavens to Betsy,Español,1992,8.2,verificado
Brothers and Sisters,Rock argentino,To Kool Chris,Español,1997,8.2,verificado
Sorrow and Pride,Rock argentino,Farewell to Juliet,Español,1994,8.2,verificado
Now and Then,Rock argentino,Built to Spill,Español,1997,8.2,verificado
Grandma and Sarge,Rock argentino,Pen to Plough,Español,1997,8.2,verificado
Arise and Shine,Rock argentino,Lift to Experience,Español,1997,8.2,verificado
Spoddies and Birits,Rock argentino,Thanks to Gravity,Español,1996,8.2,verificado
Sick and Wrong,Rock argentino,Built to Spill,Español,1994,8.2,verificado
Bread & Water,Rock argentino,Regressing to Apes,Español,1995,8.2,verificado
Red Eyed and Blue,Rock argentino,Wilco,Español,1999,8.2,verificado
Heart Is A Well,Rock argentino,Willy Crook,Español,1995,8.2,verificado
Dance Doris Delay,Rock argentino,Willy Crook,Español,1995,8.2,verificado
Da Horse,Rock argentino,Willy Crook,Español,1995,8.2,verificado
Russian Dolls,Rock argentino,Willy Crook,Español,1995,8.2,verificado
Someone Else’s Eyes,Rock argentino,Aretha Franklin,Español,1991,8.2,verificado
Wall,Rock argentino,Living Colour,Español,1993,8.2,verificado
U Been Good,Rock argentino,Willy Crook,Español,1995,8.2,verificado
If U,Rock argentino,Willy Crook,Español,1995,8.2,verificado
WTFF,Rock argentino,Living Colour,Español,1993,8.2,verificado
7,Rock argentino,Prince,Español,1992,8.2,verificado
Girls Are More Fun,Rock argentino,Ray Parker Jr.,Español,1993,8.2,verificado
Next to Nothing,Rock argentino,Fatboy Slim,Español,1996,8.2,verificado
If You Could Read My Mind,Rock argentino,Stars on 54,Español,1998,8.2,verificado
Teardrop,Rock argentino,Massive Attack,Español,1998,8.2,verificado
Higher Than the Sun (A Dub Symphony in Two Parts),Rock argentino,Primal Scream,Español,1991,8.2,verificado
Mezzanine,Rock argentino,Massive Attack,Español,1998,8.2,verificado
Something to Remember,Rock argentino,Madonna,Español,1990,8.2,verificado
Old Pop in an Oak,Rock argentino,Rednex,Español,1994,8.2,verificado
Hymn,Rock argentino,Moby,Español,1995,8.2,verificado
Latin Lover,Rock argentino,Decadance,Español,1994,8.2,verificado
Sister Golden Hair,Rock argentino,Spanic,Español,1994,8.2,verificado
Tribal Dance,Rock argentino,2 Unlimited,Español,1993,8.2,verificado
Movin’ On,Rock argentino,Blur,Español,1997,8.2,verificado
Smoke Two Joints,Rock argentino,Sublime,Español,1992,8.2,verificado
Magic Dice,Rock argentino,Mano Negra,Español,1992,8.2,verificado
People Everyday,Pop,Arrested Development,Inglés,1992,8.2,verificado
Outro,Pop,Mr. President,Inglés,1996,8.2,verificado
I Can Be Your Lover,Pop,DJ Company,Inglés,1997,8.2,verificado
Love to Love,Pop,Mr. President,Inglés,1996,8.2,verificado
It’s My Life (club edit),Pop,Dr. Alban,Inglés,1992,8.2,verificado
If You Wanna Be (My Only),Pop,Orange Blue,Inglés,1994,8.2,verificado
Dreamer,Pop,Livin’ Joy,Inglés,1996,8.2,verificado
Another Night,Pop,Real McCoy,Inglés,1996,8.2,verificado
Together Forever (The Cyber Pet Song),Pop,Daze,Inglés,1997,8.2,verificado
Don’t Go Away (radio walk),Pop,Fun Factory,Inglés,1996,8.2,verificado
Let the Beat Go On (long),Pop,Dr. Alban,Inglés,1994,8.2,verificado
Watching You Watching Me (Kinky Boyz radio edit #1),Pop,4-2 The Floor,Inglés,1997,8.2,verificado
Cop Killer,Heavy metal,Body Count,Español,1992,8.2,verificado
"Furious (Cruatacean of the Sea, Organism of Dust)",Hip hop,Fun‐Da‐Mental,Español,1998,8.2,verificado
Amar es para siempre,Hip hop,Jennifer Lopez,Español,1999,8.2,verificado
Good Enough,Hip hop,Bobby Brown,Español,1992,8.2,verificado
Walk So Lonely,House,St Germain,Español,1994,8.2,verificado
Moaner ( ),House,Underworld,Español,1997,8.2,verificado
Underwater World,House,ATB,Español,1999,8.2,verificado
Gouryella (short cut),House,Gouryella,Español,1999,8.2,verificado
Koznic,House,3thnicians,Español,1998,8.2,verificado
Les hachichins,House,DKP,Español,1998,8.2,verificado
Zapata vive,House,P18,Español,1998,8.2,verificado
Tous aux abris (M'faa chez nous),House,La Hunda,Español,1998,8.2,verificado
Zapatista,House,Hubert Cesarion,Español,1998,8.2,verificado
Madman’s Return,House,Snap!,Español,1992,8.2,verificado
24 Hours,House,Vengaboys,Español,1998,8.2,verificado
Natural Thing,House,M People,Español,1993,8.2,verificado
Light & Fire,House,Denise Sauron,Español,1998,8.2,verificado
En la jungla,House,Lumumba,Español,1998,8.2,verificado
I Will Go With You (Con Te Partirò),House,Donna Summer,Español,1999,8.2,verificado
Superfly Slick Dick,House,Vengaboys,Español,1998,8.2,verificado
You and Me,House,Vengaboys,Español,1998,8.2,verificado
Faces (extended),House,2 Unlimited,Español,1993,8.2,verificado
Fusion,House,Sven Väth,Español,1998,8.2,verificado
Quero que saltes,House,Lumumba,Español,1998,8.2,verificado
Ho Ho Vengaboys!,House,Vengaboys,Español,1998,8.2,verificado
To the Rhythm,House,Vengaboys,Español,1998,8.2,verificado
A Mellow Key,House,Aqua Bassino,Español,1998,8.2,verificado
The Real Thing,House,2 Unlimited,Español,1994,8.2,verificado
Make It Rain,House,The KLF,Español,1991,8.2,verificado
Your Turn,Heavy metal,Helloween,Español,1991,8.2,verificado
Grapowski’s Malmsuite 1001 (In D-Doll),Heavy metal,Helloween,Español,1994,8.2,verificado
Hit ’em High (The Monstars’ Anthem),Hip hop,B‐Real,Español,1996,8.2,verificado
Coming War,Hip hop,Ozomatli,Español,1998,8.2,verificado
Hollerin’ and Screamin’,R&b,Fats Navarro,Español,1999,8.2,verificado
Move Your Ass!,Techno,Scooter,Español,1995,8.2,verificado
Lament,Techno,Deep Forest,Español,1995,8.2,verificado
Freedom Cry,Techno,Deep Forest,Español,1995,8.2,verificado
Anasthasia,Techno,Deep Forest,Español,1995,8.2,verificado
Linger,Rock argentino,The Cranberries,Español,1993,8.1,verificado
Waitin’ for a Superman,Rock argentino,The Flaming Lips,Español,1999,8.1,verificado
Even in His Youth,Rock argentino,Nirvana,Español,1991,8.1,verificado
Black Boys on Mopeds,Rock argentino,Sinéad O’Connor,Español,1990,8.1,verificado
The Guitar (The Lion Sleeps Tonight),Rock argentino,They Might Be Giants,Español,1992,8.1,verificado
Son of a Gun,Rock argentino,Nirvana,Español,1990,8.1,verificado
All We Want,Rock argentino,Blur,Español,1999,8.1,verificado
Tear Down the Wall,Rock argentino,Saraya,Español,1991,8.1,verificado
Blue Moon Rising,Rock argentino,Gomez,Español,1999,8.1,verificado
Wrong Way,Rock argentino,Creed,Español,1999,8.1,verificado
Good Shit,Rock argentino,Cornershop,Español,1997,8.1,verificado
The Observer,Rock argentino,The Flaming Lips,Español,1999,8.1,verificado
Wrapp,Rock argentino,Republica,Español,1996,8.1,verificado
Lithium (Smart Sessions),Rock argentino,Nirvana,Español,1991,8.1,verificado
Nancy Boy (radio edit),Rock argentino,Placebo,Español,1997,8.1,verificado
Aero Zeppelin,Rock argentino,Nirvana,Español,1992,8.1,verificado
Open,Rock argentino,The Cure,Español,1993,8.1,verificado
A Night Like This,Rock argentino,The Cure,Español,1993,8.1,verificado
Elegy for the Brave,Rock argentino,William Shatner,Español,1992,8.1,verificado
We’re in Yr Corner,Rock argentino,Cornershop,Español,1997,8.1,verificado
Girl From Mars,Rock argentino,Ash,Español,1995,8.1,verificado
Mis‐Shapes,Rock argentino,Pulp,Español,1995,8.1,verificado
Particle Man,Rock argentino,They Might Be Giants,Español,1990,8.1,verificado
Your Racist Friend,Rock argentino,They Might Be Giants,Español,1990,8.1,verificado
From the Edge of the Deep Green Sea,Rock argentino,The Cure,Español,1993,8.1,verificado
Making the Nature Scene,Rock argentino,Sonic Youth,Español,1995,8.1,verificado
It’s Indian Tobacco My Friend,Rock argentino,Cornershop,Español,1997,8.1,verificado
Sleeping on the Roof,Rock argentino,The Flaming Lips,Español,1999,8.1,verificado
Twenty Five to Midnight,Rock argentino,Sting,Español,1996,8.1,verificado
Tunic (Song for Karen),Rock argentino,Sonic Youth,Español,1990,8.1,verificado
Motorcycle Emptiness,Rock argentino,Manic Street Preachers,Español,1992,8.1,verificado
Don’t You Ever,Rock argentino,Republica,Español,1996,8.1,verificado
Polly,Rock argentino,Nirvana,Español,1992,8.1,verificado
With Arms Wide Open,Rock argentino,Creed,Español,1999,8.1,verificado
Suffer Age,Rock argentino,Fear Factory,Español,1992,8.1,verificado
The Conjuring,Rock argentino,Megadeth,Español,1991,8.1,verificado
UnOpened,Rock argentino,Sonata Arctica,Español,1999,8.1,verificado
Skin o’ My Teeth,Rock argentino,Megadeth,Español,1992,8.1,verificado
The Clown Is Dead,Rock argentino,Axel Rudi Pell,Español,1999,8.1,verificado
Human Being,Rock argentino,Guns N’ Roses,Español,1993,8.1,verificado
The Haunting,Rock argentino,Symphony X,Español,1995,8.1,verificado
Dressed to Kill,Rock argentino,Symphony X,Español,1995,8.1,verificado
The Gates of the Seven Seals,Rock argentino,Axel Rudi Pell,Español,1998,8.1,verificado
Hangar 18,Rock argentino,Megadeth,Español,1991,8.1,verificado
High Speed Dirt,Rock argentino,Megadeth,Español,1992,8.1,verificado
Arise Above Oppression,Rock argentino,Fear Factory,Español,1992,8.1,verificado
À tout le monde,Rock argentino,Megadeth,Español,1997,8.1,verificado
Silent Angel,Rock argentino,Axel Rudi Pell,Español,1996,8.1,verificado
Suck‐Taste‐Spit,Rock argentino,Oomph!,Español,1994,8.1,verificado
Ashes in Your Mouth,Rock argentino,Megadeth,Español,1992,8.1,verificado
Sure Feels Good to Me,Rock argentino,Warrant,Español,1990,8.1,verificado
Spread Your Wings,Rock argentino,Blind Guardian,Español,1992,8.1,verificado
Down on the Farm,Rock argentino,Guns N’ Roses,Español,1993,8.1,verificado
The Edge of Forever,Rock argentino,Symphony X,Español,1995,8.1,verificado
Secrets,Rock argentino,Symphony X,Español,1995,8.1,verificado
Loosen Up,Rock argentino,Winger,Español,1990,8.1,verificado
Resurrection,Rock argentino,Fear Factory,Español,1998,8.1,verificado
Zero Signal,Rock argentino,Fear Factory,Español,1995,8.1,verificado
Desecrate,Rock argentino,Fear Factory,Español,1992,8.1,verificado
Hook in Mouth,Rock argentino,Megadeth,Español,1991,8.1,verificado
Vicious Circle,Rock argentino,Vader,Español,1992,8.1,verificado
The Mission,Rock argentino,Queensrÿche,Español,1990,8.1,verificado
Angels Cry,Rock argentino,Angra,Español,1996,8.1,verificado
Remanufacture (Demanufacture),Rock argentino,Fear Factory,Español,1997,8.1,verificado
Savage Curtain,Rock argentino,Symphony X,Español,1995,8.1,verificado
The Damnation Game,Rock argentino,Symphony X,Español,1995,8.1,verificado
¡Resistancia!,Rock argentino,Fear Factory,Español,1995,8.1,verificado
Hot Wire,Rock argentino,KIX,Español,1991,8.1,verificado
Call of the Wild,Rock argentino,Heart,Español,1990,8.1,verificado
Get the Funk Out,Rock argentino,Extreme,Español,1990,8.1,verificado
Lucille,Rock argentino,Status Quo,Español,1996,8.1,verificado
Cruel Nights,Rock argentino,Heart,Español,1990,8.1,verificado
Under the Sky,Rock argentino,Heart,Español,1990,8.1,verificado
The Night,Rock argentino,Heart,Español,1990,8.1,verificado
Mr. Rainmaker,Rock argentino,Warrant,Español,1990,8.1,verificado
A Crown of Worms,Rock argentino,Megadeth,Español,1994,8.1,verificado
My Empty Room,Rock argentino,Queensrÿche,Español,1995,8.1,verificado
Prelude to the Moon (Opus #3 Menuetto prelugio),Rock argentino,Axel Rudi Pell,Español,1998,8.1,verificado
Slaves of the Twilight (intro),Rock argentino,Axel Rudi Pell,Español,1998,8.1,verificado
This Is Your Life,Rock argentino,En Vogue,Español,1992,8.1,verificado
Brand New Thing,Rock argentino,Us3,Español,1993,8.1,verificado
Do Anything,Rock argentino,Natural Selection,Español,1991,8.1,verificado
Cantaloop (Flip Fantasia) (instrumental),Rock argentino,Us3,Español,1993,8.1,verificado
Bounce,Rock argentino,Run‐D.M.C.,Español,1993,8.1,verificado
Let's Get Down,Rock argentino,Tony! Toni! Toné!,Español,1996,8.1,verificado
Le Bruit et l’Odeur,Rock argentino,Zebda,Español,1995,8.1,verificado
Rap Phenomenon,Rock argentino,The Notorious B.I.G.,Español,1999,8.1,verificado
Bridges and Rain,Rock argentino,Brian Hughes,Español,1996,8.1,verificado
And And And And And And And And And And,Rock argentino,Don Caballero,Español,1993,8.1,verificado
Always There,Rock argentino,Incognito,Español,1991,8.1,verificado
Ayayay Cielito,Rock argentino,TNN,Español,1994,8.1,verificado
We're Gonna Catch You,Rock argentino,Black Business,Español,1995,8.1,verificado
Lost in Blue,Rock argentino,Strange Cargo,Español,1995,8.1,verificado
Ya no hay mas problemas,Rock argentino,El Símbolo,Español,1995,8.1,verificado
At the River,Rock argentino,Groove Armada,Español,1998,8.1,verificado
Cash Money,Rock argentino,Dr. Alban,Español,1992,8.1,verificado
Them Girls Them Girls,Rock argentino,Zig & Zag,Español,1995,8.1,verificado
Takes You Away,Rock argentino,Ingrid,Español,1995,8.1,verificado
Hinterland,Rock argentino,Strange Cargo,Español,1995,8.1,verificado
Swab,Rock argentino,Amorphous Androgynous,Español,1993,8.1,verificado
Kool Rok Bass,Rock argentino,Lo Fidelity Allstars,Español,1997,8.1,verificado
We Have Explosive (Oil dub),Rock argentino,The Future Sound of London,Español,1997,8.1,verificado
Some Kind of Trouble,Rock argentino,Tanya Tucker,Español,1991,8.1,verificado
Quiero amarte,Rock argentino,Tora E Chelo,Español,1995,8.1,verificado
Break My Stride,Rock argentino,Unique II,Español,1996,8.1,verificado
I Wanna Hold You,Rock argentino,D.J. Kreimer,Español,1995,8.1,verificado
Why Can't You See,Rock argentino,La Fortuna,Español,1995,8.1,verificado
Se que te gusta,Rock argentino,Pat Badon,Español,1995,8.1,verificado
The Paranga,Rock argentino,A.F.R.I.K.A.N.A.,Español,1995,8.1,verificado
Papua New Guinea,Rock argentino,The Future Sound of London,Español,1991,8.1,verificado
Say Anything,Rock argentino,Strange Cargo,Español,1995,8.1,verificado
Word Is Out,Rock argentino,Kylie Minogue,Español,1991,8.1,verificado
New Forms,Rock argentino,Roni Size / Reprazent,Español,1997,8.1,verificado
Everybody Needs a 303,Rock argentino,Fatboy Slim,Español,1995,8.1,verificado
Inertia Creeps,Rock argentino,Massive Attack,Español,1998,8.1,verificado
ME,Rock argentino,Paula Cole,Español,1996,8.1,verificado
Don’t Call It Love (radio edit),Rock argentino,Jam & Spoon,Español,1997,8.1,verificado
Badfish,Rock argentino,Sublime,Español,1991,8.1,verificado
"Oh, George",Grunge,Foo Fighters,Inglés,1995,8.1,verificado
Alone + Easy Target,Grunge,Foo Fighters,Inglés,1995,8.1,verificado
Dig It a Hole,Grunge,U‐Men,Inglés,1990,8.1,verificado
Solid Action,Grunge,U‐Men,Inglés,1990,8.1,verificado
Giants,Grunge,Sponge,Inglés,1994,8.1,verificado
Mouthful of Cavities,Grunge,Blind Melon,Inglés,1995,8.1,verificado
Suck You Dry,Grunge,Mudhoney,Inglés,1992,8.1,verificado
Car Seat (God’s Presents),Grunge,Blind Melon,Inglés,1995,8.1,verificado
Start Choppin,Grunge,Dinosaur Jr.,Inglés,1992,8.1,verificado
Machine Action,Grunge,Gruntruck,Inglés,1992,8.1,verificado
Throwing Things,Grunge,Ned’s Atomic Dustbin,Inglés,1991,8.1,verificado
Too Much Alcohol,Grunge,Rory Gallagher,Inglés,1998,8.1,verificado
It Ain’t Like That,Grunge,Alice in Chains,Inglés,1993,8.1,verificado
Fields,Grunge,Sponge,Inglés,1994,8.1,verificado
My Severed Head,Grunge,Alice Donut,Inglés,1990,8.1,verificado
Boredom,Grunge,Muse,Inglés,1997,8.1,verificado
Queen of the Air,Grunge,Everclear,Inglés,1995,8.1,verificado
Drown,Grunge,The Smashing Pumpkins,Inglés,1992,8.1,verificado
Leafy Incline,Grunge,Tad,Inglés,1993,8.1,verificado
Nutshell,Grunge,Alice in Chains,Inglés,1996,8.1,verificado
Excuse,Grunge,Fudge Tunnel,Inglés,1994,8.1,verificado
Find Your Fortune,Grunge,Fudge Tunnel,Inglés,1994,8.1,verificado
St. Andrew’s Fall,Grunge,Blind Melon,Inglés,1995,8.1,verificado
When My Ship Comes In,Grunge,Stiltskin,Inglés,1994,8.1,verificado
I’m Not Bitter - I Just Wanna Kill You,Grunge,Voodoo Queens,Inglés,1994,8.1,verificado
Cement,Grunge,Feeder,Inglés,1997,8.1,verificado
You,Grunge,Ned’s Atomic Dustbin,Inglés,1991,8.1,verificado
Thirteenth Floor Opening,Grunge,Mudhoney,Inglés,1992,8.1,verificado
Breath,Grunge,Pearl Jam,Inglés,1992,8.1,verificado
Miles,Grunge,Sponge,Inglés,1994,8.1,verificado
Pale Green Stars,Grunge,Everclear,Inglés,1995,8.1,verificado
Violet,Grunge,Hole,Inglés,1994,8.1,verificado
Kill Your Television,Grunge,Ned’s Atomic Dustbin,Inglés,1991,8.1,verificado
Six Eight,Grunge,Fudge Tunnel,Inglés,1994,8.1,verificado
Rooster,Grunge,Alice in Chains,Inglés,1996,8.1,verificado
Down in a Hole,Grunge,Alice in Chains,Inglés,1996,8.1,verificado
Ozone,Grunge,Foo Fighters,Inglés,1995,8.1,verificado
To Have and to Hurt,R&b,Bradford,Inglés,1990,8.1,verificado
To Have and to Hold,R&b,Nick Cave,Inglés,1996,8.1,verificado
To Have and to Hold,R&b,Deftones,Inglés,1998,8.1,verificado
T Shirt & Panties,R&b,Adina Howard,Inglés,1997,8.1,verificado
Far,Grunge,Dover,Español,1999,8.1,verificado
Andy Warhol,Hard rock,David Bowie,Español,1993,8.1,verificado
Suffragette City,Hard rock,David Bowie,Español,1993,8.1,verificado
Dirty Women,Hard rock,The Hellacopters,Español,1999,8.1,verificado
Inherited Bowel Levitation – Reduced Without Any Effort,Hard rock,Demilich,Español,1993,8.1,verificado
Space Oddity,Hard rock,David Bowie,Español,1993,8.1,verificado
Moonage Daydream,Hard rock,David Bowie,Español,1993,8.1,verificado
Wild Thing,Hard rock,The Jimi Hendrix Experience,Español,1992,8.1,verificado
Goodbye Mr. Ed,Hard rock,Tin Machine,Español,1991,8.1,verificado
Princess of Light,House,Robert Miles,Español,1996,8.1,verificado
You Know Better,Techno,Waltari,Español,1992,8.1,verificado
Crushed,Techno,Front 242,Español,1993,8.1,verificado
I Held You So Long,Techno,Waltari,Español,1992,8.1,verificado
Lust of Life,Techno,Waltari,Español,1992,8.1,verificado
I’m a Believer,Techno,Waltari,Español,1992,8.1,verificado
Fool’s Gold,Techno,Waltari,Español,1992,8.1,verificado
"Piano Sonata no. 14 in C‐sharp minor, op. 27 no. 2 “Moonlight”: I. Adagio",Techno,Dame Moura Lympany,Español,1993,8.1,verificado
Lights On,Techno,Waltari,Español,1992,8.1,verificado
Waltari‐lapio,Techno,Waltari,Español,1992,8.1,verificado
Fuckadelican Garden,Techno,Waltari,Español,1992,8.1,verificado
Death Party,Techno,Waltari,Español,1992,8.1,verificado
The Lie of the Zombie,Techno,Waltari,Español,1992,8.1,verificado
Storm,Techno,Storm,Español,1998,8.1,verificado
Dedicated to the Flyers,Techno,Waltari,Español,1992,8.1,verificado
Till the Music Nation,Techno,Waltari,Español,1992,8.1,verificado
Dance Electric,Techno,Waltari,Español,1992,8.1,verificado
Narcotic Influence 1,Techno,Empirion,Español,1995,8.1,verificado
Mockba '993,Reggae,Banda Bassotti,Español,1995,8.1,verificado
Carabina 30-30,Reggae,Banda Bassotti,Español,1995,8.1,verificado
Til I Get Over You,Hip hop,Brian McKnight,Español,1997,8.1,verificado
"’Bout It, ’Bout It",Hip hop,Jesse Powell,Español,1998,8.1,verificado
La misma canción,Hip hop,Ozomatli,Español,1998,8.1,verificado
You Got the Bomb,Hip hop,Brian McKnight,Español,1997,8.1,verificado
I Belong to You,Hip hop,Brian McKnight,Español,1997,8.1,verificado
Could,Hip hop,Brian McKnight,Español,1997,8.1,verificado
I Wasn’t With It,Hip hop,Jesse Powell,Español,1998,8.1,verificado
Buggin’,Hip hop,Bugs Bunny,Español,1996,8.1,verificado
Up and Down,Hip hop,Jesse Powell,Español,1998,8.1,verificado
You Should Know,Hip hop,Jesse Powell,Español,1998,8.1,verificado
Jam Knock,Hip hop,Brian McKnight,Español,1997,8.1,verificado
For You I Will,Hip hop,Monica,Español,1996,8.1,verificado
You’re the One I Love,Hip hop,Jesse Powell,Español,1998,8.1,verificado
¿Dónde se fueron?,Hip hop,Ozomatli,Español,1998,8.1,verificado
In the Dawn,House,Robert Miles,Español,1996,8.1,verificado
After Time,House,Era,Español,1996,8.1,verificado
Mirror,House,Era,Español,1996,8.1,verificado
Landscape,House,Robert Miles,Español,1996,8.1,verificado
Bohemian Ballet,Techno,Deep Forest,Español,1995,8.1,verificado
Why Spring Ain’t Here,Rock argentino,Michael Franks,Español,1999,8.0,verificado
If I Had No Loot,Rock argentino,Tony! Toni! Toné!,Español,1993,8.0,verificado
Tired and Bored,Rock argentino,Garageland,Español,1996,8.0,verificado
La cosquillita,Rock argentino,Juan Luis Guerra 4.40,Español,1994,8.0,verificado
Right in the Night (Fall in Love with Music),Rock argentino,Jam & Spoon,Español,1993,8.0,verificado
Brown Paper Bag,Rock argentino,Roni Size / Reprazent,Español,1997,8.0,verificado
Save Up All Your Tears,Rock argentino,Cher,Español,1999,8.0,verificado
Orange Wedge,Rock argentino,The Chemical Brothers,Español,1999,8.0,verificado
Dream On,Rock argentino,The Chemical Brothers,Español,1999,8.0,verificado
Got Glint?,Rock argentino,The Chemical Brothers,Español,1999,8.0,verificado
The Sunshine Underground,Rock argentino,The Chemical Brothers,Español,1999,8.0,verificado
Surrender,Rock argentino,The Chemical Brothers,Español,1999,8.0,verificado
Would You…?,Rock argentino,Touch and Go,Español,1998,8.0,verificado
One Man in My Heart,Rock argentino,The Human League,Español,1995,8.0,verificado
First Cool Hive,Rock argentino,Moby,Español,1995,8.0,verificado
Speaking in Tongues,Rock argentino,Spacetime Continuum,Español,1993,8.0,verificado
Death of a Party (12” Death),Rock argentino,Blur,Español,1998,8.0,verificado
Dentaku,Rock argentino,Kraftwerk,Español,1991,8.0,verificado
Love Won’t Wait,Rock argentino,Gary Barlow,Español,1997,8.0,verificado
Music Non Stop,Rock argentino,Kraftwerk,Español,1991,8.0,verificado
Klaxon Beat,Rock argentino,Kelly Bailey,Español,1998,8.0,verificado
Trans Europa Express,Rock argentino,Kraftwerk,Español,1991,8.0,verificado
Falls Back On,Grunge,Nickelback,Inglés,1996,8.0,verificado
Detangler,Grunge,Nickelback,Inglés,1996,8.0,verificado
For All the Cows,Grunge,Foo Fighters,Inglés,1995,8.0,verificado
Cut You In,Grunge,Jerry Cantrell,Inglés,1998,8.0,verificado
Exhausted,Grunge,Foo Fighters,Inglés,1995,8.0,verificado
Fire & Rain,R&b,9 Ways to Sunday,Inglés,1990,8.0,verificado
Cinnamon and Clove,R&b,4 to the Bar,Inglés,1997,8.0,verificado
Black Arrows,Heavy metal,Manowar,Español,1997,8.0,verificado
Army of the Immortals,Heavy metal,Manowar,Español,1997,8.0,verificado
Manowar,Heavy metal,Manowar,Español,1997,8.0,verificado
King,Heavy metal,Manowar,Español,1997,8.0,verificado
Jo ta ke,Heavy metal,Su Ta Gar,Español,1991,8.0,verificado
Screaming for a Love‐Bite,Heavy metal,Accept,Español,1990,8.0,verificado
Who’s to Blame,Heavy metal,Sacred Reich,Español,1990,8.0,verificado
Inversion,Heavy metal,Rotten Sound,Español,1999,8.0,verificado
Dark Highway,Heavy metal,Rotten Sound,Español,1999,8.0,verificado
Coldvenience,Heavy metal,Rotten Sound,Español,1999,8.0,verificado
The Gods Made Heavy Metal,Heavy metal,Manowar,Español,1997,8.0,verificado
Thor (The Powerhead),Heavy metal,Manowar,Español,1997,8.0,verificado
Sign of the Hammer,Heavy metal,Manowar,Español,1997,8.0,verificado
Warriors of the World,Heavy metal,Manowar,Español,1997,8.0,verificado
Spirit Horse of the Cherokee,Heavy metal,Manowar,Español,1997,8.0,verificado
Piano Interlude,Heavy metal,Manowar,Español,1997,8.0,verificado
Braindead,Heavy metal,Rotten Sound,Español,1999,8.0,verificado
Loser,Heavy metal,Rotten Sound,Español,1999,8.0,verificado
Abusement Park,Heavy metal,Rotten Sound,Español,1999,8.0,verificado
Wheels of Fire,Heavy metal,Manowar,Español,1997,8.0,verificado
Fighting the World,Heavy metal,Manowar,Español,1997,8.0,verificado
"Black Wind, Fire and Steel",Heavy metal,Manowar,Español,1997,8.0,verificado
Hail and Kill,Heavy metal,Manowar,Español,1997,8.0,verificado
Todo tiene su fin,Heavy metal,Medina Azahara,Español,1997,8.0,verificado
Kings of Metal,Heavy metal,Manowar,Español,1997,8.0,verificado
Alone at Last,Heavy metal,Rotten Sound,Español,1999,8.0,verificado
Drain,Heavy metal,Rotten Sound,Español,1999,8.0,verificado
Vanity,Heavy metal,Rotten Sound,Español,1999,8.0,verificado
Decadencia,Hard rock,Héroes del Silencio,Español,1996,8.0,verificado
Fallen From Grace,Hard rock,Heart,Español,1990,8.0,verificado
Guadalupana,Hip hop,Lola Flores,Español,1990,8.0,verificado
Apuesta por el amor,Hip hop,Lola Flores,Español,1990,8.0,verificado
Theme From Control Centre (reprise),Hip hop,The Herbaliser,Español,1997,8.0,verificado
Su cara gitana,Hip hop,Lola Flores,Español,1990,8.0,verificado
Somos dos caminantes,Hip hop,Lola Flores,Español,1990,8.0,verificado
Pan y chocolate,Hip hop,Lola Flores,Español,1990,8.0,verificado
Federico García Lorca (fragmento),Hip hop,Lola Flores,Español,1990,8.0,verificado
Something in Common,Hip hop,Bobby Brown,Español,1992,8.0,verificado
New + Improved,Hip hop,The Herbaliser,Español,1997,8.0,verificado
Sal y pimienta,Hip hop,Lola Flores,Español,1990,8.0,verificado
Dejándonos la piel,Hip hop,Lola Flores,Español,1990,8.0,verificado
Burundanga,Hip hop,Lola Flores,Español,1990,8.0,verificado
No dejemos que muera el amor (“Water Runs Dry”),Hip hop,Boyz II Men,Español,1995,8.0,verificado
B-Boy 2000,Hip hop,Crazy Town,Español,1999,8.0,verificado
Cinema,Rap,Ice MC,Español,1990,8.0,verificado
Gagged and Bound,R&b,Pretty to Look At,Español,1999,8.0,verificado
Crystalize and Slant,R&b,Trance to the Sun,Español,1995,8.0,verificado
Ups and Downs,R&b,To the Moon Alice,Español,1997,8.0,verificado
Dead And Gone,R&b,Paddy Goes to Holyhead,Español,1994,8.0,verificado
"Pies descalzos, sueños blancos (The Timbalero dub '97)",House,Shakira,Español,1997,8.0,verificado
Parada de Tettas,House,Vengaboys,Español,1997,8.0,verificado
All Night Passion,House,Vengaboys,Español,1998,8.0,verificado
Wanna Get Up,House,2 Unlimited,Español,1998,8.0,verificado
Don’t Take My Heaven,House,Cathy Dennis,Español,1996,8.0,verificado
Un poco de amor (extended Dancehall 12),House,Shakira,Español,1997,8.0,verificado
Estoy aquí (Timbalero dub),House,Shakira,Español,1997,8.0,verificado
Un poco de amor (Meme's jazz experience),House,Shakira,Español,1997,8.0,verificado
Movin’ Around,House,Vengaboys,Español,1998,8.0,verificado
La macarena,House,Los del Río,Español,1993,8.0,verificado
Emotion,House,ATB,Español,1999,8.0,verificado
Rez,House,Underworld,Español,1993,8.0,verificado
Thousand,Techno,Moby,Español,1993,8.0,verificado
Salva Mea (radio edit),Trance,Faithless,Español,1996,8.0,verificado
Soldier of Love,Grunge,Pearl Jam,Español,1998,8.0,verificado
Evocation of Vovin,Heavy metal,Therion,Español,1995,8.0,verificado
Let the New Day Begin,Heavy metal,Therion,Español,1995,8.0,verificado
"G.O.D., Part III",Hip hop,Mobb Deep,Español,1996,8.0,verificado
Out of Sight,Pop,Whigfield,Español,1995,8.0,verificado
Deep Weather,House,Deep Forest,Español,1998,8.0,verificado
Pallas Athena ( ),House,David Bowie,Español,1993,8.0,verificado
Impera,House,Era,Español,1996,8.0,verificado
Gathering,Techno,Deep Forest,Español,1995,8.0,verificado
Alicia adorada,Cumbia,Carlos Vives,Español,1993,8.0,verificado
Cumbersome,Rock argentino,Seven Mary Three,Español,1995,7.9,verificado
B.F.,Rock argentino,Nuclear Assault,Español,1992,7.9,verificado
Back to Eden,Rock argentino,Black Sabbath,Español,1994,7.9,verificado
Black Leather,Rock argentino,Guns N’ Roses,Español,1993,7.9,verificado
Buick Makane (Big Dumb Sex),Rock argentino,Guns N’ Roses,Español,1993,7.9,verificado
"I Don’t Care About You / Look at Your Game, Girl",Rock argentino,Guns N’ Roses,Español,1993,7.9,verificado
Attitude,Rock argentino,Guns N’ Roses,Español,1993,7.9,verificado
Addicted to Serenity,Rock argentino,Angel Dust,Español,1999,7.9,verificado
The Eyes of the Lost,Rock argentino,Axel Rudi Pell,Español,1997,7.9,verificado
Theatre of Pain,Rock argentino,Blind Guardian,Español,1992,7.9,verificado
Terminal Spirit Disease,Rock argentino,At the Gates,Español,1994,7.9,verificado
Cars,Rock argentino,Fear Factory,Español,1998,7.9,verificado
Raw Power,Rock argentino,Guns N’ Roses,Español,1993,7.9,verificado
Sanity,Rock argentino,Angel Dust,Español,1999,7.9,verificado
Tear Down the Walls,Rock argentino,KIX,Español,1991,7.9,verificado
Hallowed,Rock argentino,Edguy,Español,1995,7.9,verificado
Paranoid,Rock argentino,Megadeth,Español,1994,7.9,verificado
You Can’t Put Your Arms Around a Memory,Rock argentino,Guns N’ Roses,Español,1993,7.9,verificado
Securitron (Police State 2000),Rock argentino,Fear Factory,Español,1998,7.9,verificado
Over Your Shoulder,Rock argentino,Motörhead,Español,1995,7.9,verificado
Civil War,Rock argentino,Motörhead,Español,1996,7.9,verificado
Love for Sale,Rock argentino,Motörhead,Español,1998,7.9,verificado
Out of the Sun,Rock argentino,Motörhead,Español,1995,7.9,verificado
Ella usó mi cabeza como un revólver,Rock argentino,Soda Stereo,Español,1996,7.9,verificado
Love Is on the Way,Rock argentino,Saigon Kick,Español,1992,7.9,verificado
Tomorrow Night,Rock argentino,Atomic Rooster,Español,1990,7.9,verificado
The Bard’s Song: In the Forest,Rock argentino,Blind Guardian,Español,1992,7.9,verificado
Sorry,Rock argentino,Status Quo,Español,1994,7.9,verificado
Get a Grip,Rock argentino,Aerosmith,Español,1993,7.9,verificado
Just Can’t Stay Away,Rock argentino,En Vogue,Español,1990,7.9,verificado
Jalea,Rock argentino,Illya Kuryaki and the Valderramas,Español,1995,7.9,verificado
What Ya Want,Rock argentino,Ruff Ryders,Español,1999,7.9,verificado
We Don’t Give a Fuck,Rock argentino,DMX,Español,1998,7.9,verificado
Deeper and Deeper (instrumental),Rock argentino,Madonna,Español,1992,7.9,verificado
Thanks / Prayer,Rock argentino,En Vogue,Español,1992,7.9,verificado
Touch It,Rock argentino,Monifah,Español,1998,7.9,verificado
Keep Your Shit the Hardest,Rock argentino,DMX,Español,1998,7.9,verificado
You Put a Move on My Heart,Rock argentino,Quincy Jones,Español,1995,7.9,verificado
Cowboys (Instrumental),Rock argentino,Portishead,Español,1997,7.9,verificado
Uhh Ahh,Rock argentino,Boyz II Men,Español,1991,7.9,verificado
It’s So Hard to Say Goodbye to Yesterday,Rock argentino,Boyz II Men,Español,1991,7.9,verificado
Connected,Rock argentino,Stereo MC’s,Español,1992,7.9,verificado
Gettin’ Jiggy Wit It,Rock argentino,Will Smith,Español,1997,7.9,verificado
"From and To (Fears and Phobias, From and To)",Rock argentino,Klaus Schulze,Español,1995,7.9,verificado
You and Me,Rock argentino,Bowling for Soup,Español,1998,7.9,verificado
Crosseyed & Painless,Rock argentino,Phish,Español,1999,7.9,verificado
Rock and Roll,Rock argentino,Phish,Español,1999,7.9,verificado
Poetry and Prose,Rock argentino,Primus,Español,1993,7.9,verificado
Blue Eyes Crying in the Rain,Rock argentino,Alain Bashung,Español,1991,7.9,verificado
Barbie Girl (Spike’s Anatomically Correct dub),Rock argentino,Aqua,Español,1997,7.9,verificado
Asbestos Lead Asbestos,Rock argentino,Meat Beat Manifesto,Español,1996,7.9,verificado
Alone,Rock argentino,Moby,Español,1995,7.9,verificado
Crimes of the Future,Rock argentino,Strange Cargo,Español,1995,7.9,verificado
Out of Control,Rock argentino,The Chemical Brothers,Español,1999,7.9,verificado
Let Me Entertain You (full length version),Rock argentino,Robbie Williams,Español,1998,7.9,verificado
Give It Up,Rock argentino,The Good Men,Español,1993,7.9,verificado
The Strangest Thing 97,Rock argentino,George Michael,Español,1997,7.9,verificado
When It’s Cold I’d Like to Die,Rock argentino,Moby,Español,1995,7.9,verificado
Too Funky,Rock argentino,George Michael,Español,1992,7.9,verificado
Vision of Love,Rock argentino,Mariah Carey,Español,1990,7.9,verificado
Crazy for You,Rock argentino,Madonna,Español,1995,7.9,verificado
Anthem,Rock argentino,Moby,Español,1995,7.9,verificado
Patchwork,Grunge,Seaweed,Inglés,1991,7.9,verificado
Sweet Al George,Grunge,Brad,Inglés,1997,7.9,verificado
Rainin’ / Candy Corn,Grunge,Sponge,Inglés,1994,7.9,verificado
American Society,Grunge,L7,Inglés,1991,7.9,verificado
Your Complex,Grunge,Ned’s Atomic Dustbin,Inglés,1991,7.9,verificado
Floyd the Barber,Grunge,Nirvana,Inglés,1994,7.9,verificado
Drama,Grunge,L7,Inglés,1998,7.9,verificado
Attack of the Slime Creatures,Grunge,Hammerbox,Inglés,1993,7.9,verificado
Hed,Grunge,Hammerbox,Inglés,1993,7.9,verificado
Shrinking the Blob,Grunge,Oleander,Inglés,1999,7.9,verificado
Train to Miami,Grunge,Steel Pole Bath Tub,Inglés,1993,7.9,verificado
Sad Girl,Grunge,The Lemonheads,Inglés,1992,7.9,verificado
I Hate My Generation,Grunge,Cracker,Inglés,1996,7.9,verificado
Fast and Frightening,Grunge,L7,Inglés,1990,7.9,verificado
Deathwish,Grunge,L7,Inglés,1990,7.9,verificado
Easy as It Was,Grunge,Melvins,Inglés,1991,7.9,verificado
1000 Yard Stare,Grunge,doubleDrive,Inglés,1999,7.9,verificado
Arrow,Grunge,Candlebox,Inglés,1994,7.9,verificado
Healthy Sick,Grunge,Bettie Serveert,Inglés,1992,7.9,verificado
J Train Downtown: A Nest of Murder,Grunge,Alice Donut,Inglés,1990,7.9,verificado
Wicked Soldier,Grunge,Tonic,Inglés,1996,7.9,verificado
The Death of a Drag Queen,Grunge,Sponge,Inglés,1996,7.9,verificado
Silence Is Their Drug,Grunge,Sponge,Inglés,1996,7.9,verificado
The Duke,Grunge,Blind Melon,Inglés,1995,7.9,verificado
Vernie,Grunge,Blind Melon,Inglés,1995,7.9,verificado
Rotting Piñata,Grunge,Sponge,Inglés,1994,7.9,verificado
Nutshell (unplugged),Grunge,Alice in Chains,Inglés,1999,7.9,verificado
Nehalem,Grunge,Everclear,Inglés,1995,7.9,verificado
You Make Me Feel Like a Whore,Grunge,Everclear,Inglés,1995,7.9,verificado
Icy Blue,Grunge,7 Year Bitch,Inglés,1994,7.9,verificado
The Scratch,Grunge,7 Year Bitch,Inglés,1994,7.9,verificado
Kiss My Ass Goodbye,Grunge,7 Year Bitch,Inglés,1994,7.9,verificado
Break,Grunge,Gruntruck,Inglés,1992,7.9,verificado
Tribe,Grunge,Gruntruck,Inglés,1992,7.9,verificado
Rudge With a G,Grunge,Fudge Tunnel,Inglés,1994,7.9,verificado
baNg,Grunge,Tripping Daisy,Inglés,1995,7.9,verificado
New Gods,Grunge,Meat Puppets,Inglés,1999,7.9,verificado
Non-Existent Patricia,Grunge,L7,Inglés,1998,7.9,verificado
Off the Wagon,Grunge,L7,Inglés,1998,7.9,verificado
Kill the President,Grunge,Coffin Break,Inglés,1991,7.9,verificado
I’m Awake Now,Grunge,Goo Goo Dolls,Inglés,1991,7.9,verificado
Velveteen,Grunge,Sponge,Inglés,1996,7.9,verificado
Packin' a Rod,Grunge,L7,Inglés,1991,7.9,verificado
What Gives My Son?,Grunge,Ned’s Atomic Dustbin,Inglés,1991,7.9,verificado
Big Long Now,Grunge,Nirvana,Inglés,1994,7.9,verificado
[untitled],Grunge,Mudhoney,Inglés,1992,7.9,verificado
Down When I’m Loaded,Grunge,Oleander,Inglés,1999,7.9,verificado
Acetone,Grunge,Mudhoney,Inglés,1992,7.9,verificado
Floaty,Grunge,Foo Fighters,Inglés,1995,7.9,verificado
Good Grief,Grunge,Foo Fighters,Inglés,1995,7.9,verificado
Eddie Vedder,Grunge,Local H,Inglés,1996,7.9,verificado
Sea Witch,Grunge,Dover,Español,1999,7.9,verificado
The Real Me,Grunge,Dover,Español,1999,7.9,verificado
Some Kinda Fatigue,Grunge,Yo La Tengo,Español,1993,7.9,verificado
Turnip Farm,Grunge,Dinosaur Jr.,Español,1992,7.9,verificado
Four Graves,Grunge,Dover,Español,1999,7.9,verificado
Late at Night,Grunge,Dover,Español,1999,7.9,verificado
Flashback,Grunge,Dover,Español,1999,7.9,verificado
You Know That I Want To,House,George Michael,Español,1996,7.9,verificado
Freestyle Noize,House,Freestylers,Español,1998,7.9,verificado
Herecica Latino,House,Nitin Sawhney,Español,1996,7.9,verificado
My Mama Said…,House,St Germain,Español,1994,7.9,verificado
The Real Thing (The Joy Brothers Remake),House,Tony Di Bart,Español,1994,7.9,verificado
La Primavera,House,Sash!,Español,1997,7.9,verificado
Serial Killers Don’t Kill Their Boyfriend,Techno,Front 242,Español,1993,7.9,verificado
offEND,Techno,Front 242,Español,1993,7.9,verificado
Happiness (More Angels),Techno,Front 242,Español,1993,7.9,verificado
The FUN Equations,Techno,Speedy J,Español,1994,7.9,verificado
Una rosa es una rosa,Techno,Mecano,Español,1991,7.9,verificado
"If They Move, Kill ’em (MBV Arkestra)",Techno,Primal Scream,Español,1998,7.9,verificado
Jukolauta,Techno,Waltari,Español,1992,7.9,verificado
Animal (Gate),Techno,Front 242,Español,1993,7.9,verificado
Junkdrome,Techno,Front 242,Español,1993,7.9,verificado
Luna rossa,Reggae,Banda Bassotti,Español,1995,7.9,verificado
Cut to the Quick,Reggae,Pushy!,Español,1998,7.9,verificado
La lucha sigue,Reggae,P18,Español,1998,7.9,verificado
Project Africa,Reggae,GTI,Español,1998,7.9,verificado
My Weapon of Choice,Reggae,Sree,Español,1998,7.9,verificado
Sem Terra,Reggae,Skank,Español,1996,7.9,verificado
Baby C’mon,Hip hop,Boyz II Men,Español,1997,7.9,verificado
Human II (Don’t Turn Your Back on Me),Hip hop,Boyz II Men,Español,1997,7.9,verificado
All Night Long,Hip hop,Boyz II Men,Español,1997,7.9,verificado
Dear God,Hip hop,Boyz II Men,Español,1997,7.9,verificado
The Winner,Hip hop,Coolio,Español,1996,7.9,verificado
Omlagus Garfungiloops,House,Coil,Español,1992,7.9,verificado
We're a Miracle,House,Christina Aguilera,Español,1999,7.9,verificado
A cidade e os campos,House,Madredeus,Español,1995,7.9,verificado
Break It Up,House,Scooter,Español,1996,7.9,verificado
Not Enough Love in the World,House,Cher,Español,1995,7.9,verificado
Are You Ready?,Rock argentino,Creed,Español,1999,7.8,verificado
Game Over,Rock argentino,Nuclear Assault,Español,1992,7.8,verificado
Feed My Frankenstein,Rock argentino,Alice Cooper,Español,1997,7.8,verificado
Ashes From the Oath,Rock argentino,Axel Rudi Pell,Español,1998,7.8,verificado
Sweating Bullets,Rock argentino,Megadeth,Español,1992,7.8,verificado
Halfway to Heaven,Rock argentino,Europe,Español,1991,7.8,verificado
Fish & Knife,Rock argentino,Trance to the Sun,Español,1995,7.8,verificado
Over and Out,Rock argentino,Pretty to Look At,Español,1999,7.8,verificado
Love & Money,Rock argentino,9 Ways to Sunday,Español,1990,7.8,verificado
Johnathon & Craig,Rock argentino,Credit to the Nation,Español,1996,7.8,verificado
Demons & Devils,Rock argentino,Bad to the Bone,Español,1998,7.8,verificado
Peace & Love,Rock argentino,Hate to Say It,Español,1994,7.8,verificado
Cream,Rock argentino,Prince,Español,1991,7.8,verificado
My Destiny,Rock argentino,Lionel Richie,Español,1992,7.8,verificado
A Whole New World (Aladdin’s Theme),Rock argentino,Peabo Bryson,Español,1992,7.8,verificado
"Frío, frío",Rock argentino,Juan Luis Guerra 4.40,Español,1992,7.8,verificado
The Eyes of Truth (radio edit),Rock argentino,Enigma,Español,1994,7.8,verificado
Timewave Zero,Rock argentino,Spacetime Continuum,Español,1993,7.8,verificado
Forest,Rock argentino,Bran Van 3000,Español,1997,7.8,verificado
Movin’ On Up,Rock argentino,Primal Scream,Español,1991,7.8,verificado
Nasa‐Arab,Rock argentino,Coil,Español,1992,7.8,verificado
Below the Bassline,Rock argentino,Ernest Ranglin,Español,1996,7.8,verificado
Maximum Overdrive,Pop,2 Unlimited,Inglés,1993,7.8,verificado
"Money, Money, Money",Pop,E‐Rotic,Inglés,1997,7.8,verificado
Everybody Jam! (single jam),Pop,Scatman John,Inglés,1996,7.8,verificado
Ain’t It Blue,Pop,Whigfield,Inglés,1995,7.8,verificado
I Want to Love,Pop,Whigfield,Inglés,1995,7.8,verificado
"Boom, Boom, Boom, Boom!! (XXL version)",Pop,Vengaboys,Inglés,1998,7.8,verificado
Tic Toc,Pop,Daze,Inglés,1997,7.8,verificado
Sing Hallelujah!,Pop,Dr. Alban,Inglés,1993,7.8,verificado
In My Dreams,Pop,Red Flag,Inglés,1994,7.8,verificado
Point of No Return,Pop,Centory,Inglés,1994,7.8,verificado
Everybody's Free,Pop,Rozalla,Inglés,1997,7.8,verificado
No One (radio edit),Pop,2 Unlimited,Inglés,1994,7.8,verificado
Intro,Pop,Mr. President,Inglés,1996,7.8,verificado
We Got the Key,Pop,Pharao,Inglés,1994,7.8,verificado
Toy Boy,Pop,Daze,Inglés,1997,7.8,verificado
Total Eclipse of the Heart,Pop,Nicki French,Inglés,1996,7.8,verificado
Number One,Pop,Alexia,Inglés,1997,7.8,verificado
Show Me the Way,Pop,Mr. President,Inglés,1996,7.8,verificado
Vengababes From Outer Space,Pop,Vengaboys,Inglés,1998,7.8,verificado
Looking for My Baby,Pop,Alexia,Inglés,1997,7.8,verificado
I Love the Way You Love Me,Pop,Mr. President,Inglés,1996,7.8,verificado
Pump Up the Jam,Pop,Technotronic,Inglés,1995,7.8,verificado
Cry Me a River (Revisited),Pop,Red Flag,Inglés,1994,7.8,verificado
X‐Static,Grunge,Foo Fighters,Inglés,1995,7.8,verificado
Weenie Beenie,Grunge,Foo Fighters,Inglés,1995,7.8,verificado
Out There,Grunge,Dinosaur Jr.,Inglés,1993,7.8,verificado
Plush (edit),Grunge,Stone Temple Pilots,Inglés,1993,7.8,verificado
All I Know,Grunge,Screaming Trees,Inglés,1996,7.8,verificado
Polythene Girl,Grunge,Feeder,Inglés,1997,7.8,verificado
Boston Baby,Grunge,Fudge Tunnel,Inglés,1991,7.8,verificado
Not You Again,Grunge,Dinosaur Jr.,Inglés,1991,7.8,verificado
Mystery Man,Grunge,Sebadoh,Inglés,1994,7.8,verificado
Dirty Frank,Grunge,Pearl Jam,Inglés,1992,7.8,verificado
Footsteps,Grunge,Stiltskin,Inglés,1994,7.8,verificado
Butterfly,Grunge,Screaming Trees,Inglés,1992,7.8,verificado
Junkhead,Grunge,Alice in Chains,Inglés,1996,7.8,verificado
Rat Fink,Grunge,Splendora,Inglés,1995,7.8,verificado
Out of Focus,Grunge,Love Battery,Inglés,1991,7.8,verificado
The Little Baby,Grunge,Dinosaur Jr.,Inglés,1991,7.8,verificado
Three,Grunge,Nudeswirl,Inglés,1993,7.8,verificado
Hot Burrito #2,Grunge,Dinosaur Jr.,Inglés,1992,7.8,verificado
Trash,Grunge,Silverchair,Inglés,1999,7.8,verificado
Rain Will Fall,Grunge,I Mother Earth,Inglés,1993,7.8,verificado
S. Soup,Grunge,Sebadoh,Inglés,1994,7.8,verificado
Jack the Ripper,Heavy metal,Motörhead,Español,1992,7.8,verificado
Asylum Choir,Heavy metal,Motörhead,Español,1992,7.8,verificado
Dirty Currency,Heavy metal,Rotten Sound,Español,1999,7.8,verificado
Super Satan,Heavy metal,Rotten Sound,Español,1999,7.8,verificado
Calm,Heavy metal,Rotten Sound,Español,1999,7.8,verificado
Science Gone Too Far,Hard rock,The 69 Eyes,Español,1996,7.8,verificado
Happy Go Fucked Up,Hip hop,Urban Dance Squad,Español,1999,7.8,verificado
I’m So Into You,Hip hop,SWV,Español,1992,7.8,verificado
Things We Do for Love,Hip hop,Horace Brown,Español,1996,7.8,verificado
Pressure Drop,Reggae,The Clash,Español,1991,7.8,verificado
Gates of the West,Reggae,The Clash,Español,1990,7.8,verificado
Drop a Gem on ’em,Hip hop,Mobb Deep,Español,1996,7.8,verificado
Give It Up Fast,Hip hop,Mobb Deep,Español,1996,7.8,verificado
Nighttime Vultures,Hip hop,Mobb Deep,Español,1996,7.8,verificado
Extortion,Hip hop,Mobb Deep,Español,1996,7.8,verificado
Man Down,Hip hop,Mobb Deep,Español,1996,7.8,verificado
Gravity and Grace,R&b,Naked to the World,Español,1998,7.8,verificado
Love Can Build a Bridge,House,Cher,Español,1995,7.8,verificado
Viva La Fiesta,House,S Club,Español,1999,7.8,verificado
Charlene,House,Björk,Español,1995,7.8,verificado
Marta’s Song,Techno,Deep Forest,Español,1995,7.8,verificado
It Ain’t Over Till the Fat Lady Sings,Rock argentino,En Vogue,Español,1992,7.7,verificado
Devil’s Pie,Rock argentino,D’Angelo,Español,1998,7.7,verificado
Don’t You Love Me,Rock argentino,Eternal,Español,1997,7.7,verificado
Careless Whisper,Rock argentino,Tamia,Español,1998,7.7,verificado
Pac Man (skit),Rock argentino,DMX,Español,1998,7.7,verificado
Build the Bridge,Rock argentino,Deee‐Lite,Español,1990,7.7,verificado
Black or White,Rock argentino,Michael Jackson,Español,1991,7.7,verificado
Black Capricorn Day,Rock argentino,Jamiroquai,Español,1999,7.7,verificado
A New Argentina,Rock argentino,Madonna,Español,1996,7.7,verificado
And the Money Kept Rolling In (and Out),Rock argentino,Antonio Banderas,Español,1996,7.7,verificado
Power Move,Rock argentino,The Chemical Brothers,Español,1999,7.7,verificado
Cloning Technology (Replica),Rock argentino,Fear Factory,Español,1997,7.7,verificado
Transgenic,Rock argentino,Fear Factory,Español,1997,7.7,verificado
Refueled,Rock argentino,Fear Factory,Español,1997,7.7,verificado
Cyberdyne,Rock argentino,Fear Factory,Español,1997,7.7,verificado
Concreto,Rock argentino,Fear Factory,Español,1995,7.7,verificado
DJ,Grunge,Dover,Español,1999,7.7,verificado
Straight to Jail,Grunge,Dover,Español,1999,7.7,verificado
"Jungle-Book, Part II (Trance version)",Trance,Dissidenten,Español,1993,7.7,verificado
Louden,Trance,Celtic Cross,Español,1998,7.7,verificado
É Uma Partida de Futebol,Ska,Skank,Español,1996,7.7,verificado
You Should Be Mine (Don’t Waste Your Time),Hip hop,Brian McKnight,Español,1997,7.7,verificado
Sukiyaki,Hip hop,4 P.M.,Español,1995,7.7,verificado
Eva,Hip hop,Ozomatli,Español,1998,7.7,verificado
Show Me the Way Back to Your Heart,Hip hop,Brian McKnight,Español,1997,7.7,verificado
Chota,Hip hop,Ozomatli,Español,1998,7.7,verificado
All Around the World,Hip hop,Boyz II Men,Español,1994,7.7,verificado
Khalil (interlude),Hip hop,Boyz II Men,Español,1994,7.7,verificado
No entiendes la onda,Hip hop,Cypress Hill,Español,1999,7.7,verificado
Puercos,Hip hop,Cypress Hill,Español,1999,7.7,verificado
Daisy Bell (A Bicycle Made for Two),House,Blur,Español,1993,7.7,verificado
4 Us,House,Robert Miles,Español,1996,7.7,verificado
The Perfect Drug (Nine Inch Nails),Techno,Nine Inch Nails,Español,1995,7.7,verificado
Kill Yr Idols,Rock argentino,Sonic Youth,Español,1995,7.6,verificado
Go Cat Go,Rock argentino,Public Enemy,Español,1998,7.6,verificado
Is Your God a Dog,Rock argentino,Public Enemy,Español,1998,7.6,verificado
Revelation 33 1/3 Revolutions,Rock argentino,Public Enemy,Español,1998,7.6,verificado
Shake Your Booty,Rock argentino,Flavor Flav,Español,1998,7.6,verificado
House of the Rising Son,Rock argentino,Public Enemy,Español,1998,7.6,verificado
Super Agent,Rock argentino,Public Enemy,Español,1998,7.6,verificado
Sudden Death (Interlude),Rock argentino,Public Enemy,Español,1998,7.6,verificado
What You Need Is Jesus,Rock argentino,Public Enemy,Español,1998,7.6,verificado
Politics of the Sneaker Pimps,Rock argentino,Public Enemy,Español,1998,7.6,verificado
Hip Hop Lover,Rock argentino,En Vogue,Español,1992,7.6,verificado
You Sang to Me (radio edit),Rock argentino,Marc Anthony,Español,1999,7.6,verificado
Boogie Woogie Bugle Boy,Rock argentino,En Vogue,Español,1990,7.6,verificado
Desire,Rock argentino,En Vogue,Español,1992,7.6,verificado
Game Face,Rock argentino,Public Enemy,Español,1998,7.6,verificado
You Are Not Alone,Rock argentino,Michael Jackson,Español,1995,7.6,verificado
In the Midnight Hour,Rock argentino,The Commitments,Español,1991,7.6,verificado
"You, My Baby & I",Rock argentino,Alex Gopher,Español,1999,7.6,verificado
Ralph & Kathy,Rock argentino,Alex Gopher,Español,1999,7.6,verificado
Lately,Rock argentino,Tyrese,Español,1998,7.6,verificado
Quiet Storm,Rock argentino,Alex Gopher,Español,1999,7.6,verificado
Party People,Rock argentino,Alex Gopher,Español,1999,7.6,verificado
Autobahn,Rock argentino,Kraftwerk,Español,1991,7.6,verificado
Chillando goma,Cumbia,Fulanito,Inglés,1999,7.6,verificado
Martyr,Heavy metal,Fear Factory,Español,1992,7.6,verificado
Self Immolation,Heavy metal,Fear Factory,Español,1992,7.6,verificado
C’mon and Love Me,Heavy metal,Skid Row,Español,1991,7.6,verificado
Little Dirty Blonde,Heavy metal,Winger,Español,1990,7.6,verificado
Black Dragon,Heavy metal,Luca Turilli,Español,1999,7.6,verificado
Cartender,Heavy metal,Rotten Sound,Español,1999,7.6,verificado
Cursed to Crawl,Heavy metal,Napalm Death,Español,1995,7.6,verificado
El deseo de tu amor,Hip hop,Jennifer Lopez,Español,1999,7.6,verificado
Men in Black,Hip hop,Will Smith,Español,1997,7.6,verificado
Skin (Fur Coat),Techno,Front 242,Español,1993,7.6,verificado
The Beginning Is the End Is the Beginning,Techno,The Smashing Pumpkins,Español,1997,7.6,verificado
The End Is the Beginning Is the End,Techno,The Smashing Pumpkins,Español,1997,7.6,verificado
Tina vieri,Techno,Hedningarna,Español,1994,7.6,verificado
Såglåten,Techno,Hedningarna,Español,1994,7.6,verificado
Tattva,Reggae,Kula Shaker,Español,1996,7.6,verificado
Aquí no podemos hacerlo,Reggae,Los Rodríguez,Español,1995,7.6,verificado
I Sit Away,Hip hop,Boyz II Men,Español,1994,7.6,verificado
Never,Hip hop,Boyz II Men,Español,1997,7.6,verificado
Can You Stand the Rain,Hip hop,Boyz II Men,Español,1997,7.6,verificado
Jezzebel,Hip hop,Boyz II Men,Español,1994,7.6,verificado
50 Candles,Hip hop,Boyz II Men,Español,1994,7.6,verificado
Mr. P. Mosh,Hip hop,Plastilina Mosh,Español,1998,7.6,verificado
Come On,Hip hop,Boyz II Men,Español,1997,7.6,verificado
Girl in the Life Magazine,Hip hop,Boyz II Men,Español,1997,7.6,verificado
U Know,Hip hop,Boyz II Men,Español,1994,7.6,verificado
Time & Space (A New Refutation of),Hip hop,Digable Planets,Español,1993,7.6,verificado
Can’t Let Her Go,Hip hop,Boyz II Men,Español,1997,7.6,verificado
To the Limit,Hip hop,Boyz II Men,Español,1997,7.6,verificado
O le le,Hip hop,Ozomatli,Español,1998,7.6,verificado
No Fronts (Jam Master Jay’s main edit),Hip hop,Dog Eat Dog,Español,1994,7.6,verificado
Trying Times,Hip hop,Boyz II Men,Español,1994,7.6,verificado
Down Rodeo,Rap,Rage Against the Machine,Español,1996,7.6,verificado
Close to You,Pop,Whigfield,Español,1995,7.6,verificado
Poison,Techno,The Prodigy,Español,1995,7.6,verificado
Breaking the Girl,Rock argentino,Red Hot Chili Peppers,Español,1991,7.5,verificado
Star A.D.,Rock argentino,Faith No More,Español,1995,7.5,verificado
Love Is Gonna Be on Your Side (12″ version),Rock argentino,Firefly,Español,1992,7.5,verificado
Mind Your Own Business,Rock argentino,Living Colour,Español,1993,7.5,verificado
Tryin’,Rock argentino,Alex Gopher,Español,1999,7.5,verificado
Love You All My Lifetime,Rock argentino,Chaka Khan,Español,1992,7.5,verificado
This Little Pig,Rock argentino,Living Colour,Español,1993,7.5,verificado
Nothingness,Rock argentino,Living Colour,Español,1993,7.5,verificado
06 10 98,Rock argentino,Alex Gopher,Español,1999,7.5,verificado
Under the Bridge,Rock argentino,Red Hot Chili Peppers,Español,1991,7.5,verificado
D.I.S.C.O.,Rock argentino,N‐Trance,Español,1997,7.5,verificado
Push the Feeling On (MK dub revisited edit),Rock argentino,Nightcrawlers,Español,1995,7.5,verificado
Nuclear Mission Jam,Rock argentino,Kelly Bailey,Español,1998,7.5,verificado
Hanky Panky Nohow,Grunge,Yo La Tengo,Español,1991,7.5,verificado
I Have Peace,Hip hop,Strike,Español,1997,7.5,verificado
Beyond Skin,Techno,Nitin Sawhney,Español,1999,7.5,verificado
Broken Skin,Techno,Nitin Sawhney,Español,1999,7.5,verificado
Letting Go,Techno,Nitin Sawhney,Español,1999,7.5,verificado
Encore une fois (original edit),Techno,Sash!,Español,1996,7.5,verificado
People of the Sun,Rap,Rage Against the Machine,Español,1996,7.5,verificado
Rush,House,Big Audio Dynamite,Español,1991,7.5,verificado
O pastor,House,Madredeus,Español,1990,7.5,verificado
Sempire d’Amor,House,Era,Español,1996,7.5,verificado
Party Hard,House,Pulp,Español,1998,7.5,verificado
Jump They Say (radio edit),House,David Bowie,Español,1993,7.5,verificado
Rosalía,House,Juan Luis Guerra 4.40,Español,1990,7.5,verificado
Becoming X,House,Sneaker Pimps,Español,1996,7.5,verificado
Para sentir bonito,Cumbia,Banda el Recodo de Don Cruz Lizárraga,Español,1996,7.5,verificado
El chilango quebrador,Cumbia,Banda el Recodo de Don Cruz Lizárraga,Español,1996,7.5,verificado
La Josefina,Cumbia,Banda el Recodo de Don Cruz Lizárraga,Español,1996,7.5,verificado
Everywhere,Rock argentino,Chaka Khan,Español,1996,7.4,verificado
Much Love,Rock argentino,Shola Ama,Español,1997,7.4,verificado
Um Tom,Rock argentino,Caetano Veloso,Español,1997,7.4,verificado
What Is Love,Rock argentino,En Vogue,Español,1992,7.4,verificado
Ain’t No Doubt,Rock argentino,Jimmy Nail,Español,1992,7.4,verificado
Get It Together,Rock argentino,702,Español,1996,7.4,verificado
Bug a Boo,Rock argentino,Destiny’s Child,Español,1999,7.4,verificado
Gal Yu a Pepper,Rock argentino,Shaggy,Español,1995,7.4,verificado
Ride Like the Wind,Rock argentino,East Side Beat,Español,1991,7.4,verificado
The Rain Falls and the Sky Shudders,Rock argentino,Moby,Español,1993,7.4,verificado
The Saint,Rock argentino,Orbital,Español,1997,7.4,verificado
She Cries Your Name,Rock argentino,Strange Cargo,Español,1995,7.4,verificado
Inner Self,Heavy metal,Sepultura,Español,1992,7.4,verificado
Troops of Doom,Heavy metal,Sepultura,Español,1992,7.4,verificado
Hellraiser,Heavy metal,Motörhead,Español,1992,7.4,verificado
Tides,Techno,Nitin Sawhney,Español,1999,7.4,verificado
Skrautvål,Techno,Hedningarna,Español,1994,7.4,verificado
Toxygene,Techno,The Orb,Español,1997,7.4,verificado
To Brazil,Trance,Vengaboys,Español,1997,7.4,verificado
City of the Dead,Reggae,The Clash,Español,1991,7.4,verificado
You’re My Number One,Hip hop,S Club,Español,1999,7.4,verificado
Vibin’,Hip hop,Boyz II Men,Español,1994,7.4,verificado
I Really Miss You,Hip hop,S Club,Español,1999,7.4,verificado
Hope for the Future,Hip hop,S Club,Español,1999,7.4,verificado
It’s a Feel Good Thing,Hip hop,S Club,Español,1999,7.4,verificado
No Shelter,Rap,Rage Against the Machine,Español,1998,7.4,verificado
Media naranja,Pop,Fey,Español,1995,7.4,verificado
Stadium Parking Lot,House,Apollo 440,Español,1999,7.4,verificado
Roll On,House,Sneaker Pimps,Español,1996,7.4,verificado
I Go Humble,House,Björk,Español,1995,7.4,verificado
Asbestos Lead Asbestos (Toxic 96),House,Meat Beat Manifesto,Español,1996,7.4,verificado
6 Underground,House,Sneaker Pimps,Español,1996,7.4,verificado
Wasted Early Sunday Morning,House,Sneaker Pimps,Español,1996,7.4,verificado
If You Had My Love,House,Jennifer Lopez,Español,1999,7.4,verificado
Hooked on Your Love,Rock argentino,En Vogue,Español,1992,7.3,verificado
Let's Chill,Rock argentino,Guy,Español,1990,7.3,verificado
My Name Is Prince,Rock argentino,Prince,Español,1992,7.3,verificado
Bang That Beat,Rock argentino,C+C Music Factory,Español,1990,7.3,verificado
Water Runs Dry,Rock argentino,Boyz II Men,Español,1994,7.3,verificado
Down With the Clique,Rock argentino,Aaliyah,Español,1994,7.3,verificado
Real Love,Rock argentino,Mary J. Blige,Español,1992,7.3,verificado
Time,Rock argentino,Alex Gopher,Español,1999,7.3,verificado
Consolidated,Rock argentino,Alex Gopher,Español,1999,7.3,verificado
Do It to Me,Rock argentino,Lionel Richie,Español,1992,7.3,verificado
El costo de la vida,Rock argentino,Juan Luis Guerra 4.40,Español,1992,7.3,verificado
"Manuel Santillán, el León (tumbao)",Rock argentino,Los Fabulosos Cadillacs,Español,1992,7.3,verificado
Silencio hospital (demo '85),Rock argentino,Los Fabulosos Cadillacs,Español,1993,7.3,verificado
Mi novia se cayó en un pozo ciego (versión '93),Rock argentino,Los Fabulosos Cadillacs,Español,1993,7.3,verificado
Te tiraré del altar (versión '93),Rock argentino,Los Fabulosos Cadillacs,Español,1993,7.3,verificado
Shelf in the Room,Grunge,Days of the New,Español,1997,7.3,verificado
Prepare for War,Heavy metal,Hatebreed,Español,1997,7.3,verificado
Go to Hell,Heavy metal,Megadeth,Español,1991,7.3,verificado
Descent,Heavy metal,Fear Factory,Español,1998,7.3,verificado
Edgecrusher,Heavy metal,Fear Factory,Español,1998,7.3,verificado
So Fine,Heavy metal,Guns N’ Roses,Español,1991,7.3,verificado
Hi‐Tech Hate,Heavy metal,Fear Factory,Español,1998,7.3,verificado
Shock,Heavy metal,Fear Factory,Español,1998,7.3,verificado
Como una danza,Hip hop,Laura Pausini,Español,1998,7.3,verificado
Neptune,Hip hop,Motorbass,Español,1996,7.3,verificado
Serpents,Techno,Nitin Sawhney,Español,1999,7.3,verificado
No More Tears,Techno,The KLF,Español,1991,7.3,verificado
Min skog,Techno,Hedningarna,Español,1994,7.3,verificado
In Between,Grunge,Collective Soul,Español,1997,7.3,verificado
Maria,Rap,Rage Against the Machine,Español,1999,7.3,verificado
Wind Below,Rap,Rage Against the Machine,Español,1996,7.3,verificado
Out From the Deep,Techno,Enigma,Español,1993,7.3,verificado
Two Faced Bastard,Rock argentino,88 Fingers Louie,Español,1998,7.2,verificado
Newspaper,Rock argentino,88 Fingers Louie,Español,1998,7.2,verificado
FVK “Fearless Vampire Killers”,Rock argentino,88 Fingers Louie,Español,1998,7.2,verificado
Well Done,Rock argentino,88 Fingers Louie,Español,1998,7.2,verificado
Admission,Rock argentino,88 Fingers Louie,Español,1998,7.2,verificado
Another Love Song,Rock argentino,88 Fingers Louie,Español,1998,7.2,verificado
Worst Man Won,Rock argentino,88 Fingers Louie,Español,1998,7.2,verificado
Drunk & Ugly,Rock argentino,88 Fingers Louie,Español,1998,7.2,verificado
Joyboy,Rock argentino,88 Fingers Louie,Español,1998,7.2,verificado
Elmer’s,Rock argentino,88 Fingers Louie,Español,1998,7.2,verificado
Tomorrow Starts Today,Rock argentino,88 Fingers Louie,Español,1998,7.2,verificado
State,Rock argentino,88 Fingers Louie,Español,1998,7.2,verificado
100 Proof,Rock argentino,88 Fingers Louie,Español,1998,7.2,verificado
Punk Rock Rulebook,Rock argentino,88 Fingers Louie,Español,1998,7.2,verificado
Stone the Crow,Rock argentino,Down,Español,1995,7.2,verificado
Givin’ It to You,Rock argentino,C+C Music Factory,Español,1990,7.2,verificado
Let’s Get Funkee,Rock argentino,C+C Music Factory,Español,1990,7.2,verificado
Somebody Loves You Baby (You Know Who It Is),Rock argentino,Patti LaBelle,Español,1991,7.2,verificado
Lady,Rock argentino,D’Angelo,Español,1995,7.2,verificado
Feelin’,Rock argentino,Gloria Estefan,Español,1998,7.2,verificado
The Creator Has a Master Plan,Rock argentino,Brooklyn Funk Essentials,Español,1994,7.2,verificado
Don’t Release Me,Rock argentino,Gloria Estefan,Español,1998,7.2,verificado
You Don’t Have to Worry,Rock argentino,En Vogue,Español,1990,7.2,verificado
Oooh Baby,Rock argentino,C+C Music Factory,Español,1990,7.2,verificado
Back at One,Rock argentino,Brian McKnight,Español,1999,7.2,verificado
Thank You,Rock argentino,Boyz II Men,Español,1994,7.2,verificado
"Give It Up, Turn It Loose",Rock argentino,En Vogue,Español,1992,7.2,verificado
Thinking of You,Rock argentino,Tony! Toni! Toné!,Español,1996,7.2,verificado
Heaven’s What I Feel (Corazón Prohibido),Rock argentino,Gloria Estefan,Español,1998,7.2,verificado
A Groove of Love (What’s This Word Called Love?),Rock argentino,C+C Music Factory,Español,1990,7.2,verificado
Shade,Rock argentino,C+C Music Factory,Español,1990,7.2,verificado
My Stoney Baby,Rock argentino,311,Español,1992,7.2,verificado
Unity,Rock argentino,311,Español,1993,7.2,verificado
Feels So Good,Rock argentino,311,Español,1993,7.2,verificado
Dark and Lovely (You Over There) (edit),Rock argentino,Barry White,Español,1991,7.2,verificado
Paradise,Rock argentino,311,Español,1993,7.2,verificado
Nix Hex,Rock argentino,311,Español,1993,7.2,verificado
Who’s Crying Now,Rock argentino,Randy Crawford,Español,1992,7.2,verificado
Visit,Rock argentino,311,Español,1993,7.2,verificado
Pardon Me,Rock argentino,Incubus,Español,1999,7.2,verificado
Boogie Down,Rock argentino,Al Jarreau,Español,1996,7.2,verificado
Never Givin’ Up,Rock argentino,Al Jarreau,Español,1996,7.2,verificado
Get Out,Rock argentino,Faith No More,Español,1995,7.2,verificado
Siguiendo la luna,Rock argentino,Los Fabulosos Cadillacs,Español,1992,7.2,verificado
Ríos de lágrimas,Rock argentino,Los Fabulosos Cadillacs,Español,1992,7.2,verificado
Que puedo hacer por ti,Cumbia,Los Bukis,Inglés,1991,7.2,verificado
No te des por vencido,Cumbia,Los Bukis,Inglés,1991,7.2,verificado
Allá tú,Cumbia,Los Bukis,Inglés,1991,7.2,verificado
Mi ironía,Cumbia,Los Bukis,Inglés,1991,7.2,verificado
Dime que no te perdí,Cumbia,Los Bukis,Inglés,1991,7.2,verificado
No debes jugar,Cumbia,Selena,Inglés,1993,7.2,verificado
Polkas palabras,Grunge,Molotov,Español,1999,7.2,verificado
So Broken,Grunge,Björk,Español,1997,7.2,verificado
El mundo,Grunge,Molotov,Español,1999,7.2,verificado
The Honey Roll,Heavy metal,AC/DC,Español,1995,7.2,verificado
I Was Made for Lovin’ You,Heavy metal,KISS,Español,1993,7.2,verificado
Black Sabbath,Heavy metal,Vader,Español,1994,7.2,verificado
The Sermon,Heavy metal,Testament,Español,1992,7.2,verificado
Low,Heavy metal,Testament,Español,1994,7.2,verificado
P.C.,Heavy metal,Testament,Español,1994,7.2,verificado
Duke Nukem Theme,Heavy metal,Megadeth,Español,1999,7.2,verificado
Return to Serenity,Heavy metal,Testament,Español,1993,7.2,verificado
Disciples of the Watch,Heavy metal,Testament,Español,1993,7.2,verificado
Agony,Heavy metal,Testament,Español,1992,7.2,verificado
Absence of Light,Heavy metal,Testament,Español,1990,7.2,verificado
Beginning of the End,Heavy metal,Testament,Español,1990,7.2,verificado
Love to Hate,Heavy metal,Testament,Español,1990,7.2,verificado
Face in the Sky,Heavy metal,Testament,Español,1990,7.2,verificado
Falling Fast,Heavy metal,Testament,Español,1990,7.2,verificado
Pisschrist,Heavy metal,Fear Factory,Español,1995,7.2,verificado
Chasing Fear,Heavy metal,Testament,Español,1994,7.2,verificado
All I Could Bleed,Heavy metal,Testament,Español,1994,7.2,verificado
Shades of War,Heavy metal,Testament,Español,1994,7.2,verificado
Troubled Dreams,Heavy metal,Testament,Español,1992,7.2,verificado
The Ritual,Heavy metal,Testament,Español,1992,7.2,verificado
Rock and Roll All Nite,Heavy metal,KISS,Español,1996,7.2,verificado
Sothis,Heavy metal,Vader,Español,1994,7.2,verificado
The Legacy,Heavy metal,Testament,Español,1990,7.2,verificado
Seven Days of May,Heavy metal,Testament,Español,1990,7.2,verificado
Girl Money,Heavy metal,KIX,Español,1991,7.2,verificado
So Many Lies,Heavy metal,Testament,Español,1993,7.2,verificado
Deadline,Heavy metal,Testament,Español,1992,7.2,verificado
Let Go of My World,Heavy metal,Testament,Español,1992,7.2,verificado
De profundis,Heavy metal,Vader,Español,1994,7.2,verificado
As the Seasons Grey,Heavy metal,Testament,Español,1992,7.2,verificado
One Man’s Fate,Heavy metal,Testament,Español,1990,7.2,verificado
Souls of Black,Heavy metal,Testament,Español,1990,7.2,verificado
Legions (In Hiding),Heavy metal,Testament,Español,1994,7.2,verificado
Electric Crown,Heavy metal,Testament,Español,1992,7.2,verificado
Ride,Heavy metal,Testament,Español,1994,7.2,verificado
Trail of Tears,Heavy metal,Testament,Español,1994,7.2,verificado
Malpractice,Heavy metal,Testament,Español,1990,7.2,verificado
Urotsukidōji,Heavy metal,Testament,Español,1994,7.2,verificado
Hail Mary,Heavy metal,Testament,Español,1994,7.2,verificado
Could This Be Love,Hip hop,Jennifer Lopez,Español,1999,7.2,verificado
Talk About Us,Hip hop,Jennifer Lopez,Español,1999,7.2,verificado
Anthem Without Nation,Techno,Nitin Sawhney,Español,1999,7.2,verificado
2:1,Techno,Elastica,Español,1995,7.2,verificado
Bongo Bong,Reggae,Manu Chao,Español,1998,7.2,verificado
Blame,Grunge,Collective Soul,Español,1997,7.2,verificado
Bulls on Parade,Rap,Rage Against the Machine,Español,1996,7.2,verificado
Helmet in the Bush,Rap,Korn,Español,1994,7.2,verificado
Ball Tongue,Rap,Korn,Español,1994,7.2,verificado
Predictable,Rap,Korn,Español,1994,7.2,verificado
Fake,Rap,Korn,Español,1994,7.2,verificado
Faget,Rap,Korn,Español,1994,7.2,verificado
Walking Zero,House,Sneaker Pimps,Español,1996,7.2,verificado
More Than This,House,"10,000 Maniacs",Español,1997,7.2,verificado
School,Rock argentino,Nirvana,Español,1992,7.1,verificado
Aneurysm,Rock argentino,Nirvana,Español,1992,7.1,verificado
Hairspray Queen,Rock argentino,Nirvana,Español,1992,7.1,verificado
(New Wave) Polly,Rock argentino,Nirvana,Español,1992,7.1,verificado
Selfish Means,Rock argentino,88 Fingers Louie,Español,1998,7.1,verificado
Elderly Woman Behind the Counter in a Small Town,Rock argentino,Pearl Jam,Español,1998,7.1,verificado
Untitled,Rock argentino,Pearl Jam,Español,1998,7.1,verificado
Red Mosquito,Rock argentino,Pearl Jam,Español,1998,7.1,verificado
Daughter,Rock argentino,Pearl Jam,Español,1998,7.1,verificado
Corduroy,Rock argentino,Pearl Jam,Español,1998,7.1,verificado
Go,Rock argentino,Pearl Jam,Español,1998,7.1,verificado
Radio Friendly Unit Shifter,Rock argentino,Nirvana,Español,1993,7.1,verificado
Frances Farmer Will Have Her Revenge on Seattle,Rock argentino,Nirvana,Español,1993,7.1,verificado
Better Man,Rock argentino,Pearl Jam,Español,1998,7.1,verificado
Black,Rock argentino,Pearl Jam,Español,1998,7.1,verificado
Scentless Apprentice,Rock argentino,Nirvana,Español,1993,7.1,verificado
Serve the Servants,Rock argentino,Nirvana,Español,1993,7.1,verificado
Tourette’s,Rock argentino,Nirvana,Español,1993,7.1,verificado
Summer Photos,Rock argentino,88 Fingers Louie,Español,1998,7.1,verificado
Even Flow,Rock argentino,Pearl Jam,Español,1998,7.1,verificado
"Hail, Hail",Rock argentino,Pearl Jam,Español,1998,7.1,verificado
Nothingman,Rock argentino,Pearl Jam,Español,1998,7.1,verificado
Fuckin' Up,Rock argentino,Pearl Jam,Español,1998,7.1,verificado
Off He Goes,Rock argentino,Pearl Jam,Español,1998,7.1,verificado
My Friend Goo,Rock argentino,Sonic Youth,Español,1990,7.1,verificado
Very Ape,Rock argentino,Nirvana,Español,1993,7.1,verificado
Lithium,Rock argentino,Nirvana,Español,1996,7.1,verificado
MFC,Rock argentino,Pearl Jam,Español,1998,7.1,verificado
Given to Fly,Rock argentino,Pearl Jam,Español,1998,7.1,verificado
Do the Evolution,Rock argentino,Pearl Jam,Español,1998,7.1,verificado
Smells Like Teen Spirit,Rock argentino,Nirvana,Español,1996,7.1,verificado
Blew,Rock argentino,Nirvana,Español,1996,7.1,verificado
Touched by an Angel,Rock argentino,Gloria Estefan,Español,1998,7.1,verificado
Love Don’t Love You,Rock argentino,En Vogue,Español,1992,7.1,verificado
Yesterday,Rock argentino,En Vogue,Español,1992,7.1,verificado
Touch Me Tease Me,Rock argentino,Case,Español,1996,7.1,verificado
On Bended Knee,Rock argentino,Boyz II Men,Español,1994,7.1,verificado
Ooops Up,Rock argentino,Snap!,Español,1990,7.1,verificado
I Adore mi amor,Rock argentino,Color Me Badd,Español,1991,7.1,verificado
Shaggy Show,Rock argentino,Insane Clown Posse,Español,1999,7.1,verificado
Real Woman,Rock argentino,Gloria Estefan,Español,1998,7.1,verificado
Me and Those Dreamin’ Eyes of Mine,Rock argentino,D’Angelo,Español,1995,7.1,verificado
Lucky Girl,Rock argentino,Gloria Estefan,Español,1998,7.1,verificado
Pepper,Rock argentino,Butthole Surfers,Español,1996,7.1,verificado
My Name Is Mud,Rock argentino,Primus,Español,1993,7.1,verificado
One of God’s Better People,Rock argentino,Robbie Williams,Español,1997,7.1,verificado
Hydroponic,Rock argentino,311,Español,1992,7.1,verificado
Virtual Insanity,Rock argentino,Jamiroquai,Español,1996,7.1,verificado
I Love You… I’ll Kill You,Rock argentino,Enigma,Español,1993,7.1,verificado
A pedir su mano,Rock argentino,Juan Luis Guerra 4.40,Español,1990,7.1,verificado
Show Me Heaven,Rock argentino,Maria McKee,Español,1990,7.1,verificado
Igual a quién,Rock argentino,Los Fabulosos Cadillacs,Español,1998,7.1,verificado
The Difference in the Shades,Rock argentino,Bright Eyes,Español,1998,7.1,verificado
Padre nuestro (versión dub),Rock argentino,Los Fabulosos Cadillacs,Español,1998,7.1,verificado
Long Long Nite,Rock argentino,Mano Negra,Español,1991,7.1,verificado
Caballo de madera,Rock argentino,Los Fabulosos Cadillacs,Español,1990,7.1,verificado
Undertow,Grunge,Molotov,Español,1999,7.1,verificado
Parásito,Grunge,Molotov,Español,1999,7.1,verificado
Vision and the Voice,Heavy metal,Vader,Español,1994,7.1,verificado
Una noche más,Hip hop,Jennifer Lopez,Español,1999,7.1,verificado
New Kind of Medicine,Hip hop,Ultra Naté,Español,1998,7.1,verificado
"Si yo llego, yo llego",Hip hop,Sergent Garcia,Español,1999,7.1,verificado
The Pilgrim,Techno,Nitin Sawhney,Español,1999,7.1,verificado
Immigrant,Techno,Nitin Sawhney,Español,1999,7.1,verificado
Nadia,Techno,Nitin Sawhney,Español,1999,7.1,verificado
Dub Experience,Reggae,St Germain,Español,1994,7.1,verificado
Clandestino,Reggae,Manu Chao,Español,1998,7.1,verificado
Minha galera,Reggae,Manu Chao,Español,1998,7.1,verificado
Gotta Get Away,Grunge,The Offspring,Español,1994,7.1,verificado
Who Would Have Thought,Hip hop,Boyz II Men,Español,1993,7.1,verificado
Silent Night,Hip hop,Boyz II Men,Español,1993,7.1,verificado
Yesterday,Hip hop,Boyz II Men,Español,1994,7.1,verificado
Cold December Nights,Hip hop,Boyz II Men,Español,1993,7.1,verificado
Need To,Rap,Korn,Español,1994,7.1,verificado
Got Yer!,House,Blur,Español,1994,7.1,verificado
Pandora’s Box,House,Orchestral Manoeuvres in the Dark,Español,1991,7.1,verificado
Magpie,House,Blur,Español,1994,7.1,verificado
To the End (French version),House,Blur,Español,1994,7.1,verificado
People in Europe,House,Blur,Español,1994,7.1,verificado
Let’s All Go Down the Strand,House,Blur,Español,1993,7.1,verificado
One Born Every Minute,House,Blur,Español,1995,7.1,verificado
Era,House,Era,Español,1996,7.1,verificado
Peter Panic,House,Blur,Español,1994,7.1,verificado
Mellow Jam,House,Blur,Español,1999,7.1,verificado
Idaho,House,Train,Español,1996,7.1,verificado
Swallows in the Heatwave,House,Blur,Español,1997,7.1,verificado
Days,House,Train,Español,1996,7.1,verificado
Bustin’ + Dronin’,House,Blur,Español,1997,7.1,verificado
Polished Stone,House,Blur,Español,1997,7.1,verificado
Train,House,Train,Español,1996,7.1,verificado
Blind,House,Train,Español,1996,7.1,verificado
Homesick,House,Train,Español,1996,7.1,verificado
Turnaround,Rock argentino,Nirvana,Español,1992,7.0,verificado
Molly’s Lips,Rock argentino,Nirvana,Español,1992,7.0,verificado
Milk It,Rock argentino,Nirvana,Español,1993,7.0,verificado
Cuba Libre,Rock argentino,Gloria Estefan,Español,1998,7.0,verificado
Another Love Song,Rock argentino,Insane Clown Posse,Español,1999,7.0,verificado
Romantic,Rock argentino,Karyn White,Español,1991,7.0,verificado
Deee‐Lite Theme,Rock argentino,Deee‐Lite,Español,1990,7.0,verificado
Take This Bottle,Rock argentino,Faith No More,Español,1995,7.0,verificado
You’re the Star,Rock argentino,Rod Stewart,Español,1995,7.0,verificado
Caralho voador,Rock argentino,Faith No More,Español,1995,7.0,verificado
The Last to Know,Rock argentino,Faith No More,Español,1995,7.0,verificado
King for a Day,Rock argentino,Faith No More,Español,1995,7.0,verificado
Gallo rojo,Rock argentino,Los Fabulosos Cadillacs,Español,1992,7.0,verificado
Radio Kriminal,Rock argentino,Los Fabulosos Cadillacs,Español,1990,7.0,verificado
Demasiada presión,Rock argentino,Los Fabulosos Cadillacs,Español,1990,7.0,verificado
One More Murder,Grunge,Better Than Ezra,Español,1998,7.0,verificado
She Knows You (radio edit),Hip hop,DJ Tonka,Español,1998,7.0,verificado
Pornopolka,Techno,Hedningarna,Español,1994,7.0,verificado
Räven,Techno,Hedningarna,Español,1994,7.0,verificado
Vargtimmen,Techno,Hedningarna,Español,1994,7.0,verificado
Bellissima (radio edit),Techno,DJ Quicksilver,Español,1997,7.0,verificado
The Conference,Techno,Nitin Sawhney,Español,1999,7.0,verificado
Bailando,Trance,Loona,Español,1995,7.0,verificado
Waiting for Tonight,Trance,Jennifer Lopez,Español,1999,7.0,verificado
Luna y sol,Reggae,Manu Chao,Español,1998,7.0,verificado
You,Hip hop,Jesse Powell,Español,1996,7.0,verificado
Running Back to You,Hip hop,Vanessa Williams,Español,1991,7.0,verificado
Up and Down,Pop,Vengaboys,Español,1998,7.0,verificado
Dancehall,House,Blur,Español,1997,7.0,verificado
Mr. Robinsons’ Quango,House,Blur,Español,1995,7.0,verificado
If You Leave,House,Train,Español,1998,7.0,verificado
Mellow Song,House,Blur,Español,1999,7.0,verificado
Globe Alone,House,Blur,Español,1995,7.0,verificado
Swamp Song,House,Blur,Español,1999,7.0,verificado
B.L.U.R.E.M.I.,House,Blur,Español,1999,7.0,verificado
Caramel,House,Blur,Español,1999,7.0,verificado
Woodpigeon Song,House,Blur,Español,1997,7.0,verificado
Entertain Me,House,Blur,Español,1995,7.0,verificado
Best Days,House,Blur,Español,1995,7.0,verificado
Dan Abnormal,House,Blur,Español,1995,7.0,verificado
Fade Away,House,Blur,Español,1995,7.0,verificado
Ernold Same,House,Blur,Español,1995,7.0,verificado
All Your Life,House,Blur,Español,1997,7.0,verificado
Trailerpark,House,Blur,Español,1999,7.0,verificado
1992,House,Blur,Español,1999,7.0,verificado
Top Man,House,Blur,Español,1995,7.0,verificado
Get Out of Cities,House,Blur,Español,1997,7.0,verificado
I Am,House,Train,Español,1996,7.0,verificado
Karmacoma,House,Massive Attack,Español,1994,7.0,verificado
Battle,House,Blur,Español,1999,7.0,verificado
Free,House,Train,Español,1996,7.0,verificado
Sailing on the Seven Seas,House,Orchestral Manoeuvres in the Dark,Español,1991,7.0,verificado
Optigan 1,House,Blur,Español,1999,7.0,verificado
Eggplant,House,Train,Español,1996,7.0,verificado
Country House,House,Blur,Español,1995,7.0,verificado
Shooting Up in Vain,Techno,Eagle‐Eye Cherry,Español,1997,7.0,verificado
Lakini’s Juice,Rock argentino,Live,Español,1997,6.9,verificado
Gallons of Rubbing Alcohol Flow Through the Strip,Rock argentino,Nirvana,Español,1993,6.9,verificado
Father of Mine,Rock argentino,Everclear,Español,1997,6.9,verificado
No Memory,Rock argentino,Stone Temple Pilots,Español,1992,6.9,verificado
Where the River Goes,Rock argentino,Stone Temple Pilots,Español,1992,6.9,verificado
I Hate Myself and I Want to Die,Rock argentino,Nirvana,Español,1993,6.9,verificado
Don’t Stop,Rock argentino,Gloria Estefan,Español,1998,6.9,verificado
The Power,Rock argentino,Snap!,Español,1990,6.9,verificado
Lies,Rock argentino,En Vogue,Español,1990,6.9,verificado
Suicide Blonde,Rock argentino,INXS,Español,1990,6.9,verificado
Peach,Rock argentino,Prince,Español,1993,6.9,verificado
More Than Words,Rock argentino,Extreme,Español,1990,6.9,verificado
Just a Man,Rock argentino,Faith No More,Español,1995,6.9,verificado
What a Day,Rock argentino,Faith No More,Español,1995,6.9,verificado
Cuckoo for Caca,Rock argentino,Faith No More,Español,1995,6.9,verificado
Ugly in the Morning,Rock argentino,Faith No More,Español,1995,6.9,verificado
Oh Yes,Hip hop,Whitney Houston,Español,1998,6.9,verificado
I Bow Out,Hip hop,Whitney Houston,Español,1998,6.9,verificado
In My Business,Hip hop,Whitney Houston,Español,1998,6.9,verificado
Habit,Grunge,Pearl Jam,Español,1996,6.9,verificado
Last Kiss,Grunge,Pearl Jam,Español,1998,6.9,verificado
Low Place Like Home,Grunge,Sneaker Pimps,Español,1996,6.9,verificado
Bitch,Grunge,Sevendust,Español,1999,6.9,verificado
All in the Family ( ),Rap,Korn,Español,1998,6.9,verificado
Lies,Rap,Korn,Español,1994,6.9,verificado
Divine,Rap,Korn,Español,1994,6.9,verificado
A Spell (For Money),House,Blur,Español,1997,6.9,verificado
Mrs. Robinson,House,The Lemonheads,Español,1992,6.9,verificado
Falling in Love Again,House,Eagle‐Eye Cherry,Español,1997,6.9,verificado
It’s Oh So Quiet,House,Björk,Español,1995,6.9,verificado
Cry in the Sun,Rock argentino,Better Than Ezra,Español,1993,6.8,verificado
Beeswax,Rock argentino,Nirvana,Español,1991,6.8,verificado
Hunger Strike,Rock argentino,Temple of the Dog,Español,1991,6.8,verificado
I Do (Cherish You),Rock argentino,98°,Español,1998,6.8,verificado
Love Me Still,Rock argentino,Chaka Khan,Español,1995,6.8,verificado
I Just Want to Be Happy,Rock argentino,Gloria Estefan,Español,1998,6.8,verificado
If,Rock argentino,Janet Jackson,Español,1993,6.8,verificado
Jack Jeckel,Rock argentino,Insane Clown Posse,Español,1999,6.8,verificado
King of Bongo,Rock argentino,Mano Negra,Español,1991,6.8,verificado
Don’t Let This Moment End,Rock argentino,Gloria Estefan,Español,1998,6.8,verificado
Exhale (Shoop Shoop),Rock argentino,Whitney Houston,Español,1995,6.8,verificado
Hold You Tight,Rock argentino,Tara Kemp,Español,1990,6.8,verificado
Heaven’s What I Feel,Rock argentino,Gloria Estefan,Español,1998,6.8,verificado
Bedrock Anthem,Rock argentino,“Weird Al” Yankovic,Español,1993,6.8,verificado
Planet Home,Rock argentino,Jamiroquai,Español,1999,6.8,verificado
Butterfly,Rock argentino,Jamiroquai,Español,1999,6.8,verificado
Talk Soup,Rock argentino,“Weird Al” Yankovic,Español,1993,6.8,verificado
Thieves in the Temple,Rock argentino,Prince,Español,1990,6.8,verificado
Return to Innocence,Rock argentino,Enigma,Español,1993,6.8,verificado
The Hitter,Grunge,Dover,Español,1999,6.8,verificado
Limo Wreck,Grunge,Soundgarden,Español,1994,6.8,verificado
Wet My Bed,Grunge,Stone Temple Pilots,Español,1992,6.8,verificado
Crackerman,Grunge,Stone Temple Pilots,Español,1992,6.8,verificado
Deep in It,Techno,St Germain,Español,1995,6.8,verificado
Justified and Ancient,Techno,The KLF,Español,1991,6.8,verificado
Through and Through,Grunge,Life of Agony,Español,1993,6.8,verificado
Think About the Way,Pop,Ice MC,Español,1994,6.8,verificado
Until the End of the World,House,U2,Español,1991,6.8,verificado
Dive,Rock argentino,Nirvana,Español,1990,6.7,verificado
You,Rock argentino,Radiohead,Español,1993,6.7,verificado
Waffle King,Rock argentino,“Weird Al” Yankovic,Español,1992,6.7,verificado
Rhinosaur,Rock argentino,Soundgarden,Español,1996,6.7,verificado
How Do You?,Rock argentino,Radiohead,Español,1993,6.7,verificado
"Here We Go, Let’s Rock & Roll",Rock argentino,C+C Music Factory,Español,1990,6.7,verificado
Doctor’s Orders,Rock argentino,Aretha Franklin,Español,1991,6.7,verificado
Runaway,Rock argentino,Janet Jackson,Español,1995,6.7,verificado
Set Your Loving Free,Rock argentino,Lisa Stansfield,Español,1991,6.7,verificado
Destitute Illusion,Rock argentino,Jamiroquai,Español,1999,6.7,verificado
Soul Deep,Rock argentino,Lisa Stansfield,Español,1991,6.7,verificado
Mysterons,Rock argentino,Portishead,Español,1998,6.7,verificado
Get It Back,Hip hop,Whitney Houston,Español,1998,6.7,verificado
Fable,Hip hop,Robert Miles,Español,1996,6.7,verificado
Lágrimas de oro,Reggae,Manu Chao,Español,1998,6.7,verificado
Seether,Grunge,Veruca Salt,Español,1994,6.7,verificado
Faith,Grunge,Limp Bizkit,Español,1997,6.7,verificado
No Excuses,Grunge,Alice in Chains,Español,1993,6.7,verificado
Going Down,Grunge,Godsmack,Español,1997,6.7,verificado
All I Want,Grunge,The Offspring,Español,1996,6.7,verificado
Follow You Down (edit),Hip hop,Gin Blossoms,Español,1996,6.7,verificado
Show Me Your Soul,Rap,Red Hot Chili Peppers,Español,1990,6.7,verificado
War Within a Breath,Rap,Rage Against the Machine,Español,1999,6.7,verificado
New Millennium Homes,Rap,Rage Against the Machine,Español,1999,6.7,verificado
Creep,House,Radiohead,Español,1992,6.7,verificado
Voodoo,Rock argentino,Godsmack,Español,1998,6.6,verificado
Rusty Cage,Rock argentino,Soundgarden,Español,1991,6.6,verificado
Spoonman,Rock argentino,Soundgarden,Español,1994,6.6,verificado
Anyone Can Play Guitar,Rock argentino,Radiohead,Español,1993,6.6,verificado
Vegetable,Rock argentino,Radiohead,Español,1993,6.6,verificado
Ripcord,Rock argentino,Radiohead,Español,1993,6.6,verificado
Prove Yourself,Rock argentino,Radiohead,Español,1993,6.6,verificado
I Can’t,Rock argentino,Radiohead,Español,1993,6.6,verificado
Island Lover,Rock argentino,Shaggy,Español,1995,6.6,verificado
In the Summertime,Rock argentino,Shaggy,Español,1995,6.6,verificado
Finger Smith,Rock argentino,Shaggy,Español,1995,6.6,verificado
Forgive Them Father,Rock argentino,Shaggy,Español,1995,6.6,verificado
Just a Touch of Love (Everyday),Rock argentino,C+C Music Factory,Español,1990,6.6,verificado
How Much More,Rock argentino,Shaggy,Español,1995,6.6,verificado
Things That Make You Go Hmmmm…,Rock argentino,C+C Music Factory,Español,1990,6.6,verificado
I Want You,Rock argentino,Madonna,Español,1995,6.6,verificado
Deep Ending,Rock argentino,Deee‐Lite,Español,1990,6.6,verificado
Smile On,Rock argentino,Deee‐Lite,Español,1990,6.6,verificado
Try Me On… I’m Very You,Rock argentino,Deee‐Lite,Español,1990,6.6,verificado
All Mine,Rock argentino,Portishead,Español,1997,6.6,verificado
One More Chance,Rock argentino,Madonna,Español,1995,6.6,verificado
World Clique,Rock argentino,Deee‐Lite,Español,1990,6.6,verificado
Is It Scary,Rock argentino,Michael Jackson,Español,1997,6.6,verificado
Emotions,Rock argentino,Mariah Carey,Español,1991,6.6,verificado
Smile,Rock argentino,Michael Jackson,Español,1995,6.6,verificado
Heal the World,Rock argentino,Michael Jackson,Español,1991,6.6,verificado
Like a Tattoo,Rock argentino,Sade,Español,1992,6.6,verificado
First Joy,Rock argentino,Lisa Stansfield,Español,1991,6.6,verificado
Tenderly,Rock argentino,Lisa Stansfield,Español,1991,6.6,verificado
It’s Got to Be Real,Rock argentino,Lisa Stansfield,Español,1991,6.6,verificado
Make Love to Ya,Rock argentino,Lisa Stansfield,Español,1991,6.6,verificado
Symptoms of Loneliness & Heartache,Rock argentino,Lisa Stansfield,Español,1991,6.6,verificado
I Will Be Waiting,Rock argentino,Lisa Stansfield,Español,1991,6.6,verificado
Time to Make You Mine,Rock argentino,Lisa Stansfield,Español,1991,6.6,verificado
All Woman,Rock argentino,Lisa Stansfield,Español,1991,6.6,verificado
Real Love,Rock argentino,Lisa Stansfield,Español,1991,6.6,verificado
A Little More Love,Rock argentino,Lisa Stansfield,Español,1991,6.6,verificado
"Sadeness, Part I",Rock argentino,Enigma,Español,1990,6.6,verificado
A través de tus ojos,Cumbia,Los Bukis,Inglés,1991,6.6,verificado
Chiquilla bonita,Cumbia,Los Bukis,Inglés,1991,6.6,verificado
Dos,Cumbia,Los Bukis,Inglés,1991,6.6,verificado
Después de un adiós,Cumbia,Los Bukis,Inglés,1991,6.6,verificado
Mi deseo,Cumbia,Los Bukis,Inglés,1991,6.6,verificado
You’ll Never Stand Alone,Hip hop,Whitney Houston,Español,1998,6.6,verificado
Until You Come Back,Hip hop,Whitney Houston,Español,1998,6.6,verificado
Get Down (You’re the One for Me),Rap,Backstreet Boys,Español,1996,6.6,verificado
Don’t Push,Reggae,Sublime,Español,1990,6.6,verificado
Ball and Chain,Reggae,Sublime,Español,1990,6.6,verificado
Slow Ride,Reggae,Sublime,Español,1990,6.6,verificado
Stinkfinger,Grunge,Limp Bizkit,Español,1997,6.6,verificado
Sour,Grunge,Limp Bizkit,Español,1997,6.6,verificado
Alcohol,Grunge,Barenaked Ladies,Español,1998,6.6,verificado
Nobody Loves Me,Grunge,Limp Bizkit,Español,1997,6.6,verificado
Indigo Flow,Grunge,Limp Bizkit,Español,1997,6.6,verificado
Stuck,Grunge,Limp Bizkit,Español,1997,6.6,verificado
Everything,Grunge,Limp Bizkit,Español,1997,6.6,verificado
Clunk,Grunge,Limp Bizkit,Español,1997,6.6,verificado
Stalemate,Grunge,Limp Bizkit,Español,1997,6.6,verificado
Counterfeit,Grunge,Limp Bizkit,Español,1997,6.6,verificado
Ashes in the Fall,Rap,Rage Against the Machine,Español,1999,6.6,verificado
Born as Ghosts,Rap,Rage Against the Machine,Español,1999,6.6,verificado
Unsung,Rock argentino,Helmet,Español,1991,6.5,verificado
Stop Whispering,Rock argentino,Radiohead,Español,1993,6.5,verificado
Blow Out,Rock argentino,Radiohead,Español,1993,6.5,verificado
"Endless, Nameless",Rock argentino,Nirvana,Español,1991,6.5,verificado
Desperately Wanting,Rock argentino,Better Than Ezra,Español,1996,6.5,verificado
Would?,Rock argentino,Alice in Chains,Español,1992,6.5,verificado
Lurgee,Rock argentino,Radiohead,Español,1992,6.5,verificado
Day Oh,Rock argentino,Shaggy,Español,1995,6.5,verificado
Woman a Pressure Me,Rock argentino,Shaggy,Español,1995,6.5,verificado
Jenny,Rock argentino,Shaggy,Español,1995,6.5,verificado
Please Don’t Go,Rock argentino,Boyz II Men,Español,1991,6.5,verificado
Beetlebum,Rock argentino,Blur,Español,1997,6.5,verificado
Change,Rock argentino,Lisa Stansfield,Español,1991,6.5,verificado
Discothèque,Rock argentino,U2,Español,1997,6.5,verificado
Nothing Really Matters,Rock argentino,Madonna,Español,1998,6.5,verificado
Snug Harbor,Grunge,Sugar Ray,Español,1995,6.5,verificado
Rhyme Stealer,Grunge,Sugar Ray,Español,1995,6.5,verificado
Big Night Out,Hip hop,Fun Lovin’ Criminals,Español,1998,6.5,verificado
The Sweetest Thing,Hip hop,Refugee Camp Allstars,Español,1997,6.5,verificado
We’ve Got It Goin’ On (radio edit),Rap,Backstreet Boys,Español,1995,6.5,verificado
Stop the Rock,Techno,Apollo 440,Español,1999,6.5,verificado
New Song,Reggae,Sublime,Español,1991,6.5,verificado
Je ne t’aime plus,Reggae,Manu Chao,Español,1998,6.5,verificado
Por el suelo,Reggae,Manu Chao,Español,1998,6.5,verificado
Día luna… día pena,Reggae,Manu Chao,Español,1998,6.5,verificado
Lets Go Get Stoned,Reggae,Sublime,Español,1995,6.5,verificado
La despedida,Reggae,Manu Chao,Español,1998,6.5,verificado
La vie à 2,Reggae,Manu Chao,Español,1998,6.5,verificado
Some Fantastic,Grunge,Barenaked Ladies,Español,1998,6.5,verificado
Waterbaby,Grunge,Sneaker Pimps,Español,1996,6.5,verificado
The World I Know,Grunge,Collective Soul,Español,1995,6.5,verificado
Never Is Enough,Grunge,Barenaked Ladies,Español,1998,6.5,verificado
I’ll Be That Girl,Grunge,Barenaked Ladies,Español,1998,6.5,verificado
Told You So,Grunge,Barenaked Ladies,Español,1998,6.5,verificado
Who Needs Sleep?,Grunge,Barenaked Ladies,Español,1998,6.5,verificado
Light Up My Room,Grunge,Barenaked Ladies,Español,1998,6.5,verificado
When You Dream,Grunge,Barenaked Ladies,Español,1998,6.5,verificado
In the Car,Grunge,Barenaked Ladies,Español,1998,6.5,verificado
Pollution,Grunge,Limp Bizkit,Español,1997,6.5,verificado
Leave,Grunge,Barenaked Ladies,Español,1998,6.5,verificado
All I’ve Ever Wanted,Hip hop,Mariah Carey,Español,1993,6.5,verificado
Testify,Rap,Rage Against the Machine,Español,1999,6.5,verificado
Staring at the Sun,Rock argentino,The Offspring,Español,1998,6.4,verificado
Take a Picture,Rock argentino,Filter,Español,1999,6.4,verificado
Americana,Rock argentino,The Offspring,Español,1998,6.4,verificado
Welcome,Rock argentino,The Offspring,Español,1998,6.4,verificado
Have You Ever,Rock argentino,The Offspring,Español,1998,6.4,verificado
Heartbreaker,Rock argentino,Mariah Carey,Español,1999,6.4,verificado
Love Takes Time,Rock argentino,Mariah Carey,Español,1990,6.4,verificado
Money (Fire Island radio edit),Rock argentino,Michael Jackson,Español,1997,6.4,verificado
Earth Song (Hani's club Experience),Rock argentino,Michael Jackson,Español,1995,6.4,verificado
Gimme tha Power,Rock argentino,Molotov,Español,1997,6.4,verificado
Rain,Rock argentino,Madonna,Español,1992,6.4,verificado
This Time Around,Rock argentino,Michael Jackson,Español,1995,6.4,verificado
Morphine,Rock argentino,Michael Jackson,Español,1997,6.4,verificado
Tabloid Junkie,Rock argentino,Michael Jackson,Español,1995,6.4,verificado
I’ll Be There,Rock argentino,Mariah Carey,Español,1992,6.4,verificado
Into the Blue,Rock argentino,Moby,Español,1995,6.4,verificado
Baila esta cumbia,Cumbia,Selena,Inglés,1991,6.4,verificado
El cepillo,Cumbia,Fulanito,Inglés,1997,6.4,verificado
Man in the Box,Grunge,Alice in Chains,Español,1990,6.4,verificado
It’s Not Right but It’s Okay,Hip hop,Whitney Houston,Español,1998,6.4,verificado
Just to Be Close to You,Hip hop,Backstreet Boys,Español,1996,6.4,verificado
Darlin’,Hip hop,Backstreet Boys,Español,1996,6.4,verificado
Malegría,Reggae,Manu Chao,Español,1998,6.4,verificado
El viento,Reggae,Manu Chao,Español,1998,6.4,verificado
Welcome to Tijuana,Reggae,Manu Chao,Español,1998,6.4,verificado
Desaparecido,Reggae,Manu Chao,Español,1998,6.4,verificado
Full Circle,Grunge,Collective Soul,Español,1997,6.4,verificado
Giving,Grunge,Collective Soul,Español,1997,6.4,verificado
Crowded Head,Grunge,Collective Soul,Español,1997,6.4,verificado
Listen,Grunge,Collective Soul,Español,1997,6.4,verificado
Outro / Radio Sucks / The Mind of Les,Grunge,Limp Bizkit,Español,1999,6.4,verificado
Everything,Grunge,Collective Soul,Español,1997,6.4,verificado
Link,Grunge,Collective Soul,Español,1997,6.4,verificado
Show Me What You Got,Grunge,Limp Bizkit,Español,1999,6.4,verificado
Maybe,Grunge,Collective Soul,Español,1997,6.4,verificado
Come Out and Play,Grunge,The Offspring,Español,1994,6.4,verificado
Sappy,Grunge,Nirvana,Español,1993,6.4,verificado
Intro,Grunge,Limp Bizkit,Español,1999,6.4,verificado
Just to Hold You Once Again,Hip hop,Mariah Carey,Español,1993,6.4,verificado
I’ve Been Thinking About You,Hip hop,Mariah Carey,Español,1993,6.4,verificado
Without a Face,Hip hop,Rage Against the Machine,Español,1996,6.4,verificado
Roll Right,Hip hop,Rage Against the Machine,Español,1996,6.4,verificado
Music Box,Hip hop,Mariah Carey,Español,1993,6.4,verificado
Vietnow,Hip hop,Rage Against the Machine,Español,1996,6.4,verificado
Year of tha Boomerang,Hip hop,Rage Against the Machine,Español,1996,6.4,verificado
Surf Wax America,Reggae,Weezer,Español,1994,6.4,verificado
I Alone,Rock argentino,Live,Español,1994,6.3,verificado
Walla Walla,Rock argentino,The Offspring,Español,1998,6.3,verificado
Thinking About You,Rock argentino,Radiohead,Español,1993,6.3,verificado
Stoned,Rock argentino,Smash Mouth,Español,1999,6.3,verificado
No Brakes,Rock argentino,The Offspring,Español,1998,6.3,verificado
Smells Like Nirvana,Rock argentino,“Weird Al” Yankovic,Español,1992,6.3,verificado
The End of the Line,Rock argentino,The Offspring,Español,1998,6.3,verificado
HIStory,Rock argentino,Michael Jackson,Español,1995,6.3,verificado
This Used to Be My Playground,Rock argentino,Madonna,Español,1992,6.3,verificado
Money,Rock argentino,Michael Jackson,Español,1995,6.3,verificado
Take a Bow,Rock argentino,Madonna,Español,1994,6.3,verificado
Life (radio edit),Rock argentino,Haddaway,Español,1992,6.3,verificado
Come Together,Rock argentino,Michael Jackson,Español,1992,6.3,verificado
Alternative Girlfriend,Grunge,Barenaked Ladies,Español,1994,6.3,verificado
Supervixen,Grunge,Garbage,Español,1995,6.3,verificado
7 Seconds,Hip hop,Youssou N’Dour,Español,1993,6.3,verificado
Cantaloop (Flip Fantasia) (edit),Hip hop,Us3,Español,1992,6.3,verificado
Nobody but You,Hip hop,Backstreet Boys,Español,1996,6.3,verificado
Mama Call,Reggae,Manu Chao,Español,1998,6.3,verificado
When You Believe,Reggae,Mariah Carey,Español,1998,6.3,verificado
It’s All Been Done,Grunge,Barenaked Ladies,Español,1998,6.3,verificado
N 2 Gether Now,Grunge,Limp Bizkit,Español,1999,6.3,verificado
Trust?,Grunge,Limp Bizkit,Español,1999,6.3,verificado
Disciplined Breakdown,Grunge,Collective Soul,Español,1997,6.3,verificado
Nobody Like You,Grunge,Limp Bizkit,Español,1999,6.3,verificado
A Lesson Learned,Grunge,Limp Bizkit,Español,1999,6.3,verificado
Don’t Go Off Wandering,Grunge,Limp Bizkit,Español,1999,6.3,verificado
Nookie,Grunge,Limp Bizkit,Español,1999,6.3,verificado
Just Like This,Grunge,Limp Bizkit,Español,1999,6.3,verificado
I’m Broke,Grunge,Limp Bizkit,Español,1999,6.3,verificado
9 Teen 90 Nine,Grunge,Limp Bizkit,Español,1999,6.3,verificado
Now That I Know,Hip hop,Mariah Carey,Español,1993,6.3,verificado
Mic Check,Hip hop,Rage Against the Machine,Español,1999,6.3,verificado
Breakdown,Hip hop,Mariah Carey,Español,1997,6.3,verificado
Born of a Broken Man,Hip hop,Rage Against the Machine,Español,1999,6.3,verificado
One & One,Pop,Robert Miles,Español,1996,6.3,verificado
Eleutheria,Reggae,Lenny Kravitz,Español,1993,6.3,verificado
Come to Me,Rock argentino,Björk,Español,1993,6.2,verificado
Break Stuff,Rock argentino,Limp Bizkit,Español,1999,6.2,verificado
Self Esteem,Rock argentino,The Offspring,Español,1994,6.2,verificado
Crying,Rock argentino,Björk,Español,1993,6.2,verificado
Superfly Sister,Rock argentino,Michael Jackson,Español,1997,6.2,verificado
Little Susie,Rock argentino,Michael Jackson,Español,1995,6.2,verificado
D.S.,Rock argentino,Michael Jackson,Español,1995,6.2,verificado
She Drives Me Wild,Rock argentino,Michael Jackson,Español,1991,6.2,verificado
Dangerous,Rock argentino,Michael Jackson,Español,1991,6.2,verificado
2 Bad,Rock argentino,Michael Jackson,Español,1995,6.2,verificado
You’ll See,Rock argentino,Madonna,Español,1995,6.2,verificado
Cosmic Tree,Hip hop,4hero,Español,1998,6.2,verificado
Push,Grunge,Smash Mouth,Español,1997,6.2,verificado
Padrino,Grunge,Smash Mouth,Español,1997,6.2,verificado
Tesko Suicide,Grunge,Sneaker Pimps,Español,1996,6.2,verificado
No Sex,Grunge,Limp Bizkit,Español,1999,6.2,verificado
The Fonz,Grunge,Smash Mouth,Español,1997,6.2,verificado
Be Mine,Grunge,R.E.M.,Español,1996,6.2,verificado
F.O.D. / All by Myself,Grunge,Green Day,Español,1994,6.2,verificado
Close My Eyes,Hip hop,Mariah Carey,Español,1997,6.2,verificado
Butterfly,Hip hop,Mariah Carey,Español,1997,6.2,verificado
Voice of the Voiceless,Hip hop,Rage Against the Machine,Español,1999,6.2,verificado
Fly Away (Butterfly reprise),Hip hop,Mariah Carey,Español,1997,6.2,verificado
Fourth of July,Hip hop,Mariah Carey,Español,1997,6.2,verificado
Like Someone in Love,Rock argentino,Björk,Español,1993,6.1,verificado
Big Time Sensuality,Rock argentino,Björk,Español,1993,6.1,verificado
Violently Happy,Rock argentino,Björk,Español,1993,6.1,verificado
Cats in the Cradle,Rock argentino,Ugly Kid Joe,Español,1992,6.1,verificado
You’re Makin Me High,Rock argentino,Toni Braxton,Español,1996,6.1,verificado
Hero,Rock argentino,Mariah Carey,Español,1993,6.1,verificado
Back & Forth,Rock argentino,Aaliyah,Español,1994,6.1,verificado
I Just Wanna See,Grunge,Smash Mouth,Español,1999,6.1,verificado
Along Comes Mary,Grunge,Bloodhound Gang,Español,1998,6.1,verificado
Wake Up,Grunge,Alanis Morissette,Español,1995,6.1,verificado
Snakecharmer,Hip hop,Rage Against the Machine,Español,1996,6.1,verificado
Revolver,Hip hop,Rage Against the Machine,Español,1996,6.1,verificado
Tire Me,Hip hop,Rage Against the Machine,Español,1996,6.1,verificado
Whenever You Call,Hip hop,Mariah Carey,Español,1997,6.1,verificado
"What’s the Frequency, Kenneth?",Rock argentino,R.E.M.,Español,1994,6.0,verificado
Isobel,Rock argentino,Björk,Español,1995,6.0,verificado
Stop,Rock argentino,Spice Girls,Español,1997,6.0,verificado
Remember the Time,Rock argentino,Michael Jackson,Español,1991,6.0,verificado
…Baby One More Time,Rock argentino,Britney Spears,Español,1998,6.0,verificado
I’ll Remember,Rock argentino,Madonna,Español,1994,6.0,verificado
Dreams,Rock argentino,Gabrielle,Español,1993,6.0,verificado
I’m Every Woman,Rock argentino,Whitney Houston,Español,1992,6.0,verificado
I Could Fall in Love,Cumbia,Selena,Inglés,1995,6.0,verificado
Only Happy When It Rains,Grunge,Garbage,Español,1995,6.0,verificado
Having a Blast,Grunge,Green Day,Español,1994,6.0,verificado
Pulling Teeth,Grunge,Green Day,Español,1994,6.0,verificado
Let’s Rock,Grunge,Smash Mouth,Español,1997,6.0,verificado
Emenius Sleepus,Grunge,Green Day,Español,1994,6.0,verificado
In the End,Grunge,Green Day,Español,1994,6.0,verificado
Burnout,Grunge,Green Day,Español,1994,6.0,verificado
Coming Clean,Grunge,Green Day,Español,1994,6.0,verificado
Chump,Grunge,Green Day,Español,1994,6.0,verificado
Calm Like a Bomb,Hip hop,Rage Against the Machine,Español,1999,6.0,verificado
Killing in the Name,Rock argentino,Rage Against the Machine,Español,1992,5.9,verificado
My All,Rock argentino,Mariah Carey,Español,1997,5.9,verificado
You Oughta Know (Jimmy the Saint blend) / Your House (a cappella),Grunge,Alanis Morissette,Español,1995,5.9,verificado
In My Dreams,Pop,Robert Miles,Español,1996,5.9,verificado
Red Zone,Pop,Robert Miles,Español,1996,5.9,verificado
"Hold Me, Thrill Me, Kiss Me, Kill Me",Rock argentino,U2,Español,1995,5.8,verificado
Don’t Let the Sun Go Down on Me,Rock argentino,Oleta Adams,Español,1991,5.8,verificado
Jumpi,Cumbia,Sergent Garcia,Inglés,1999,5.8,verificado
Amor pa' mí,Cumbia,Sergent Garcia,Inglés,1999,5.8,verificado
Cotton Eye Joe,Pop,Rednex,Español,1994,5.8,verificado
Show Me the Meaning of Being Lonely,Pop,Backstreet Boys,Español,1999,5.8,verificado
Some Might Say,Rock argentino,Oasis,Español,1995,5.7,verificado
I Have Nothing,Rock argentino,Whitney Houston,Español,1992,5.7,verificado
Longview,Grunge,Green Day,Español,1993,5.7,verificado
Acabar mal,Cumbia,Sergent Garcia,Inglés,1999,5.4,verificado
